{"level":30,"time":1778755057341,"pid":9167,"hostname":"Chizobas-MacBook-Pro-2.local","type":"AUDIT","action":"LOGIN_FAILED_INVALID_PASSWORD","userId":2,"resource":"AUTH","resourceId":"2","metadata":{"email":"chizobacokonkwo@gmail.com","username":"cindymum"},"timestamp":"2026-05-14T10:37:37.341Z"}
{"level":30,"time":1778755057395,"pid":9167,"hostname":"Chizobas-MacBook-Pro-2.local","type":"AUDIT","action":"LOGIN_SUCCESS","userId":2,"resource":"AUTH","resourceId":"2","metadata":{"email":"chizobacokonkwo@gmail.com","username":"cindymum"},"timestamp":"2026-05-14T10:37:37.395Z"}
{"level":30,"time":1778756963019,"pid":9167,"hostname":"Chizobas-MacBook-Pro-2.local","type":"AUDIT","action":"LOGIN_FAILED_INVALID_PASSWORD","userId":2,"resource":"AUTH","resourceId":"2","metadata":{"email":"chizobacokonkwo@gmail.com","username":"cindymum"},"timestamp":"2026-05-14T11:09:23.019Z"}
{"level":30,"time":1778756963038,"pid":9167,"hostname":"Chizobas-MacBook-Pro-2.local","type":"AUDIT","action":"LOGIN_SUCCESS","userId":2,"resource":"AUTH","resourceId":"2","metadata":{"email":"chizobacokonkwo@gmail.com","username":"cindymum"},"timestamp":"2026-05-14T11:09:23.038Z"}
{"level":30,"time":1778756975223,"pid":9167,"hostname":"Chizobas-MacBook-Pro-2.local","type":"AUDIT","action":"LOGIN_FAILED_INVALID_PASSWORD","userId":2,"resource":"AUTH","resourceId":"2","metadata":{"email":"chizobacokonkwo@gmail.com","username":"cindymum"},"timestamp":"2026-05-14T11:09:35.223Z"}
{"level":30,"time":1778756975234,"pid":9167,"hostname":"Chizobas-MacBook-Pro-2.local","type":"AUDIT","action":"LOGIN_SUCCESS","userId":2,"resource":"AUTH","resourceId":"2","metadata":{"email":"chizobacokonkwo@gmail.com","username":"cindymum"},"timestamp":"2026-05-14T11:09:35.234Z"}
{"level":30,"time":1778759645812,"pid":11555,"hostname":"Chizobas-MacBook-Pro-2.local","msg":"Audit system initialized"}
{"level":30,"time":1778781243434,"pid":13071,"hostname":"MacBookPro","msg":"Audit system initialized"}
{"level":30,"time":1778782039826,"pid":13071,"hostname":"MacBookPro","type":"AUDIT","action":"LOGIN_FAILED_INVALID_PASSWORD","userId":2,"resource":"AUTH","resourceId":"2","metadata":{"email":"chizobacokonkwo@gmail.com","username":"cindymum"},"timestamp":"2026-05-14T18:07:19.826Z"}
{"level":30,"time":1778782039891,"pid":13071,"hostname":"MacBookPro","type":"AUDIT","action":"LOGIN_SUCCESS","userId":2,"resource":"AUTH","resourceId":"2","metadata":{"email":"chizobacokonkwo@gmail.com","username":"cindymum"},"timestamp":"2026-05-14T18:07:19.891Z"}
{"level":30,"time":1778782353653,"pid":13071,"hostname":"MacBookPro","type":"AUDIT","action":"LOGIN_FAILED_INVALID_PASSWORD","userId":2,"resource":"AUTH","resourceId":"2","metadata":{"email":"chizobacokonkwo@gmail.com","username":"cindymum"},"timestamp":"2026-05-14T18:12:33.653Z"}
{"level":30,"time":1778782353673,"pid":13071,"hostname":"MacBookPro","type":"AUDIT","action":"LOGIN_SUCCESS","userId":2,"resource":"AUTH","resourceId":"2","metadata":{"email":"chizobacokonkwo@gmail.com","username":"cindymum"},"timestamp":"2026-05-14T18:12:33.673Z"}
{"level":30,"time":1778864566580,"pid":4225,"hostname":"MacBookPro","msg":"Audit system initialized"}
{"level":30,"time":1778864586071,"pid":4225,"hostname":"MacBookPro","type":"AUDIT","action":"LOGIN_FAILED_INVALID_PASSWORD","userId":2,"resource":"AUTH","resourceId":"2","metadata":{"email":"chizobacokonkwo@gmail.com","username":"cindymum"},"timestamp":"2026-05-15T17:03:06.070Z"}
{"level":30,"time":1778864586111,"pid":4225,"hostname":"MacBookPro","type":"AUDIT","action":"LOGIN_SUCCESS","userId":2,"resource":"AUTH","resourceId":"2","metadata":{"email":"chizobacokonkwo@gmail.com","username":"cindymum"},"timestamp":"2026-05-15T17:03:06.111Z"}
{"level":30,"time":1778865023388,"pid":4225,"hostname":"MacBookPro","type":"AUDIT","action":"LOGIN_FAILED_INVALID_PASSWORD","userId":2,"resource":"AUTH","resourceId":"2","metadata":{"email":"chizobacokonkwo@gmail.com","username":"cindymum"},"timestamp":"2026-05-15T17:10:23.388Z"}
{"level":30,"time":1778865023436,"pid":4225,"hostname":"MacBookPro","type":"AUDIT","action":"LOGIN_SUCCESS","userId":2,"resource":"AUTH","resourceId":"2","metadata":{"email":"chizobacokonkwo@gmail.com","username":"cindymum"},"timestamp":"2026-05-15T17:10:23.436Z"}
{"level":30,"time":1778865049909,"pid":4225,"hostname":"MacBookPro","type":"AUDIT","action":"LOGIN_FAILED_INVALID_PASSWORD","userId":2,"resource":"AUTH","resourceId":"2","metadata":{"email":"chizobacokonkwo@gmail.com","username":"cindymum"},"timestamp":"2026-05-15T17:10:49.909Z"}
{"level":30,"time":1778865049926,"pid":4225,"hostname":"MacBookPro","type":"AUDIT","action":"LOGIN_SUCCESS","userId":2,"resource":"AUTH","resourceId":"2","metadata":{"email":"chizobacokonkwo@gmail.com","username":"cindymum"},"timestamp":"2026-05-15T17:10:49.926Z"}
{"level":30,"time":1778865809253,"pid":4225,"hostname":"MacBookPro","type":"AUDIT","action":"LOGIN_FAILED_INVALID_PASSWORD","userId":2,"resource":"AUTH","resourceId":"2","metadata":{"email":"chizobacokonkwo@gmail.com","username":"cindymum"},"timestamp":"2026-05-15T17:23:29.253Z"}
{"level":30,"time":1778865809328,"pid":4225,"hostname":"MacBookPro","type":"AUDIT","action":"LOGIN_SUCCESS","userId":2,"resource":"AUTH","resourceId":"2","metadata":{"email":"chizobacokonkwo@gmail.com","username":"cindymum"},"timestamp":"2026-05-15T17:23:29.328Z"}
{"level":30,"time":1778867178467,"pid":4225,"hostname":"MacBookPro","type":"AUDIT","action":"LOGIN_FAILED_INVALID_PASSWORD","userId":2,"resource":"AUTH","resourceId":"2","metadata":{"email":"chizobacokonkwo@gmail.com","username":"cindymum"},"timestamp":"2026-05-15T17:46:18.467Z"}
{"level":30,"time":1778867178508,"pid":4225,"hostname":"MacBookPro","type":"AUDIT","action":"LOGIN_SUCCESS","userId":2,"resource":"AUTH","resourceId":"2","metadata":{"email":"chizobacokonkwo@gmail.com","username":"cindymum"},"timestamp":"2026-05-15T17:46:18.508Z"}
{"level":30,"time":1778867672627,"pid":4225,"hostname":"MacBookPro","type":"AUDIT","action":"LOGIN_FAILED_INVALID_PASSWORD","userId":2,"resource":"AUTH","resourceId":"2","metadata":{"email":"chizobacokonkwo@gmail.com","username":"cindymum"},"timestamp":"2026-05-15T17:54:32.627Z"}
{"level":30,"time":1778867672653,"pid":4225,"hostname":"MacBookPro","type":"AUDIT","action":"LOGIN_SUCCESS","userId":2,"resource":"AUTH","resourceId":"2","metadata":{"email":"chizobacokonkwo@gmail.com","username":"cindymum"},"timestamp":"2026-05-15T17:54:32.653Z"}
{"level":30,"time":1778868622323,"pid":8393,"hostname":"MacBookPro","msg":"Audit system initialized"}
{"level":30,"time":1778868633416,"pid":8393,"hostname":"MacBookPro","type":"AUDIT","action":"LOGIN_FAILED_INVALID_PASSWORD","userId":2,"resource":"AUTH","resourceId":"2","metadata":{"email":"chizobacokonkwo@gmail.com","username":"cindymum"},"timestamp":"2026-05-15T18:10:33.416Z"}
{"level":30,"time":1778868633484,"pid":8393,"hostname":"MacBookPro","type":"AUDIT","action":"LOGIN_SUCCESS","userId":2,"resource":"AUTH","resourceId":"2","metadata":{"email":"chizobacokonkwo@gmail.com","username":"cindymum"},"timestamp":"2026-05-15T18:10:33.484Z"}
{"level":30,"time":1778868986496,"pid":8975,"hostname":"MacBookPro","msg":"Audit system initialized"}
{"level":30,"time":1778868989887,"pid":8975,"hostname":"MacBookPro","type":"AUDIT","action":"LOGIN_FAILED_INVALID_PASSWORD","userId":2,"resource":"AUTH","resourceId":"2","metadata":{"email":"chizobacokonkwo@gmail.com","username":"cindymum"},"timestamp":"2026-05-15T18:16:29.887Z"}
{"level":30,"time":1778868989914,"pid":8975,"hostname":"MacBookPro","type":"AUDIT","action":"LOGIN_SUCCESS","userId":2,"resource":"AUTH","resourceId":"2","metadata":{"email":"chizobacokonkwo@gmail.com","username":"cindymum"},"timestamp":"2026-05-15T18:16:29.914Z"}
{"level":30,"time":1778951843012,"pid":12695,"hostname":"MacBookPro","msg":"Audit system initialized"}
{"level":30,"time":1778952055216,"pid":12695,"hostname":"MacBookPro","type":"AUDIT","action":"LOGIN_FAILED_INVALID_PASSWORD","userId":2,"resource":"AUTH","resourceId":"2","metadata":{"email":"chizobacokonkwo@gmail.com","username":"cindymum"},"timestamp":"2026-05-16T17:20:55.215Z"}
{"level":30,"time":1778952055258,"pid":12695,"hostname":"MacBookPro","type":"AUDIT","action":"LOGIN_SUCCESS","userId":2,"resource":"AUTH","resourceId":"2","metadata":{"email":"chizobacokonkwo@gmail.com","username":"cindymum"},"timestamp":"2026-05-16T17:20:55.258Z"}
{"level":30,"time":1778952179145,"pid":12695,"hostname":"MacBookPro","type":"AUDIT","action":"PROJECT_CREATED","userId":2,"resource":"Project","resourceId":"12","metadata":{"name":"1","description":"23"},"timestamp":"2026-05-16T17:22:59.145Z"}
{"level":30,"time":1778952665203,"pid":12695,"hostname":"MacBookPro","type":"AUDIT","action":"LOGIN_FAILED_INVALID_PASSWORD","userId":2,"resource":"AUTH","resourceId":"2","metadata":{"email":"chizobacokonkwo@gmail.com","username":"cindymum"},"timestamp":"2026-05-16T17:31:05.203Z"}
{"level":30,"time":1778952665269,"pid":12695,"hostname":"MacBookPro","type":"AUDIT","action":"LOGIN_SUCCESS","userId":2,"resource":"AUTH","resourceId":"2","metadata":{"email":"chizobacokonkwo@gmail.com","username":"cindymum"},"timestamp":"2026-05-16T17:31:05.269Z"}
{"level":30,"time":1778952681166,"pid":12695,"hostname":"MacBookPro","type":"AUDIT","action":"PROJECT_CREATED","userId":2,"resource":"Project","resourceId":"13","metadata":{"name":"3","description":"23"},"timestamp":"2026-05-16T17:31:21.166Z"}
{"level":30,"time":1778952800880,"pid":13484,"hostname":"MacBookPro","msg":"Audit system initialized"}
{"level":30,"time":1778952812932,"pid":13484,"hostname":"MacBookPro","type":"AUDIT","action":"LOGIN_FAILED_INVALID_PASSWORD","userId":2,"resource":"AUTH","resourceId":"2","metadata":{"email":"chizobacokonkwo@gmail.com","username":"cindymum"},"timestamp":"2026-05-16T17:33:32.932Z"}
{"level":30,"time":1778952812960,"pid":13484,"hostname":"MacBookPro","type":"AUDIT","action":"LOGIN_SUCCESS","userId":2,"resource":"AUTH","resourceId":"2","metadata":{"email":"chizobacokonkwo@gmail.com","username":"cindymum"},"timestamp":"2026-05-16T17:33:32.960Z"}
{"level":30,"time":1778952963121,"pid":13484,"hostname":"MacBookPro","type":"AUDIT","action":"PROJECT_CREATED","userId":2,"resource":"Project","resourceId":"14","metadata":{"name":"mesmerize","description":"i just want to make sure validation works correctly"},"timestamp":"2026-05-16T17:36:03.121Z"}
{"level":30,"time":1778953016548,"pid":13693,"hostname":"MacBookPro","msg":"Audit system initialized"}
{"level":30,"time":1778953022582,"pid":13693,"hostname":"MacBookPro","type":"AUDIT","action":"LOGIN_FAILED_INVALID_PASSWORD","userId":2,"resource":"AUTH","resourceId":"2","metadata":{"email":"chizobacokonkwo@gmail.com","username":"cindymum"},"timestamp":"2026-05-16T17:37:02.582Z"}
{"level":30,"time":1778953022604,"pid":13693,"hostname":"MacBookPro","type":"AUDIT","action":"LOGIN_SUCCESS","userId":2,"resource":"AUTH","resourceId":"2","metadata":{"email":"chizobacokonkwo@gmail.com","username":"cindymum"},"timestamp":"2026-05-16T17:37:02.604Z"}
{"level":30,"time":1778953041239,"pid":13693,"hostname":"MacBookPro","type":"AUDIT","action":"PROJECT_CREATED","userId":2,"resource":"Project","resourceId":"15","metadata":{"name":"mesmerize me","description":"i just want to make sure validation works correctly"},"timestamp":"2026-05-16T17:37:21.239Z"}
{"level":30,"time":1779290746007,"pid":5578,"hostname":"MacBookPro","msg":"Audit system initialized"}
{"level":30,"time":1779291280485,"pid":5578,"hostname":"MacBookPro","type":"AUDIT","action":"LOGIN_FAILED_INVALID_PASSWORD","userId":2,"resource":"AUTH","resourceId":"2","metadata":{"email":"chizobacokonkwo@gmail.com","username":"cindymum"},"timestamp":"2026-05-20T15:34:40.485Z"}
{"level":30,"time":1779291280816,"pid":5578,"hostname":"MacBookPro","type":"AUDIT","action":"LOGIN_SUCCESS","userId":2,"resource":"AUTH","resourceId":"2","metadata":{"email":"chizobacokonkwo@gmail.com","username":"cindymum"},"timestamp":"2026-05-20T15:34:40.816Z"}
{"level":30,"time":1779291514705,"pid":6343,"hostname":"MacBookPro","msg":"Audit system initialized"}
{"level":30,"time":1779291910882,"pid":6343,"hostname":"MacBookPro","type":"AUDIT","action":"LOGIN_FAILED_INVALID_PASSWORD","userId":2,"resource":"AUTH","resourceId":"2","metadata":{"email":"chizobacokonkwo@gmail.com","username":"cindymum"},"timestamp":"2026-05-20T15:45:10.882Z"}
{"level":30,"time":1779291911063,"pid":6343,"hostname":"MacBookPro","type":"AUDIT","action":"LOGIN_SUCCESS","userId":2,"resource":"AUTH","resourceId":"2","metadata":{"email":"chizobacokonkwo@gmail.com","username":"cindymum"},"timestamp":"2026-05-20T15:45:11.063Z"}
{"level":30,"time":1779292762246,"pid":8152,"hostname":"MacBookPro","msg":"Audit system initialized"}
{"level":30,"time":1779292765990,"pid":8152,"hostname":"MacBookPro","type":"AUDIT","action":"LOGIN_FAILED_INVALID_PASSWORD","userId":2,"resource":"AUTH","resourceId":"2","metadata":{"email":"chizobacokonkwo@gmail.com","username":"cindymum"},"timestamp":"2026-05-20T15:59:25.990Z"}
{"level":30,"time":1779292766016,"pid":8152,"hostname":"MacBookPro","type":"AUDIT","action":"LOGIN_SUCCESS","userId":2,"resource":"AUTH","resourceId":"2","metadata":{"email":"chizobacokonkwo@gmail.com","username":"cindymum"},"timestamp":"2026-05-20T15:59:26.016Z"}
{"level":30,"time":1779293524688,"pid":8152,"hostname":"MacBookPro","type":"AUDIT","action":"LOGIN_FAILED_INVALID_PASSWORD","userId":2,"resource":"AUTH","resourceId":"2","metadata":{"email":"chizobacokonkwo@gmail.com","username":"cindymum"},"timestamp":"2026-05-20T16:12:04.687Z"}
{"level":30,"time":1779293524825,"pid":8152,"hostname":"MacBookPro","type":"AUDIT","action":"LOGIN_SUCCESS","userId":2,"resource":"AUTH","resourceId":"2","metadata":{"email":"chizobacokonkwo@gmail.com","username":"cindymum"},"timestamp":"2026-05-20T16:12:04.825Z"}
{"level":30,"time":1779293591054,"pid":8875,"hostname":"MacBookPro","msg":"Audit system initialized"}
{"level":30,"time":1779293593317,"pid":8875,"hostname":"MacBookPro","type":"AUDIT","action":"LOGIN_FAILED_INVALID_PASSWORD","userId":2,"resource":"AUTH","resourceId":"2","metadata":{"email":"chizobacokonkwo@gmail.com","username":"cindymum"},"timestamp":"2026-05-20T16:13:13.317Z"}
{"level":30,"time":1779293593338,"pid":8875,"hostname":"MacBookPro","type":"AUDIT","action":"LOGIN_SUCCESS","userId":2,"resource":"AUTH","resourceId":"2","metadata":{"email":"chizobacokonkwo@gmail.com","username":"cindymum"},"timestamp":"2026-05-20T16:13:13.338Z"}
{"level":30,"time":1779293647758,"pid":9005,"hostname":"MacBookPro","msg":"Audit system initialized"}
{"level":30,"time":1779293650549,"pid":9005,"hostname":"MacBookPro","type":"AUDIT","action":"LOGIN_FAILED_INVALID_PASSWORD","userId":2,"resource":"AUTH","resourceId":"2","metadata":{"email":"chizobacokonkwo@gmail.com","username":"cindymum"},"timestamp":"2026-05-20T16:14:10.549Z"}
{"level":30,"time":1779293650572,"pid":9005,"hostname":"MacBookPro","type":"AUDIT","action":"LOGIN_SUCCESS","userId":2,"resource":"AUTH","resourceId":"2","metadata":{"email":"chizobacokonkwo@gmail.com","username":"cindymum"},"timestamp":"2026-05-20T16:14:10.572Z"}
{"level":30,"time":1779293819265,"pid":9005,"hostname":"MacBookPro","type":"AUDIT","action":"TASK_CREATED","userId":2,"resource":"Task","resourceId":"9","metadata":{"title":"we've got this","description":"just trying to fix a bug","dueDate":"0026-05-19T23:46:25.000Z","status":"pending","project_id":5},"timestamp":"2026-05-20T16:16:59.265Z"}
{"level":30,"time":1779456639552,"pid":44975,"hostname":"Chizobas-MacBook-Pro-2.local","msg":"Audit system initialized"}
{"level":30,"time":1779456643139,"pid":44975,"hostname":"Chizobas-MacBook-Pro-2.local","type":"AUDIT","action":"USER_REGISTER","userId":14,"resource":"AUTH","resourceId":"14","metadata":{"email":"rlejean0@360.cn","username":"cindymum"},"timestamp":"2026-05-22T13:30:43.139Z"}
{"level":30,"time":1779460823120,"pid":44975,"hostname":"Chizobas-MacBook-Pro-2.local","type":"AUDIT","action":"LOGIN_FAILED_INVALID_PASSWORD","userId":14,"resource":"AUTH","resourceId":"14","metadata":{"email":"rlejean0@360.cn","username":"cindymum"},"timestamp":"2026-05-22T14:40:23.118Z"}
{"level":30,"time":1779460823237,"pid":44975,"hostname":"Chizobas-MacBook-Pro-2.local","type":"AUDIT","action":"LOGIN_SUCCESS","userId":14,"resource":"AUTH","resourceId":"14","metadata":{"email":"rlejean0@360.cn","username":"cindymum"},"timestamp":"2026-05-22T14:40:23.237Z"}
{"level":30,"time":1779460946657,"pid":53032,"hostname":"Chizobas-MacBook-Pro-2.local","msg":"Audit system initialized"}
{"level":30,"time":1779461591417,"pid":53032,"hostname":"Chizobas-MacBook-Pro-2.local","type":"AUDIT","action":"LOGIN_FAILED_INVALID_PASSWORD","userId":14,"resource":"AUTH","resourceId":"14","metadata":{"email":"rlejean0@360.cn","username":"cindymum"},"timestamp":"2026-05-22T14:53:11.417Z"}
{"level":30,"time":1779461591474,"pid":53032,"hostname":"Chizobas-MacBook-Pro-2.local","type":"AUDIT","action":"LOGIN_SUCCESS","userId":14,"resource":"AUTH","resourceId":"14","metadata":{"email":"rlejean0@360.cn","username":"cindymum"},"timestamp":"2026-05-22T14:53:11.474Z"}
{"level":30,"time":1779976196907,"pid":2212,"hostname":"MacBookPro","msg":"Audit system initialized"}
{"level":30,"time":1785336575703,"pid":99621,"hostname":"MacBookPro","msg":"Audit system initialized"}
{"level":30,"time":1785336661765,"pid":344,"hostname":"MacBookPro","msg":"Audit system initialized"}
{"level":30,"time":1785336852689,"pid":1498,"hostname":"MacBookPro","msg":"Audit system initialized"}
{"level":30,"time":1785336996144,"pid":3320,"hostname":"MacBookPro","msg":"Audit system initialized"}
{"level":30,"time":1785337576642,"pid":6164,"hostname":"MacBookPro","msg":"Audit system initialized"}
{"level":30,"time":1785337609206,"pid":6415,"hostname":"MacBookPro","msg":"Audit system initialized"}
{"level":30,"time":1785337627954,"pid":6624,"hostname":"MacBookPro","msg":"Audit system initialized"}
{"level":30,"time":1785338069428,"pid":8658,"hostname":"MacBookPro","msg":"Audit system initialized"}
{"level":30,"time":1785338581826,"pid":14777,"hostname":"MacBookPro","msg":"Audit system initialized"}
{"level":30,"time":1785338616587,"pid":15652,"hostname":"MacBookPro","msg":"Audit system initialized"}
{"level":30,"time":1785448579056,"pid":42347,"hostname":"MacBookPro","msg":"Audit system initialized"}
{"level":30,"time":1785448579722,"pid":42346,"hostname":"MacBookPro","msg":"Audit system initialized"}
{"level":30,"time":1785448668975,"pid":42874,"hostname":"MacBookPro","msg":"Audit system initialized"}
{"level":30,"time":1785448671200,"pid":42875,"hostname":"MacBookPro","msg":"Audit system initialized"}
{"level":30,"time":1785448674227,"pid":42875,"hostname":"MacBookPro","type":"AUDIT","action":"USER_REGISTER","userId":1,"resource":"AUTH","resourceId":"1","metadata":{"email":"test_1785448674119@example.com","username":"testuser_1785448674119"},"timestamp":"2026-07-30T21:57:54.227Z"}
{"level":30,"time":1785448674307,"pid":42875,"hostname":"MacBookPro","type":"AUDIT","action":"USER_REGISTER","userId":1,"resource":"AUTH","resourceId":"1","metadata":{"email":"test_1785448674275@example.com","username":"testuser_1785448674275"},"timestamp":"2026-07-30T21:57:54.307Z"}
{"level":30,"time":1785448674587,"pid":42875,"hostname":"MacBookPro","type":"AUDIT","action":"USER_REGISTER","userId":1,"resource":"AUTH","resourceId":"1","metadata":{"email":"test_1785448674560@example.com","username":"testuser_1785448674560"},"timestamp":"2026-07-30T21:57:54.587Z"}
{"level":30,"time":1785448674612,"pid":42875,"hostname":"MacBookPro","type":"AUDIT","action":"LOGIN_FAILED_INVALID_PASSWORD","userId":1,"resource":"AUTH","resourceId":"1","metadata":{"email":"test_1785448674560@example.com","username":"testuser_1785448674560"},"timestamp":"2026-07-30T21:57:54.612Z"}
{"level":30,"time":1785448674627,"pid":42875,"hostname":"MacBookPro","type":"AUDIT","action":"LOGIN_SUCCESS","userId":1,"resource":"AUTH","resourceId":"1","metadata":{"email":"test_1785448674560@example.com","username":"testuser_1785448674560"},"timestamp":"2026-07-30T21:57:54.627Z"}
{"level":30,"time":1785448674667,"pid":42875,"hostname":"MacBookPro","type":"AUDIT","action":"USER_REGISTER","userId":1,"resource":"AUTH","resourceId":"1","metadata":{"email":"test_1785448674640@example.com","username":"testuser_1785448674640"},"timestamp":"2026-07-30T21:57:54.667Z"}
{"level":30,"time":1785448674760,"pid":42875,"hostname":"MacBookPro","type":"AUDIT","action":"USER_REGISTER","userId":1,"resource":"AUTH","resourceId":"1","metadata":{"email":"test_1785448674735@example.com","username":"testuser_1785448674735"},"timestamp":"2026-07-30T21:57:54.760Z"}
{"level":30,"time":1785448674783,"pid":42875,"hostname":"MacBookPro","type":"AUDIT","action":"LOGIN_FAILED_INVALID_PASSWORD","userId":1,"resource":"AUTH","resourceId":"1","metadata":{"email":"test_1785448674735@example.com","username":"testuser_1785448674735"},"timestamp":"2026-07-30T21:57:54.783Z"}
{"level":30,"time":1785448674791,"pid":42875,"hostname":"MacBookPro","type":"AUDIT","action":"LOGIN_SUCCESS","userId":1,"resource":"AUTH","resourceId":"1","metadata":{"email":"test_1785448674735@example.com","username":"testuser_1785448674735"},"timestamp":"2026-07-30T21:57:54.791Z"}
{"level":30,"time":1785448674835,"pid":42875,"hostname":"MacBookPro","type":"AUDIT","action":"USER_REGISTER","userId":1,"resource":"AUTH","resourceId":"1","metadata":{"email":"test_1785448674803@example.com","username":"testuser_1785448674803"},"timestamp":"2026-07-30T21:57:54.835Z"}
{"level":30,"time":1785448674934,"pid":42875,"hostname":"MacBookPro","type":"AUDIT","action":"USER_REGISTER","userId":1,"resource":"AUTH","resourceId":"1","metadata":{"email":"test_1785448674899@example.com","username":"testuser_1785448674899"},"timestamp":"2026-07-30T21:57:54.934Z"}
{"level":30,"time":1785448674956,"pid":42875,"hostname":"MacBookPro","type":"AUDIT","action":"LOGIN_FAILED_INVALID_PASSWORD","userId":1,"resource":"AUTH","resourceId":"1","metadata":{"email":"test_1785448674899@example.com","username":"testuser_1785448674899"},"timestamp":"2026-07-30T21:57:54.956Z"}
{"level":30,"time":1785448674964,"pid":42875,"hostname":"MacBookPro","type":"AUDIT","action":"LOGIN_SUCCESS","userId":1,"resource":"AUTH","resourceId":"1","metadata":{"email":"test_1785448674899@example.com","username":"testuser_1785448674899"},"timestamp":"2026-07-30T21:57:54.964Z"}
{"level":30,"time":1785448674985,"pid":42875,"hostname":"MacBookPro","type":"AUDIT","action":"LOGIN_FAILED_INVALID_PASSWORD","userId":1,"resource":"AUTH","resourceId":"1","metadata":{"email":"test_1785448674899@example.com","username":"testuser_1785448674899"},"timestamp":"2026-07-30T21:57:54.985Z"}
{"level":30,"time":1785448674998,"pid":42875,"hostname":"MacBookPro","type":"AUDIT","action":"LOGIN_SUCCESS","userId":1,"resource":"AUTH","resourceId":"1","metadata":{"email":"test_1785448674899@example.com","username":"testuser_1785448674899"},"timestamp":"2026-07-30T21:57:54.998Z"}
{"level":30,"time":1785515873477,"pid":45746,"hostname":"MacBookPro","msg":"Audit system initialized"}
{"level":30,"time":1785515873777,"pid":45745,"hostname":"MacBookPro","msg":"Audit system initialized"}
{"level":30,"time":1785515875592,"pid":45745,"hostname":"MacBookPro","type":"AUDIT","action":"USER_REGISTER","userId":1,"resource":"AUTH","resourceId":"1","metadata":{"email":"test_1785515875509@example.com","username":"testuser_1785515875509"},"timestamp":"2026-07-31T16:37:55.592Z"}
{"level":30,"time":1785515875705,"pid":45745,"hostname":"MacBookPro","type":"AUDIT","action":"USER_REGISTER","userId":1,"resource":"AUTH","resourceId":"1","metadata":{"email":"test_1785515875670@example.com","username":"testuser_1785515875670"},"timestamp":"2026-07-31T16:37:55.705Z"}
{"level":30,"time":1785515876172,"pid":45745,"hostname":"MacBookPro","type":"AUDIT","action":"USER_REGISTER","userId":1,"resource":"AUTH","resourceId":"1","metadata":{"email":"test_1785515876143@example.com","username":"testuser_1785515876143"},"timestamp":"2026-07-31T16:37:56.172Z"}
{"level":30,"time":1785515876195,"pid":45745,"hostname":"MacBookPro","type":"AUDIT","action":"LOGIN_FAILED_INVALID_PASSWORD","userId":1,"resource":"AUTH","resourceId":"1","metadata":{"email":"test_1785515876143@example.com","username":"testuser_1785515876143"},"timestamp":"2026-07-31T16:37:56.195Z"}
{"level":30,"time":1785515876211,"pid":45745,"hostname":"MacBookPro","type":"AUDIT","action":"LOGIN_SUCCESS","userId":1,"resource":"AUTH","resourceId":"1","metadata":{"email":"test_1785515876143@example.com","username":"testuser_1785515876143"},"timestamp":"2026-07-31T16:37:56.211Z"}
{"level":30,"time":1785515876264,"pid":45745,"hostname":"MacBookPro","type":"AUDIT","action":"USER_REGISTER","userId":1,"resource":"AUTH","resourceId":"1","metadata":{"email":"test_1785515876233@example.com","username":"testuser_1785515876233"},"timestamp":"2026-07-31T16:37:56.264Z"}
{"level":30,"time":1785515876374,"pid":45745,"hostname":"MacBookPro","type":"AUDIT","action":"USER_REGISTER","userId":1,"resource":"AUTH","resourceId":"1","metadata":{"email":"test_1785515876341@example.com","username":"testuser_1785515876341"},"timestamp":"2026-07-31T16:37:56.374Z"}
{"level":30,"time":1785515876396,"pid":45745,"hostname":"MacBookPro","type":"AUDIT","action":"LOGIN_FAILED_INVALID_PASSWORD","userId":1,"resource":"AUTH","resourceId":"1","metadata":{"email":"test_1785515876341@example.com","username":"testuser_1785515876341"},"timestamp":"2026-07-31T16:37:56.396Z"}
{"level":30,"time":1785515876405,"pid":45745,"hostname":"MacBookPro","type":"AUDIT","action":"LOGIN_SUCCESS","userId":1,"resource":"AUTH","resourceId":"1","metadata":{"email":"test_1785515876341@example.com","username":"testuser_1785515876341"},"timestamp":"2026-07-31T16:37:56.405Z"}
{"level":30,"time":1785515876458,"pid":45745,"hostname":"MacBookPro","type":"AUDIT","action":"USER_REGISTER","userId":1,"resource":"AUTH","resourceId":"1","metadata":{"email":"test_1785515876426@example.com","username":"testuser_1785515876426"},"timestamp":"2026-07-31T16:37:56.458Z"}
{"level":30,"time":1785515876569,"pid":45745,"hostname":"MacBookPro","type":"AUDIT","action":"USER_REGISTER","userId":1,"resource":"AUTH","resourceId":"1","metadata":{"email":"test_1785515876530@example.com","username":"testuser_1785515876530"},"timestamp":"2026-07-31T16:37:56.569Z"}
{"level":30,"time":1785515876595,"pid":45745,"hostname":"MacBookPro","type":"AUDIT","action":"LOGIN_FAILED_INVALID_PASSWORD","userId":1,"resource":"AUTH","resourceId":"1","metadata":{"email":"test_1785515876530@example.com","username":"testuser_1785515876530"},"timestamp":"2026-07-31T16:37:56.595Z"}
{"level":30,"time":1785515876608,"pid":45745,"hostname":"MacBookPro","type":"AUDIT","action":"LOGIN_SUCCESS","userId":1,"resource":"AUTH","resourceId":"1","metadata":{"email":"test_1785515876530@example.com","username":"testuser_1785515876530"},"timestamp":"2026-07-31T16:37:56.608Z"}
{"level":30,"time":1785515876633,"pid":45745,"hostname":"MacBookPro","type":"AUDIT","action":"LOGIN_FAILED_INVALID_PASSWORD","userId":1,"resource":"AUTH","resourceId":"1","metadata":{"email":"test_1785515876530@example.com","username":"testuser_1785515876530"},"timestamp":"2026-07-31T16:37:56.633Z"}
{"level":30,"time":1785515876648,"pid":45745,"hostname":"MacBookPro","type":"AUDIT","action":"LOGIN_SUCCESS","userId":1,"resource":"AUTH","resourceId":"1","metadata":{"email":"test_1785515876530@example.com","username":"testuser_1785515876530"},"timestamp":"2026-07-31T16:37:56.648Z"}
{"level":30,"time":1785517192101,"pid":51431,"hostname":"Chizobas-MacBook-Pro-2.local","msg":"Audit system initialized"}
{"level":30,"time":1785517193315,"pid":51430,"hostname":"Chizobas-MacBook-Pro-2.local","msg":"Audit system initialized"}
{"level":30,"time":1785517195301,"pid":51430,"hostname":"Chizobas-MacBook-Pro-2.local","type":"AUDIT","action":"USER_REGISTER","userId":1,"resource":"AUTH","resourceId":"1","metadata":{"email":"test_1785517195204@example.com","username":"testuser_1785517195204"},"timestamp":"2026-07-31T16:59:55.301Z"}
{"level":30,"time":1785517195508,"pid":51430,"hostname":"Chizobas-MacBook-Pro-2.local","type":"AUDIT","action":"USER_REGISTER","userId":1,"resource":"AUTH","resourceId":"1","metadata":{"email":"test_1785517195474@example.com","username":"testuser_1785517195474"},"timestamp":"2026-07-31T16:59:55.508Z"}
{"level":30,"time":1785517196253,"pid":51430,"hostname":"Chizobas-MacBook-Pro-2.local","type":"AUDIT","action":"USER_REGISTER","userId":1,"resource":"AUTH","resourceId":"1","metadata":{"email":"test_1785517196215@example.com","username":"testuser_1785517196215"},"timestamp":"2026-07-31T16:59:56.253Z"}
{"level":30,"time":1785517196281,"pid":51430,"hostname":"Chizobas-MacBook-Pro-2.local","type":"AUDIT","action":"LOGIN_FAILED_INVALID_PASSWORD","userId":1,"resource":"AUTH","resourceId":"1","metadata":{"email":"test_1785517196215@example.com","username":"testuser_1785517196215"},"timestamp":"2026-07-31T16:59:56.281Z"}
{"level":30,"time":1785517196299,"pid":51430,"hostname":"Chizobas-MacBook-Pro-2.local","type":"AUDIT","action":"LOGIN_SUCCESS","userId":1,"resource":"AUTH","resourceId":"1","metadata":{"email":"test_1785517196215@example.com","username":"testuser_1785517196215"},"timestamp":"2026-07-31T16:59:56.299Z"}
{"level":30,"time":1785517196402,"pid":51430,"hostname":"Chizobas-MacBook-Pro-2.local","type":"AUDIT","action":"USER_REGISTER","userId":1,"resource":"AUTH","resourceId":"1","metadata":{"email":"test_1785517196369@example.com","username":"testuser_1785517196369"},"timestamp":"2026-07-31T16:59:56.402Z"}
{"level":30,"time":1785517196627,"pid":51430,"hostname":"Chizobas-MacBook-Pro-2.local","type":"AUDIT","action":"USER_REGISTER","userId":1,"resource":"AUTH","resourceId":"1","metadata":{"email":"test_1785517196594@example.com","username":"testuser_1785517196594"},"timestamp":"2026-07-31T16:59:56.627Z"}
{"level":30,"time":1785517196656,"pid":51430,"hostname":"Chizobas-MacBook-Pro-2.local","type":"AUDIT","action":"LOGIN_FAILED_INVALID_PASSWORD","userId":1,"resource":"AUTH","resourceId":"1","metadata":{"email":"test_1785517196594@example.com","username":"testuser_1785517196594"},"timestamp":"2026-07-31T16:59:56.656Z"}
{"level":30,"time":1785517196665,"pid":51430,"hostname":"Chizobas-MacBook-Pro-2.local","type":"AUDIT","action":"LOGIN_SUCCESS","userId":1,"resource":"AUTH","resourceId":"1","metadata":{"email":"test_1785517196594@example.com","username":"testuser_1785517196594"},"timestamp":"2026-07-31T16:59:56.665Z"}
{"level":30,"time":1785517196752,"pid":51430,"hostname":"Chizobas-MacBook-Pro-2.local","type":"AUDIT","action":"USER_REGISTER","userId":1,"resource":"AUTH","resourceId":"1","metadata":{"email":"test_1785517196719@example.com","username":"testuser_1785517196719"},"timestamp":"2026-07-31T16:59:56.752Z"}
{"level":30,"time":1785517196970,"pid":51430,"hostname":"Chizobas-MacBook-Pro-2.local","type":"AUDIT","action":"USER_REGISTER","userId":1,"resource":"AUTH","resourceId":"1","metadata":{"email":"test_1785517196937@example.com","username":"testuser_1785517196937"},"timestamp":"2026-07-31T16:59:56.970Z"}
{"level":30,"time":1785517196995,"pid":51430,"hostname":"Chizobas-MacBook-Pro-2.local","type":"AUDIT","action":"LOGIN_FAILED_INVALID_PASSWORD","userId":1,"resource":"AUTH","resourceId":"1","metadata":{"email":"test_1785517196937@example.com","username":"testuser_1785517196937"},"timestamp":"2026-07-31T16:59:56.995Z"}
{"level":30,"time":1785517197004,"pid":51430,"hostname":"Chizobas-MacBook-Pro-2.local","type":"AUDIT","action":"LOGIN_SUCCESS","userId":1,"resource":"AUTH","resourceId":"1","metadata":{"email":"test_1785517196937@example.com","username":"testuser_1785517196937"},"timestamp":"2026-07-31T16:59:57.004Z"}
{"level":30,"time":1785517197029,"pid":51430,"hostname":"Chizobas-MacBook-Pro-2.local","type":"AUDIT","action":"LOGIN_FAILED_INVALID_PASSWORD","userId":1,"resource":"AUTH","resourceId":"1","metadata":{"email":"test_1785517196937@example.com","username":"testuser_1785517196937"},"timestamp":"2026-07-31T16:59:57.029Z"}
{"level":30,"time":1785517197046,"pid":51430,"hostname":"Chizobas-MacBook-Pro-2.local","type":"AUDIT","action":"LOGIN_SUCCESS","userId":1,"resource":"AUTH","resourceId":"1","metadata":{"email":"test_1785517196937@example.com","username":"testuser_1785517196937"},"timestamp":"2026-07-31T16:59:57.046Z"}
{"level":30,"time":1785517540752,"pid":52935,"hostname":"Chizobas-MacBook-Pro-2.local","msg":"Audit system initialized"}
{"level":30,"time":1785517541075,"pid":52934,"hostname":"Chizobas-MacBook-Pro-2.local","msg":"Audit system initialized"}
{"level":30,"time":1785517542359,"pid":52934,"hostname":"Chizobas-MacBook-Pro-2.local","type":"AUDIT","action":"USER_REGISTER","userId":1,"resource":"AUTH","resourceId":"1","metadata":{"email":"test_1785517542273@example.com","username":"testuser_1785517542273"},"timestamp":"2026-07-31T17:05:42.359Z"}
{"level":30,"time":1785517542565,"pid":52934,"hostname":"Chizobas-MacBook-Pro-2.local","type":"AUDIT","action":"USER_REGISTER","userId":1,"resource":"AUTH","resourceId":"1","metadata":{"email":"test_1785517542529@example.com","username":"testuser_1785517542529"},"timestamp":"2026-07-31T17:05:42.565Z"}
{"level":30,"time":1785517543175,"pid":52934,"hostname":"Chizobas-MacBook-Pro-2.local","type":"AUDIT","action":"USER_REGISTER","userId":1,"resource":"AUTH","resourceId":"1","metadata":{"email":"test_1785517543148@example.com","username":"testuser_1785517543148"},"timestamp":"2026-07-31T17:05:43.175Z"}
{"level":30,"time":1785517543200,"pid":52934,"hostname":"Chizobas-MacBook-Pro-2.local","type":"AUDIT","action":"LOGIN_FAILED_INVALID_PASSWORD","userId":1,"resource":"AUTH","resourceId":"1","metadata":{"email":"test_1785517543148@example.com","username":"testuser_1785517543148"},"timestamp":"2026-07-31T17:05:43.200Z"}
{"level":30,"time":1785517543216,"pid":52934,"hostname":"Chizobas-MacBook-Pro-2.local","type":"AUDIT","action":"LOGIN_SUCCESS","userId":1,"resource":"AUTH","resourceId":"1","metadata":{"email":"test_1785517543148@example.com","username":"testuser_1785517543148"},"timestamp":"2026-07-31T17:05:43.216Z"}
{"level":30,"time":1785517543292,"pid":52934,"hostname":"Chizobas-MacBook-Pro-2.local","type":"AUDIT","action":"USER_REGISTER","userId":1,"resource":"AUTH","resourceId":"1","metadata":{"email":"test_1785517543265@example.com","username":"testuser_1785517543265"},"timestamp":"2026-07-31T17:05:43.292Z"}
{"level":30,"time":1785517543494,"pid":52934,"hostname":"Chizobas-MacBook-Pro-2.local","type":"AUDIT","action":"USER_REGISTER","userId":1,"resource":"AUTH","resourceId":"1","metadata":{"email":"test_1785517543466@example.com","username":"testuser_1785517543466"},"timestamp":"2026-07-31T17:05:43.494Z"}
{"level":30,"time":1785517543516,"pid":52934,"hostname":"Chizobas-MacBook-Pro-2.local","type":"AUDIT","action":"LOGIN_FAILED_INVALID_PASSWORD","userId":1,"resource":"AUTH","resourceId":"1","metadata":{"email":"test_1785517543466@example.com","username":"testuser_1785517543466"},"timestamp":"2026-07-31T17:05:43.516Z"}
{"level":30,"time":1785517543525,"pid":52934,"hostname":"Chizobas-MacBook-Pro-2.local","type":"AUDIT","action":"LOGIN_SUCCESS","userId":1,"resource":"AUTH","resourceId":"1","metadata":{"email":"test_1785517543466@example.com","username":"testuser_1785517543466"},"timestamp":"2026-07-31T17:05:43.525Z"}
{"level":30,"time":1785517543597,"pid":52934,"hostname":"Chizobas-MacBook-Pro-2.local","type":"AUDIT","action":"USER_REGISTER","userId":1,"resource":"AUTH","resourceId":"1","metadata":{"email":"test_1785517543570@example.com","username":"testuser_1785517543570"},"timestamp":"2026-07-31T17:05:43.597Z"}
{"level":30,"time":1785517543751,"pid":52934,"hostname":"Chizobas-MacBook-Pro-2.local","type":"AUDIT","action":"USER_REGISTER","userId":1,"resource":"AUTH","resourceId":"1","metadata":{"email":"test_1785517543727@example.com","username":"testuser_1785517543727"},"timestamp":"2026-07-31T17:05:43.751Z"}
{"level":30,"time":1785517543772,"pid":52934,"hostname":"Chizobas-MacBook-Pro-2.local","type":"AUDIT","action":"LOGIN_FAILED_INVALID_PASSWORD","userId":1,"resource":"AUTH","resourceId":"1","metadata":{"email":"test_1785517543727@example.com","username":"testuser_1785517543727"},"timestamp":"2026-07-31T17:05:43.772Z"}
{"level":30,"time":1785517543778,"pid":52934,"hostname":"Chizobas-MacBook-Pro-2.local","type":"AUDIT","action":"LOGIN_SUCCESS","userId":1,"resource":"AUTH","resourceId":"1","metadata":{"email":"test_1785517543727@example.com","username":"testuser_1785517543727"},"timestamp":"2026-07-31T17:05:43.778Z"}
{"level":30,"time":1785517543799,"pid":52934,"hostname":"Chizobas-MacBook-Pro-2.local","type":"AUDIT","action":"LOGIN_FAILED_INVALID_PASSWORD","userId":1,"resource":"AUTH","resourceId":"1","metadata":{"email":"test_1785517543727@example.com","username":"testuser_1785517543727"},"timestamp":"2026-07-31T17:05:43.799Z"}
{"level":30,"time":1785517543812,"pid":52934,"hostname":"Chizobas-MacBook-Pro-2.local","type":"AUDIT","action":"LOGIN_SUCCESS","userId":1,"resource":"AUTH","resourceId":"1","metadata":{"email":"test_1785517543727@example.com","username":"testuser_1785517543727"},"timestamp":"2026-07-31T17:05:43.812Z"}
{"level":30,"time":1785517575941,"pid":53169,"hostname":"Chizobas-MacBook-Pro-2.local","msg":"Audit system initialized"}
{"level":30,"time":1785517578985,"pid":53169,"hostname":"Chizobas-MacBook-Pro-2.local","type":"AUDIT","action":"USER_REGISTER","userId":1,"resource":"AUTH","resourceId":"1","metadata":{"email":"test_1785517578838@example.com","username":"testuser_1785517578838"},"timestamp":"2026-07-31T17:06:18.985Z"}
{"level":30,"time":1785517579218,"pid":53169,"hostname":"Chizobas-MacBook-Pro-2.local","type":"AUDIT","action":"USER_REGISTER","userId":1,"resource":"AUTH","resourceId":"1","metadata":{"email":"test_1785517579183@example.com","username":"testuser_1785517579183"},"timestamp":"2026-07-31T17:06:19.218Z"}
{"level":30,"time":1785517579903,"pid":53169,"hostname":"Chizobas-MacBook-Pro-2.local","type":"AUDIT","action":"USER_REGISTER","userId":1,"resource":"AUTH","resourceId":"1","metadata":{"email":"test_1785517579869@example.com","username":"testuser_1785517579869"},"timestamp":"2026-07-31T17:06:19.903Z"}
{"level":30,"time":1785517579931,"pid":53169,"hostname":"Chizobas-MacBook-Pro-2.local","type":"AUDIT","action":"LOGIN_FAILED_INVALID_PASSWORD","userId":1,"resource":"AUTH","resourceId":"1","metadata":{"email":"test_1785517579869@example.com","username":"testuser_1785517579869"},"timestamp":"2026-07-31T17:06:19.931Z"}
{"level":30,"time":1785517579948,"pid":53169,"hostname":"Chizobas-MacBook-Pro-2.local","type":"AUDIT","action":"LOGIN_SUCCESS","userId":1,"resource":"AUTH","resourceId":"1","metadata":{"email":"test_1785517579869@example.com","username":"testuser_1785517579869"},"timestamp":"2026-07-31T17:06:19.948Z"}
{"level":30,"time":1785517580027,"pid":53169,"hostname":"Chizobas-MacBook-Pro-2.local","type":"AUDIT","action":"USER_REGISTER","userId":1,"resource":"AUTH","resourceId":"1","metadata":{"email":"test_1785517579997@example.com","username":"testuser_1785517579997"},"timestamp":"2026-07-31T17:06:20.027Z"}
{"level":30,"time":1785517580195,"pid":53169,"hostname":"Chizobas-MacBook-Pro-2.local","type":"AUDIT","action":"USER_REGISTER","userId":1,"resource":"AUTH","resourceId":"1","metadata":{"email":"test_1785517580162@example.com","username":"testuser_1785517580162"},"timestamp":"2026-07-31T17:06:20.195Z"}
{"level":30,"time":1785517580223,"pid":53169,"hostname":"Chizobas-MacBook-Pro-2.local","type":"AUDIT","action":"LOGIN_FAILED_INVALID_PASSWORD","userId":1,"resource":"AUTH","resourceId":"1","metadata":{"email":"test_1785517580162@example.com","username":"testuser_1785517580162"},"timestamp":"2026-07-31T17:06:20.223Z"}
{"level":30,"time":1785517580232,"pid":53169,"hostname":"Chizobas-MacBook-Pro-2.local","type":"AUDIT","action":"LOGIN_SUCCESS","userId":1,"resource":"AUTH","resourceId":"1","metadata":{"email":"test_1785517580162@example.com","username":"testuser_1785517580162"},"timestamp":"2026-07-31T17:06:20.232Z"}
{"level":30,"time":1785517580329,"pid":53169,"hostname":"Chizobas-MacBook-Pro-2.local","type":"AUDIT","action":"USER_REGISTER","userId":1,"resource":"AUTH","resourceId":"1","metadata":{"email":"test_1785517580294@example.com","username":"testuser_1785517580294"},"timestamp":"2026-07-31T17:06:20.329Z"}
{"level":30,"time":1785517580538,"pid":53169,"hostname":"Chizobas-MacBook-Pro-2.local","type":"AUDIT","action":"USER_REGISTER","userId":1,"resource":"AUTH","resourceId":"1","metadata":{"email":"test_1785517580507@example.com","username":"testuser_1785517580507"},"timestamp":"2026-07-31T17:06:20.538Z"}
{"level":30,"time":1785517580565,"pid":53169,"hostname":"Chizobas-MacBook-Pro-2.local","type":"AUDIT","action":"LOGIN_FAILED_INVALID_PASSWORD","userId":1,"resource":"AUTH","resourceId":"1","metadata":{"email":"test_1785517580507@example.com","username":"testuser_1785517580507"},"timestamp":"2026-07-31T17:06:20.565Z"}
{"level":30,"time":1785517580575,"pid":53169,"hostname":"Chizobas-MacBook-Pro-2.local","type":"AUDIT","action":"LOGIN_SUCCESS","userId":1,"resource":"AUTH","resourceId":"1","metadata":{"email":"test_1785517580507@example.com","username":"testuser_1785517580507"},"timestamp":"2026-07-31T17:06:20.575Z"}
{"level":30,"time":1785517580601,"pid":53169,"hostname":"Chizobas-MacBook-Pro-2.local","type":"AUDIT","action":"LOGIN_FAILED_INVALID_PASSWORD","userId":1,"resource":"AUTH","resourceId":"1","metadata":{"email":"test_1785517580507@example.com","username":"testuser_1785517580507"},"timestamp":"2026-07-31T17:06:20.601Z"}
{"level":30,"time":1785517580619,"pid":53169,"hostname":"Chizobas-MacBook-Pro-2.local","type":"AUDIT","action":"LOGIN_SUCCESS","userId":1,"resource":"AUTH","resourceId":"1","metadata":{"email":"test_1785517580507@example.com","username":"testuser_1785517580507"},"timestamp":"2026-07-31T17:06:20.619Z"}
{"level":30,"time":1785517583624,"pid":53169,"hostname":"Chizobas-MacBook-Pro-2.local","msg":"Audit system initialized"}
{"level":30,"time":1785517806001,"pid":54312,"hostname":"Chizobas-MacBook-Pro-2.local","msg":"Audit system initialized"}
{"level":30,"time":1785517806001,"pid":54311,"hostname":"Chizobas-MacBook-Pro-2.local","msg":"Audit system initialized"}
{"level":30,"time":1785517807826,"pid":54311,"hostname":"Chizobas-MacBook-Pro-2.local","type":"AUDIT","action":"USER_REGISTER","userId":1,"resource":"AUTH","resourceId":"1","metadata":{"email":"test_1785517807737@example.com","username":"testuser_1785517807737"},"timestamp":"2026-07-31T17:10:07.826Z"}
{"level":30,"time":1785517807955,"pid":54311,"hostname":"Chizobas-MacBook-Pro-2.local","type":"AUDIT","action":"USER_REGISTER","userId":1,"resource":"AUTH","resourceId":"1","metadata":{"email":"test_1785517807929@example.com","username":"testuser_1785517807929"},"timestamp":"2026-07-31T17:10:07.955Z"}
{"level":30,"time":1785517808829,"pid":54311,"hostname":"Chizobas-MacBook-Pro-2.local","type":"AUDIT","action":"USER_REGISTER","userId":1,"resource":"AUTH","resourceId":"1","metadata":{"email":"test_1785517808796@example.com","username":"testuser_1785517808796"},"timestamp":"2026-07-31T17:10:08.829Z"}
{"level":30,"time":1785517808851,"pid":54311,"hostname":"Chizobas-MacBook-Pro-2.local","type":"AUDIT","action":"LOGIN_FAILED_INVALID_PASSWORD","userId":1,"resource":"AUTH","resourceId":"1","metadata":{"email":"test_1785517808796@example.com","username":"testuser_1785517808796"},"timestamp":"2026-07-31T17:10:08.851Z"}
{"level":30,"time":1785517808863,"pid":54311,"hostname":"Chizobas-MacBook-Pro-2.local","type":"AUDIT","action":"LOGIN_SUCCESS","userId":1,"resource":"AUTH","resourceId":"1","metadata":{"email":"test_1785517808796@example.com","username":"testuser_1785517808796"},"timestamp":"2026-07-31T17:10:08.863Z"}
{"level":30,"time":1785517808956,"pid":54311,"hostname":"Chizobas-MacBook-Pro-2.local","type":"AUDIT","action":"USER_REGISTER","userId":1,"resource":"AUTH","resourceId":"1","metadata":{"email":"test_1785517808927@example.com","username":"testuser_1785517808927"},"timestamp":"2026-07-31T17:10:08.956Z"}
{"level":30,"time":1785517809119,"pid":54311,"hostname":"Chizobas-MacBook-Pro-2.local","type":"AUDIT","action":"USER_REGISTER","userId":1,"resource":"AUTH","resourceId":"1","metadata":{"email":"test_1785517809092@example.com","username":"testuser_1785517809092"},"timestamp":"2026-07-31T17:10:09.119Z"}
{"level":30,"time":1785517809141,"pid":54311,"hostname":"Chizobas-MacBook-Pro-2.local","type":"AUDIT","action":"LOGIN_FAILED_INVALID_PASSWORD","userId":1,"resource":"AUTH","resourceId":"1","metadata":{"email":"test_1785517809092@example.com","username":"testuser_1785517809092"},"timestamp":"2026-07-31T17:10:09.141Z"}
{"level":30,"time":1785517809151,"pid":54311,"hostname":"Chizobas-MacBook-Pro-2.local","type":"AUDIT","action":"LOGIN_SUCCESS","userId":1,"resource":"AUTH","resourceId":"1","metadata":{"email":"test_1785517809092@example.com","username":"testuser_1785517809092"},"timestamp":"2026-07-31T17:10:09.151Z"}
{"level":30,"time":1785517809242,"pid":54311,"hostname":"Chizobas-MacBook-Pro-2.local","type":"AUDIT","action":"USER_REGISTER","userId":1,"resource":"AUTH","resourceId":"1","metadata":{"email":"test_1785517809207@example.com","username":"testuser_1785517809207"},"timestamp":"2026-07-31T17:10:09.242Z"}
{"level":30,"time":1785517809476,"pid":54311,"hostname":"Chizobas-MacBook-Pro-2.local","type":"AUDIT","action":"USER_REGISTER","userId":1,"resource":"AUTH","resourceId":"1","metadata":{"email":"test_1785517809429@example.com","username":"testuser_1785517809429"},"timestamp":"2026-07-31T17:10:09.476Z"}
{"level":30,"time":1785517809501,"pid":54311,"hostname":"Chizobas-MacBook-Pro-2.local","type":"AUDIT","action":"LOGIN_FAILED_INVALID_PASSWORD","userId":1,"resource":"AUTH","resourceId":"1","metadata":{"email":"test_1785517809429@example.com","username":"testuser_1785517809429"},"timestamp":"2026-07-31T17:10:09.501Z"}
{"level":30,"time":1785517809513,"pid":54311,"hostname":"Chizobas-MacBook-Pro-2.local","type":"AUDIT","action":"LOGIN_SUCCESS","userId":1,"resource":"AUTH","resourceId":"1","metadata":{"email":"test_1785517809429@example.com","username":"testuser_1785517809429"},"timestamp":"2026-07-31T17:10:09.513Z"}
{"level":30,"time":1785517809542,"pid":54311,"hostname":"Chizobas-MacBook-Pro-2.local","type":"AUDIT","action":"LOGIN_FAILED_INVALID_PASSWORD","userId":1,"resource":"AUTH","resourceId":"1","metadata":{"email":"test_1785517809429@example.com","username":"testuser_1785517809429"},"timestamp":"2026-07-31T17:10:09.542Z"}
{"level":30,"time":1785517809557,"pid":54311,"hostname":"Chizobas-MacBook-Pro-2.local","type":"AUDIT","action":"LOGIN_SUCCESS","userId":1,"resource":"AUTH","resourceId":"1","metadata":{"email":"test_1785517809429@example.com","username":"testuser_1785517809429"},"timestamp":"2026-07-31T17:10:09.557Z"}
{"level":30,"time":1785517821831,"pid":54502,"hostname":"Chizobas-MacBook-Pro-2.local","msg":"Audit system initialized"}
{"level":30,"time":1785517822988,"pid":54502,"hostname":"Chizobas-MacBook-Pro-2.local","type":"AUDIT","action":"USER_REGISTER","userId":1,"resource":"AUTH","resourceId":"1","metadata":{"email":"test_1785517822854@example.com","username":"testuser_1785517822854"},"timestamp":"2026-07-31T17:10:22.988Z"}
{"level":30,"time":1785517823138,"pid":54502,"hostname":"Chizobas-MacBook-Pro-2.local","type":"AUDIT","action":"USER_REGISTER","userId":1,"resource":"AUTH","resourceId":"1","metadata":{"email":"test_1785517823103@example.com","username":"testuser_1785517823103"},"timestamp":"2026-07-31T17:10:23.138Z"}
{"level":30,"time":1785517823748,"pid":54502,"hostname":"Chizobas-MacBook-Pro-2.local","type":"AUDIT","action":"USER_REGISTER","userId":1,"resource":"AUTH","resourceId":"1","metadata":{"email":"test_1785517823712@example.com","username":"testuser_1785517823712"},"timestamp":"2026-07-31T17:10:23.748Z"}
{"level":30,"time":1785517823779,"pid":54502,"hostname":"Chizobas-MacBook-Pro-2.local","type":"AUDIT","action":"LOGIN_FAILED_INVALID_PASSWORD","userId":1,"resource":"AUTH","resourceId":"1","metadata":{"email":"test_1785517823712@example.com","username":"testuser_1785517823712"},"timestamp":"2026-07-31T17:10:23.779Z"}
{"level":30,"time":1785517823794,"pid":54502,"hostname":"Chizobas-MacBook-Pro-2.local","type":"AUDIT","action":"LOGIN_SUCCESS","userId":1,"resource":"AUTH","resourceId":"1","metadata":{"email":"test_1785517823712@example.com","username":"testuser_1785517823712"},"timestamp":"2026-07-31T17:10:23.794Z"}
{"level":30,"time":1785517823877,"pid":54502,"hostname":"Chizobas-MacBook-Pro-2.local","type":"AUDIT","action":"USER_REGISTER","userId":1,"resource":"AUTH","resourceId":"1","metadata":{"email":"test_1785517823844@example.com","username":"testuser_1785517823844"},"timestamp":"2026-07-31T17:10:23.877Z"}
{"level":30,"time":1785517824034,"pid":54502,"hostname":"Chizobas-MacBook-Pro-2.local","type":"AUDIT","action":"USER_REGISTER","userId":1,"resource":"AUTH","resourceId":"1","metadata":{"email":"test_1785517824002@example.com","username":"testuser_1785517824002"},"timestamp":"2026-07-31T17:10:24.034Z"}
{"level":30,"time":1785517824063,"pid":54502,"hostname":"Chizobas-MacBook-Pro-2.local","type":"AUDIT","action":"LOGIN_FAILED_INVALID_PASSWORD","userId":1,"resource":"AUTH","resourceId":"1","metadata":{"email":"test_1785517824002@example.com","username":"testuser_1785517824002"},"timestamp":"2026-07-31T17:10:24.063Z"}
{"level":30,"time":1785517824073,"pid":54502,"hostname":"Chizobas-MacBook-Pro-2.local","type":"AUDIT","action":"LOGIN_SUCCESS","userId":1,"resource":"AUTH","resourceId":"1","metadata":{"email":"test_1785517824002@example.com","username":"testuser_1785517824002"},"timestamp":"2026-07-31T17:10:24.073Z"}
{"level":30,"time":1785517824152,"pid":54502,"hostname":"Chizobas-MacBook-Pro-2.local","type":"AUDIT","action":"USER_REGISTER","userId":1,"resource":"AUTH","resourceId":"1","metadata":{"email":"test_1785517824105@example.com","username":"testuser_1785517824105"},"timestamp":"2026-07-31T17:10:24.152Z"}
{"level":30,"time":1785517824437,"pid":54502,"hostname":"Chizobas-MacBook-Pro-2.local","type":"AUDIT","action":"USER_REGISTER","userId":1,"resource":"AUTH","resourceId":"1","metadata":{"email":"test_1785517824403@example.com","username":"testuser_1785517824403"},"timestamp":"2026-07-31T17:10:24.437Z"}
{"level":30,"time":1785517824467,"pid":54502,"hostname":"Chizobas-MacBook-Pro-2.local","type":"AUDIT","action":"LOGIN_FAILED_INVALID_PASSWORD","userId":1,"resource":"AUTH","resourceId":"1","metadata":{"email":"test_1785517824403@example.com","username":"testuser_1785517824403"},"timestamp":"2026-07-31T17:10:24.467Z"}
{"level":30,"time":1785517824479,"pid":54502,"hostname":"Chizobas-MacBook-Pro-2.local","type":"AUDIT","action":"LOGIN_SUCCESS","userId":1,"resource":"AUTH","resourceId":"1","metadata":{"email":"test_1785517824403@example.com","username":"testuser_1785517824403"},"timestamp":"2026-07-31T17:10:24.479Z"}
{"level":30,"time":1785517824510,"pid":54502,"hostname":"Chizobas-MacBook-Pro-2.local","type":"AUDIT","action":"LOGIN_FAILED_INVALID_PASSWORD","userId":1,"resource":"AUTH","resourceId":"1","metadata":{"email":"test_1785517824403@example.com","username":"testuser_1785517824403"},"timestamp":"2026-07-31T17:10:24.510Z"}
{"level":30,"time":1785517824529,"pid":54502,"hostname":"Chizobas-MacBook-Pro-2.local","type":"AUDIT","action":"LOGIN_SUCCESS","userId":1,"resource":"AUTH","resourceId":"1","metadata":{"email":"test_1785517824403@example.com","username":"testuser_1785517824403"},"timestamp":"2026-07-31T17:10:24.529Z"}
{"level":30,"time":1785517824828,"pid":54502,"hostname":"Chizobas-MacBook-Pro-2.local","msg":"Audit system initialized"}
{"level":30,"time":1785518865041,"pid":57797,"hostname":"MacBookPro","msg":"Audit system initialized"}
{"level":30,"time":1785518864476,"pid":57796,"hostname":"MacBookPro","msg":"Audit system initialized"}
{"level":30,"time":1785518865917,"pid":57796,"hostname":"MacBookPro","type":"AUDIT","action":"USER_REGISTER","userId":1,"resource":"AUTH","resourceId":"1","metadata":{"email":"test_1785518865830@example.com","username":"testuser_1785518865830"},"timestamp":"2026-07-31T17:27:45.917Z"}
{"level":30,"time":1785518866050,"pid":57796,"hostname":"MacBookPro","type":"AUDIT","action":"USER_REGISTER","userId":1,"resource":"AUTH","resourceId":"1","metadata":{"email":"test_1785518866021@example.com","username":"testuser_1785518866021"},"timestamp":"2026-07-31T17:27:46.050Z"}
{"level":30,"time":1785518866502,"pid":57796,"hostname":"MacBookPro","type":"AUDIT","action":"USER_REGISTER","userId":1,"resource":"AUTH","resourceId":"1","metadata":{"email":"test_1785518866473@example.com","username":"testuser_1785518866473"},"timestamp":"2026-07-31T17:27:46.502Z"}
{"level":30,"time":1785518866526,"pid":57796,"hostname":"MacBookPro","type":"AUDIT","action":"LOGIN_FAILED_INVALID_PASSWORD","userId":1,"resource":"AUTH","resourceId":"1","metadata":{"email":"test_1785518866473@example.com","username":"testuser_1785518866473"},"timestamp":"2026-07-31T17:27:46.526Z"}
{"level":30,"time":1785518866554,"pid":57796,"hostname":"MacBookPro","type":"AUDIT","action":"LOGIN_SUCCESS","userId":1,"resource":"AUTH","resourceId":"1","metadata":{"email":"test_1785518866473@example.com","username":"testuser_1785518866473"},"timestamp":"2026-07-31T17:27:46.554Z"}
{"level":30,"time":1785518866614,"pid":57796,"hostname":"MacBookPro","type":"AUDIT","action":"USER_REGISTER","userId":1,"resource":"AUTH","resourceId":"1","metadata":{"email":"test_1785518866587@example.com","username":"testuser_1785518866587"},"timestamp":"2026-07-31T17:27:46.614Z"}
{"level":30,"time":1785518866741,"pid":57796,"hostname":"MacBookPro","type":"AUDIT","action":"USER_REGISTER","userId":1,"resource":"AUTH","resourceId":"1","metadata":{"email":"test_1785518866715@example.com","username":"testuser_1785518866715"},"timestamp":"2026-07-31T17:27:46.741Z"}
{"level":30,"time":1785518866763,"pid":57796,"hostname":"MacBookPro","type":"AUDIT","action":"LOGIN_FAILED_INVALID_PASSWORD","userId":1,"resource":"AUTH","resourceId":"1","metadata":{"email":"test_1785518866715@example.com","username":"testuser_1785518866715"},"timestamp":"2026-07-31T17:27:46.763Z"}
{"level":30,"time":1785518866771,"pid":57796,"hostname":"MacBookPro","type":"AUDIT","action":"LOGIN_SUCCESS","userId":1,"resource":"AUTH","resourceId":"1","metadata":{"email":"test_1785518866715@example.com","username":"testuser_1785518866715"},"timestamp":"2026-07-31T17:27:46.771Z"}
{"level":30,"time":1785518866829,"pid":57796,"hostname":"MacBookPro","type":"AUDIT","action":"USER_REGISTER","userId":1,"resource":"AUTH","resourceId":"1","metadata":{"email":"test_1785518866801@example.com","username":"testuser_1785518866801"},"timestamp":"2026-07-31T17:27:46.829Z"}
{"level":30,"time":1785518867076,"pid":57796,"hostname":"MacBookPro","type":"AUDIT","action":"USER_REGISTER","userId":1,"resource":"AUTH","resourceId":"1","metadata":{"email":"test_1785518866935@example.com","username":"testuser_1785518866935"},"timestamp":"2026-07-31T17:27:47.076Z"}
{"level":30,"time":1785518867136,"pid":57796,"hostname":"MacBookPro","type":"AUDIT","action":"LOGIN_FAILED_INVALID_PASSWORD","userId":1,"resource":"AUTH","resourceId":"1","metadata":{"email":"test_1785518866935@example.com","username":"testuser_1785518866935"},"timestamp":"2026-07-31T17:27:47.136Z"}
{"level":30,"time":1785518867145,"pid":57796,"hostname":"MacBookPro","type":"AUDIT","action":"LOGIN_SUCCESS","userId":1,"resource":"AUTH","resourceId":"1","metadata":{"email":"test_1785518866935@example.com","username":"testuser_1785518866935"},"timestamp":"2026-07-31T17:27:47.145Z"}
{"level":30,"time":1785518867167,"pid":57796,"hostname":"MacBookPro","type":"AUDIT","action":"LOGIN_FAILED_INVALID_PASSWORD","userId":1,"resource":"AUTH","resourceId":"1","metadata":{"email":"test_1785518866935@example.com","username":"testuser_1785518866935"},"timestamp":"2026-07-31T17:27:47.167Z"}
{"level":30,"time":1785518867180,"pid":57796,"hostname":"MacBookPro","type":"AUDIT","action":"LOGIN_SUCCESS","userId":1,"resource":"AUTH","resourceId":"1","metadata":{"email":"test_1785518866935@example.com","username":"testuser_1785518866935"},"timestamp":"2026-07-31T17:27:47.180Z"}
{"level":30,"time":1785518881863,"pid":57988,"hostname":"MacBookPro","msg":"Audit system initialized"}
{"level":30,"time":1785518882788,"pid":57988,"hostname":"MacBookPro","type":"AUDIT","action":"USER_REGISTER","userId":1,"resource":"AUTH","resourceId":"1","metadata":{"email":"test_1785518882661@example.com","username":"testuser_1785518882661"},"timestamp":"2026-07-31T17:28:02.788Z"}
{"level":30,"time":1785518882920,"pid":57988,"hostname":"MacBookPro","type":"AUDIT","action":"USER_REGISTER","userId":1,"resource":"AUTH","resourceId":"1","metadata":{"email":"test_1785518882885@example.com","username":"testuser_1785518882885"},"timestamp":"2026-07-31T17:28:02.920Z"}
{"level":30,"time":1785518883416,"pid":57988,"hostname":"MacBookPro","type":"AUDIT","action":"USER_REGISTER","userId":1,"resource":"AUTH","resourceId":"1","metadata":{"email":"test_1785518883384@example.com","username":"testuser_1785518883384"},"timestamp":"2026-07-31T17:28:03.416Z"}
{"level":30,"time":1785518883445,"pid":57988,"hostname":"MacBookPro","type":"AUDIT","action":"LOGIN_FAILED_INVALID_PASSWORD","userId":1,"resource":"AUTH","resourceId":"1","metadata":{"email":"test_1785518883384@example.com","username":"testuser_1785518883384"},"timestamp":"2026-07-31T17:28:03.445Z"}
{"level":30,"time":1785518883458,"pid":57988,"hostname":"MacBookPro","type":"AUDIT","action":"LOGIN_SUCCESS","userId":1,"resource":"AUTH","resourceId":"1","metadata":{"email":"test_1785518883384@example.com","username":"testuser_1785518883384"},"timestamp":"2026-07-31T17:28:03.458Z"}
{"level":30,"time":1785518883533,"pid":57988,"hostname":"MacBookPro","type":"AUDIT","action":"USER_REGISTER","userId":1,"resource":"AUTH","resourceId":"1","metadata":{"email":"test_1785518883499@example.com","username":"testuser_1785518883499"},"timestamp":"2026-07-31T17:28:03.532Z"}
{"level":30,"time":1785518883683,"pid":57988,"hostname":"MacBookPro","type":"AUDIT","action":"USER_REGISTER","userId":1,"resource":"AUTH","resourceId":"1","metadata":{"email":"test_1785518883650@example.com","username":"testuser_1785518883650"},"timestamp":"2026-07-31T17:28:03.683Z"}
{"level":30,"time":1785518883713,"pid":57988,"hostname":"MacBookPro","type":"AUDIT","action":"LOGIN_FAILED_INVALID_PASSWORD","userId":1,"resource":"AUTH","resourceId":"1","metadata":{"email":"test_1785518883650@example.com","username":"testuser_1785518883650"},"timestamp":"2026-07-31T17:28:03.713Z"}
{"level":30,"time":1785518883723,"pid":57988,"hostname":"MacBookPro","type":"AUDIT","action":"LOGIN_SUCCESS","userId":1,"resource":"AUTH","resourceId":"1","metadata":{"email":"test_1785518883650@example.com","username":"testuser_1785518883650"},"timestamp":"2026-07-31T17:28:03.723Z"}
{"level":30,"time":1785518883790,"pid":57988,"hostname":"MacBookPro","type":"AUDIT","action":"USER_REGISTER","userId":1,"resource":"AUTH","resourceId":"1","metadata":{"email":"test_1785518883756@example.com","username":"testuser_1785518883756"},"timestamp":"2026-07-31T17:28:03.790Z"}
{"level":30,"time":1785518883959,"pid":57988,"hostname":"MacBookPro","type":"AUDIT","action":"USER_REGISTER","userId":1,"resource":"AUTH","resourceId":"1","metadata":{"email":"test_1785518883927@example.com","username":"testuser_1785518883927"},"timestamp":"2026-07-31T17:28:03.959Z"}
{"level":30,"time":1785518883987,"pid":57988,"hostname":"MacBookPro","type":"AUDIT","action":"LOGIN_FAILED_INVALID_PASSWORD","userId":1,"resource":"AUTH","resourceId":"1","metadata":{"email":"test_1785518883927@example.com","username":"testuser_1785518883927"},"timestamp":"2026-07-31T17:28:03.987Z"}
{"level":30,"time":1785518883997,"pid":57988,"hostname":"MacBookPro","type":"AUDIT","action":"LOGIN_SUCCESS","userId":1,"resource":"AUTH","resourceId":"1","metadata":{"email":"test_1785518883927@example.com","username":"testuser_1785518883927"},"timestamp":"2026-07-31T17:28:03.997Z"}
{"level":30,"time":1785518884025,"pid":57988,"hostname":"MacBookPro","type":"AUDIT","action":"LOGIN_FAILED_INVALID_PASSWORD","userId":1,"resource":"AUTH","resourceId":"1","metadata":{"email":"test_1785518883927@example.com","username":"testuser_1785518883927"},"timestamp":"2026-07-31T17:28:04.025Z"}
{"level":30,"time":1785518884052,"pid":57988,"hostname":"MacBookPro","type":"AUDIT","action":"LOGIN_SUCCESS","userId":1,"resource":"AUTH","resourceId":"1","metadata":{"email":"test_1785518883927@example.com","username":"testuser_1785518883927"},"timestamp":"2026-07-31T17:28:04.052Z"}
{"level":30,"time":1785518885497,"pid":57988,"hostname":"MacBookPro","msg":"Audit system initialized"}
{"level":30,"time":1785525225250,"pid":58976,"hostname":"MacBookPro","msg":"Audit system initialized"}
{"level":30,"time":1785525224329,"pid":58975,"hostname":"MacBookPro","msg":"Audit system initialized"}
{"level":30,"time":1785525226002,"pid":58975,"hostname":"MacBookPro","type":"AUDIT","action":"USER_REGISTER","userId":1,"resource":"AUTH","resourceId":"1","metadata":{"email":"test_1785525225915@example.com","username":"testuser_1785525225915"},"timestamp":"2026-07-31T19:13:46.002Z"}
{"level":30,"time":1785525226124,"pid":58975,"hostname":"MacBookPro","type":"AUDIT","action":"USER_REGISTER","userId":1,"resource":"AUTH","resourceId":"1","metadata":{"email":"test_1785525226090@example.com","username":"testuser_1785525226090"},"timestamp":"2026-07-31T19:13:46.123Z"}
{"level":30,"time":1785525226868,"pid":58975,"hostname":"MacBookPro","type":"AUDIT","action":"USER_REGISTER","userId":1,"resource":"AUTH","resourceId":"1","metadata":{"email":"test_1785525226816@example.com","username":"testuser_1785525226816"},"timestamp":"2026-07-31T19:13:46.868Z"}
{"level":30,"time":1785525226894,"pid":58975,"hostname":"MacBookPro","type":"AUDIT","action":"LOGIN_FAILED_INVALID_PASSWORD","userId":1,"resource":"AUTH","resourceId":"1","metadata":{"email":"test_1785525226816@example.com","username":"testuser_1785525226816"},"timestamp":"2026-07-31T19:13:46.894Z"}
{"level":30,"time":1785525226910,"pid":58975,"hostname":"MacBookPro","type":"AUDIT","action":"LOGIN_SUCCESS","userId":1,"resource":"AUTH","resourceId":"1","metadata":{"email":"test_1785525226816@example.com","username":"testuser_1785525226816"},"timestamp":"2026-07-31T19:13:46.910Z"}
{"level":30,"time":1785525226977,"pid":58975,"hostname":"MacBookPro","type":"AUDIT","action":"USER_REGISTER","userId":1,"resource":"AUTH","resourceId":"1","metadata":{"email":"test_1785525226947@example.com","username":"testuser_1785525226947"},"timestamp":"2026-07-31T19:13:46.977Z"}
{"level":30,"time":1785525227150,"pid":58975,"hostname":"MacBookPro","type":"AUDIT","action":"USER_REGISTER","userId":1,"resource":"AUTH","resourceId":"1","metadata":{"email":"test_1785525227113@example.com","username":"testuser_1785525227113"},"timestamp":"2026-07-31T19:13:47.150Z"}
{"level":30,"time":1785525227176,"pid":58975,"hostname":"MacBookPro","type":"AUDIT","action":"LOGIN_FAILED_INVALID_PASSWORD","userId":1,"resource":"AUTH","resourceId":"1","metadata":{"email":"test_1785525227113@example.com","username":"testuser_1785525227113"},"timestamp":"2026-07-31T19:13:47.176Z"}
{"level":30,"time":1785525227186,"pid":58975,"hostname":"MacBookPro","type":"AUDIT","action":"LOGIN_SUCCESS","userId":1,"resource":"AUTH","resourceId":"1","metadata":{"email":"test_1785525227113@example.com","username":"testuser_1785525227113"},"timestamp":"2026-07-31T19:13:47.186Z"}
{"level":30,"time":1785525227280,"pid":58975,"hostname":"MacBookPro","type":"AUDIT","action":"USER_REGISTER","userId":1,"resource":"AUTH","resourceId":"1","metadata":{"email":"test_1785525227239@example.com","username":"testuser_1785525227239"},"timestamp":"2026-07-31T19:13:47.280Z"}
{"level":30,"time":1785525227490,"pid":58975,"hostname":"MacBookPro","type":"AUDIT","action":"USER_REGISTER","userId":1,"resource":"AUTH","resourceId":"1","metadata":{"email":"test_1785525227461@example.com","username":"testuser_1785525227461"},"timestamp":"2026-07-31T19:13:47.490Z"}
{"level":30,"time":1785525227514,"pid":58975,"hostname":"MacBookPro","type":"AUDIT","action":"LOGIN_FAILED_INVALID_PASSWORD","userId":1,"resource":"AUTH","resourceId":"1","metadata":{"email":"test_1785525227461@example.com","username":"testuser_1785525227461"},"timestamp":"2026-07-31T19:13:47.514Z"}
{"level":30,"time":1785525227522,"pid":58975,"hostname":"MacBookPro","type":"AUDIT","action":"LOGIN_SUCCESS","userId":1,"resource":"AUTH","resourceId":"1","metadata":{"email":"test_1785525227461@example.com","username":"testuser_1785525227461"},"timestamp":"2026-07-31T19:13:47.522Z"}
{"level":30,"time":1785525227547,"pid":58975,"hostname":"MacBookPro","type":"AUDIT","action":"LOGIN_FAILED_INVALID_PASSWORD","userId":1,"resource":"AUTH","resourceId":"1","metadata":{"email":"test_1785525227461@example.com","username":"testuser_1785525227461"},"timestamp":"2026-07-31T19:13:47.547Z"}
{"level":30,"time":1785525227564,"pid":58975,"hostname":"MacBookPro","type":"AUDIT","action":"LOGIN_SUCCESS","userId":1,"resource":"AUTH","resourceId":"1","metadata":{"email":"test_1785525227461@example.com","username":"testuser_1785525227461"},"timestamp":"2026-07-31T19:13:47.564Z"}
{"level":30,"time":1785528736250,"pid":68723,"hostname":"MacBookPro","msg":"Audit system initialized"}
{"level":30,"time":1785528736965,"pid":68722,"hostname":"MacBookPro","msg":"Audit system initialized"}
{"level":30,"time":1785528768080,"pid":68976,"hostname":"MacBookPro","msg":"Audit system initialized"}
{"level":30,"time":1785528771438,"pid":68976,"hostname":"MacBookPro","msg":"Audit system initialized"}
{"level":30,"time":1785529533130,"pid":72396,"hostname":"MacBookPro","msg":"Audit system initialized"}
{"level":30,"time":1785529533883,"pid":72395,"hostname":"MacBookPro","msg":"Audit system initialized"}
{"level":30,"time":1785530384986,"pid":74079,"hostname":"MacBookPro","msg":"Audit system initialized"}
{"level":30,"time":1785530387536,"pid":74078,"hostname":"MacBookPro","msg":"Audit system initialized"}
{"level":30,"time":1785531167541,"pid":77427,"hostname":"MacBookPro","msg":"Audit system initialized"}
{"level":30,"time":1785531172270,"pid":77426,"hostname":"MacBookPro","msg":"Audit system initialized"}
{"level":30,"time":1785531371508,"pid":82545,"hostname":"MacBookPro","msg":"Audit system initialized"}
{"level":30,"time":1785531372134,"pid":82546,"hostname":"MacBookPro","msg":"Audit system initialized"}
{"level":30,"time":1785531683090,"pid":83922,"hostname":"MacBookPro","msg":"Audit system initialized"}
{"level":30,"time":1785531688384,"pid":83923,"hostname":"MacBookPro","msg":"Audit system initialized"}
{"level":30,"time":1785531830911,"pid":84680,"hostname":"MacBookPro","msg":"Audit system initialized"}
{"level":30,"time":1785531834996,"pid":84679,"hostname":"MacBookPro","msg":"Audit system initialized"}
{"level":30,"time":1785580805431,"pid":92768,"hostname":"Chizobas-MacBook-Pro-2.local","msg":"Audit system initialized"}
{"level":30,"time":1785580807641,"pid":92767,"hostname":"Chizobas-MacBook-Pro-2.local","msg":"Audit system initialized"}
{"level":30,"time":1785581009869,"pid":93760,"hostname":"Chizobas-MacBook-Pro-2.local","msg":"Audit system initialized"}
{"level":30,"time":1785581014714,"pid":93760,"hostname":"Chizobas-MacBook-Pro-2.local","msg":"Audit system initialized"}
{"level":30,"time":1785581336101,"pid":95335,"hostname":"Chizobas-MacBook-Pro-2.local","msg":"Audit system initialized"}
{"level":30,"time":1785581336400,"pid":95334,"hostname":"Chizobas-MacBook-Pro-2.local","msg":"Audit system initialized"}
{"level":30,"time":1785581337917,"pid":95334,"hostname":"Chizobas-MacBook-Pro-2.local","type":"AUDIT","action":"USER_REGISTER","userId":1,"resource":"AUTH","resourceId":"1","metadata":{"email":"test_1785581337822@example.com","username":"testuser_1785581337822"},"timestamp":"2026-08-01T10:48:57.917Z"}
{"level":30,"time":1785581338160,"pid":95334,"hostname":"Chizobas-MacBook-Pro-2.local","type":"AUDIT","action":"USER_REGISTER","userId":1,"resource":"AUTH","resourceId":"1","metadata":{"email":"test_1785581338124@example.com","username":"testuser_1785581338124"},"timestamp":"2026-08-01T10:48:58.160Z"}
{"level":30,"time":1785581338871,"pid":95334,"hostname":"Chizobas-MacBook-Pro-2.local","type":"AUDIT","action":"USER_REGISTER","userId":1,"resource":"AUTH","resourceId":"1","metadata":{"email":"test_1785581338844@example.com","username":"testuser_1785581338844"},"timestamp":"2026-08-01T10:48:58.871Z"}
{"level":30,"time":1785581338902,"pid":95334,"hostname":"Chizobas-MacBook-Pro-2.local","type":"AUDIT","action":"LOGIN_SUCCESS","userId":1,"resource":"AUTH","resourceId":"1","metadata":{"email":"test_1785581338844@example.com","username":"testuser_1785581338844"},"timestamp":"2026-08-01T10:48:58.902Z"}
{"level":30,"time":1785581339038,"pid":95334,"hostname":"Chizobas-MacBook-Pro-2.local","type":"AUDIT","action":"USER_REGISTER","userId":1,"resource":"AUTH","resourceId":"1","metadata":{"email":"test_1785581338938@example.com","username":"testuser_1785581338938"},"timestamp":"2026-08-01T10:48:59.038Z"}
{"level":30,"time":1785581339286,"pid":95334,"hostname":"Chizobas-MacBook-Pro-2.local","type":"AUDIT","action":"LOGIN_FAILED_INVALID_PASSWORD","userId":1,"resource":"AUTH","resourceId":"1","metadata":{"email":"test_1785581338938@example.com","username":"testuser_1785581338938"},"timestamp":"2026-08-01T10:48:59.286Z"}
{"level":30,"time":1785581339475,"pid":95334,"hostname":"Chizobas-MacBook-Pro-2.local","type":"AUDIT","action":"USER_REGISTER","userId":1,"resource":"AUTH","resourceId":"1","metadata":{"email":"test_1785581339450@example.com","username":"testuser_1785581339450"},"timestamp":"2026-08-01T10:48:59.475Z"}
{"level":30,"time":1785581339513,"pid":95334,"hostname":"Chizobas-MacBook-Pro-2.local","type":"AUDIT","action":"LOGIN_SUCCESS","userId":1,"resource":"AUTH","resourceId":"1","metadata":{"email":"test_1785581339450@example.com","username":"testuser_1785581339450"},"timestamp":"2026-08-01T10:48:59.513Z"}
{"level":30,"time":1785581339610,"pid":95334,"hostname":"Chizobas-MacBook-Pro-2.local","type":"AUDIT","action":"USER_REGISTER","userId":1,"resource":"AUTH","resourceId":"1","metadata":{"email":"test_1785581339576@example.com","username":"testuser_1785581339576"},"timestamp":"2026-08-01T10:48:59.610Z"}
{"level":30,"time":1785581339939,"pid":95334,"hostname":"Chizobas-MacBook-Pro-2.local","type":"AUDIT","action":"USER_REGISTER","userId":1,"resource":"AUTH","resourceId":"1","metadata":{"email":"test_1785581339904@example.com","username":"testuser_1785581339904"},"timestamp":"2026-08-01T10:48:59.939Z"}
{"level":30,"time":1785581339966,"pid":95334,"hostname":"Chizobas-MacBook-Pro-2.local","type":"AUDIT","action":"LOGIN_SUCCESS","userId":1,"resource":"AUTH","resourceId":"1","metadata":{"email":"test_1785581339904@example.com","username":"testuser_1785581339904"},"timestamp":"2026-08-01T10:48:59.966Z"}
{"level":30,"time":1785581340001,"pid":95334,"hostname":"Chizobas-MacBook-Pro-2.local","type":"AUDIT","action":"LOGIN_SUCCESS","userId":1,"resource":"AUTH","resourceId":"1","metadata":{"email":"test_1785581339904@example.com","username":"testuser_1785581339904"},"timestamp":"2026-08-01T10:49:00.001Z"}
{"level":30,"time":1785845129901,"pid":19182,"hostname":"MacBookPro","msg":"Audit system initialized"}
{"level":30,"time":1785845154008,"pid":19348,"hostname":"MacBookPro","msg":"Audit system initialized"}
{"level":30,"time":1785845156666,"pid":19349,"hostname":"MacBookPro","msg":"Audit system initialized"}
{"level":30,"time":1785845159339,"pid":19349,"hostname":"MacBookPro","type":"AUDIT","action":"USER_REGISTER","userId":1,"resource":"AUTH","resourceId":"1","metadata":{"email":"test_1785845159245@example.com","username":"testuser_1785845159245"},"timestamp":"2026-08-04T12:05:59.339Z"}
{"level":30,"time":1785845159489,"pid":19349,"hostname":"MacBookPro","type":"AUDIT","action":"USER_REGISTER","userId":1,"resource":"AUTH","resourceId":"1","metadata":{"email":"test_1785845159457@example.com","username":"testuser_1785845159457"},"timestamp":"2026-08-04T12:05:59.489Z"}
{"level":30,"time":1785845160181,"pid":19349,"hostname":"MacBookPro","type":"AUDIT","action":"USER_REGISTER","userId":1,"resource":"AUTH","resourceId":"1","metadata":{"email":"test_1785845160155@example.com","username":"testuser_1785845160155"},"timestamp":"2026-08-04T12:06:00.181Z"}
{"level":30,"time":1785845160218,"pid":19349,"hostname":"MacBookPro","type":"AUDIT","action":"LOGIN_SUCCESS","userId":1,"resource":"AUTH","resourceId":"1","metadata":{"email":"test_1785845160155@example.com","username":"testuser_1785845160155"},"timestamp":"2026-08-04T12:06:00.218Z"}
{"level":30,"time":1785845160273,"pid":19349,"hostname":"MacBookPro","type":"AUDIT","action":"USER_REGISTER","userId":1,"resource":"AUTH","resourceId":"1","metadata":{"email":"test_1785845160247@example.com","username":"testuser_1785845160247"},"timestamp":"2026-08-04T12:06:00.273Z"}
{"level":30,"time":1785845160296,"pid":19349,"hostname":"MacBookPro","type":"AUDIT","action":"LOGIN_FAILED_INVALID_PASSWORD","userId":1,"resource":"AUTH","resourceId":"1","metadata":{"email":"test_1785845160247@example.com","username":"testuser_1785845160247"},"timestamp":"2026-08-04T12:06:00.296Z"}
{"level":30,"time":1785845160398,"pid":19349,"hostname":"MacBookPro","type":"AUDIT","action":"USER_REGISTER","userId":1,"resource":"AUTH","resourceId":"1","metadata":{"email":"test_1785845160370@example.com","username":"testuser_1785845160370"},"timestamp":"2026-08-04T12:06:00.398Z"}
{"level":30,"time":1785845160425,"pid":19349,"hostname":"MacBookPro","type":"AUDIT","action":"LOGIN_SUCCESS","userId":1,"resource":"AUTH","resourceId":"1","metadata":{"email":"test_1785845160370@example.com","username":"testuser_1785845160370"},"timestamp":"2026-08-04T12:06:00.425Z"}
{"level":30,"time":1785845160479,"pid":19349,"hostname":"MacBookPro","type":"AUDIT","action":"USER_REGISTER","userId":1,"resource":"AUTH","resourceId":"1","metadata":{"email":"test_1785845160453@example.com","username":"testuser_1785845160453"},"timestamp":"2026-08-04T12:06:00.479Z"}
{"level":30,"time":1785845160612,"pid":19349,"hostname":"MacBookPro","type":"AUDIT","action":"USER_REGISTER","userId":1,"resource":"AUTH","resourceId":"1","metadata":{"email":"test_1785845160583@example.com","username":"testuser_1785845160583"},"timestamp":"2026-08-04T12:06:00.612Z"}
{"level":30,"time":1785845160641,"pid":19349,"hostname":"MacBookPro","type":"AUDIT","action":"LOGIN_SUCCESS","userId":1,"resource":"AUTH","resourceId":"1","metadata":{"email":"test_1785845160583@example.com","username":"testuser_1785845160583"},"timestamp":"2026-08-04T12:06:00.641Z"}
{"level":30,"time":1785845160673,"pid":19349,"hostname":"MacBookPro","type":"AUDIT","action":"LOGIN_SUCCESS","userId":1,"resource":"AUTH","resourceId":"1","metadata":{"email":"test_1785845160583@example.com","username":"testuser_1785845160583"},"timestamp":"2026-08-04T12:06:00.673Z"}
{"level":30,"time":1785845370604,"pid":19587,"hostname":"MacBookPro","msg":"Audit system initialized"}
{"level":30,"time":1785845372507,"pid":19586,"hostname":"MacBookPro","msg":"Audit system initialized"}
{"level":30,"time":1785845373927,"pid":19586,"hostname":"MacBookPro","type":"AUDIT","action":"USER_REGISTER","userId":1,"resource":"AUTH","resourceId":"1","metadata":{"email":"test_1785845373828@example.com","username":"testuser_1785845373828"},"timestamp":"2026-08-04T12:09:33.927Z"}
{"level":30,"time":1785845374042,"pid":19586,"hostname":"MacBookPro","type":"AUDIT","action":"USER_REGISTER","userId":1,"resource":"AUTH","resourceId":"1","metadata":{"email":"test_1785845374010@example.com","username":"testuser_1785845374010"},"timestamp":"2026-08-04T12:09:34.042Z"}
{"level":30,"time":1785845374473,"pid":19586,"hostname":"MacBookPro","type":"AUDIT","action":"USER_REGISTER","userId":1,"resource":"AUTH","resourceId":"1","metadata":{"email":"test_1785845374442@example.com","username":"testuser_1785845374442"},"timestamp":"2026-08-04T12:09:34.473Z"}
{"level":30,"time":1785845374517,"pid":19586,"hostname":"MacBookPro","type":"AUDIT","action":"LOGIN_SUCCESS","userId":1,"resource":"AUTH","resourceId":"1","metadata":{"email":"test_1785845374442@example.com","username":"testuser_1785845374442"},"timestamp":"2026-08-04T12:09:34.517Z"}
{"level":30,"time":1785845374593,"pid":19586,"hostname":"MacBookPro","type":"AUDIT","action":"USER_REGISTER","userId":1,"resource":"AUTH","resourceId":"1","metadata":{"email":"test_1785845374558@example.com","username":"testuser_1785845374558"},"timestamp":"2026-08-04T12:09:34.593Z"}
{"level":30,"time":1785845374615,"pid":19586,"hostname":"MacBookPro","type":"AUDIT","action":"LOGIN_FAILED_INVALID_PASSWORD","userId":1,"resource":"AUTH","resourceId":"1","metadata":{"email":"test_1785845374558@example.com","username":"testuser_1785845374558"},"timestamp":"2026-08-04T12:09:34.615Z"}
{"level":30,"time":1785845374720,"pid":19586,"hostname":"MacBookPro","type":"AUDIT","action":"USER_REGISTER","userId":1,"resource":"AUTH","resourceId":"1","metadata":{"email":"test_1785845374686@example.com","username":"testuser_1785845374686"},"timestamp":"2026-08-04T12:09:34.720Z"}
{"level":30,"time":1785845374746,"pid":19586,"hostname":"MacBookPro","type":"AUDIT","action":"LOGIN_SUCCESS","userId":1,"resource":"AUTH","resourceId":"1","metadata":{"email":"test_1785845374686@example.com","username":"testuser_1785845374686"},"timestamp":"2026-08-04T12:09:34.746Z"}
{"level":30,"time":1785845374816,"pid":19586,"hostname":"MacBookPro","type":"AUDIT","action":"USER_REGISTER","userId":1,"resource":"AUTH","resourceId":"1","metadata":{"email":"test_1785845374774@example.com","username":"testuser_1785845374774"},"timestamp":"2026-08-04T12:09:34.816Z"}
{"level":30,"time":1785845374959,"pid":19586,"hostname":"MacBookPro","type":"AUDIT","action":"USER_REGISTER","userId":1,"resource":"AUTH","resourceId":"1","metadata":{"email":"test_1785845374930@example.com","username":"testuser_1785845374930"},"timestamp":"2026-08-04T12:09:34.959Z"}
{"level":30,"time":1785845374988,"pid":19586,"hostname":"MacBookPro","type":"AUDIT","action":"LOGIN_SUCCESS","userId":1,"resource":"AUTH","resourceId":"1","metadata":{"email":"test_1785845374930@example.com","username":"testuser_1785845374930"},"timestamp":"2026-08-04T12:09:34.988Z"}
{"level":30,"time":1785845375020,"pid":19586,"hostname":"MacBookPro","type":"AUDIT","action":"LOGIN_SUCCESS","userId":1,"resource":"AUTH","resourceId":"1","metadata":{"email":"test_1785845374930@example.com","username":"testuser_1785845374930"},"timestamp":"2026-08-04T12:09:35.020Z"}
{"level":30,"time":1785847203433,"pid":20501,"hostname":"MacBookPro","msg":"Audit system initialized"}
{"level":30,"time":1785847205435,"pid":20500,"hostname":"MacBookPro","msg":"Audit system initialized"}
{"level":30,"time":1785847206908,"pid":20500,"hostname":"MacBookPro","type":"AUDIT","action":"USER_REGISTER","userId":1,"resource":"AUTH","resourceId":"1","metadata":{"email":"test_1785847206814@example.com","username":"testuser_1785847206814"},"timestamp":"2026-08-04T12:40:06.908Z"}
{"level":30,"time":1785847207020,"pid":20500,"hostname":"MacBookPro","type":"AUDIT","action":"USER_REGISTER","userId":1,"resource":"AUTH","resourceId":"1","metadata":{"email":"test_1785847206993@example.com","username":"testuser_1785847206993"},"timestamp":"2026-08-04T12:40:07.020Z"}
{"level":30,"time":1785847207418,"pid":20500,"hostname":"MacBookPro","type":"AUDIT","action":"USER_REGISTER","userId":1,"resource":"AUTH","resourceId":"1","metadata":{"email":"test_1785847207392@example.com","username":"testuser_1785847207391"},"timestamp":"2026-08-04T12:40:07.418Z"}
{"level":30,"time":1785847207451,"pid":20500,"hostname":"MacBookPro","type":"AUDIT","action":"LOGIN_SUCCESS","userId":1,"resource":"AUTH","resourceId":"1","metadata":{"email":"test_1785847207392@example.com","username":"testuser_1785847207391"},"timestamp":"2026-08-04T12:40:07.451Z"}
{"level":30,"time":1785847207505,"pid":20500,"hostname":"MacBookPro","type":"AUDIT","action":"USER_REGISTER","userId":1,"resource":"AUTH","resourceId":"1","metadata":{"email":"test_1785847207480@example.com","username":"testuser_1785847207480"},"timestamp":"2026-08-04T12:40:07.505Z"}
{"level":30,"time":1785847207526,"pid":20500,"hostname":"MacBookPro","type":"AUDIT","action":"LOGIN_FAILED_INVALID_PASSWORD","userId":1,"resource":"AUTH","resourceId":"1","metadata":{"email":"test_1785847207480@example.com","username":"testuser_1785847207480"},"timestamp":"2026-08-04T12:40:07.526Z"}
{"level":30,"time":1785847207623,"pid":20500,"hostname":"MacBookPro","type":"AUDIT","action":"USER_REGISTER","userId":1,"resource":"AUTH","resourceId":"1","metadata":{"email":"test_1785847207598@example.com","username":"testuser_1785847207598"},"timestamp":"2026-08-04T12:40:07.623Z"}
{"level":30,"time":1785847207652,"pid":20500,"hostname":"MacBookPro","type":"AUDIT","action":"LOGIN_SUCCESS","userId":1,"resource":"AUTH","resourceId":"1","metadata":{"email":"test_1785847207598@example.com","username":"testuser_1785847207598"},"timestamp":"2026-08-04T12:40:07.652Z"}
{"level":30,"time":1785847207706,"pid":20500,"hostname":"MacBookPro","type":"AUDIT","action":"USER_REGISTER","userId":1,"resource":"AUTH","resourceId":"1","metadata":{"email":"test_1785847207681@example.com","username":"testuser_1785847207681"},"timestamp":"2026-08-04T12:40:07.706Z"}
{"level":30,"time":1785847207854,"pid":20500,"hostname":"MacBookPro","type":"AUDIT","action":"USER_REGISTER","userId":1,"resource":"AUTH","resourceId":"1","metadata":{"email":"test_1785847207828@example.com","username":"testuser_1785847207828"},"timestamp":"2026-08-04T12:40:07.854Z"}
{"level":30,"time":1785847207882,"pid":20500,"hostname":"MacBookPro","type":"AUDIT","action":"LOGIN_SUCCESS","userId":1,"resource":"AUTH","resourceId":"1","metadata":{"email":"test_1785847207828@example.com","username":"testuser_1785847207828"},"timestamp":"2026-08-04T12:40:07.882Z"}
{"level":30,"time":1785847207915,"pid":20500,"hostname":"MacBookPro","type":"AUDIT","action":"LOGIN_SUCCESS","userId":1,"resource":"AUTH","resourceId":"1","metadata":{"email":"test_1785847207828@example.com","username":"testuser_1785847207828"},"timestamp":"2026-08-04T12:40:07.915Z"}
{"level":30,"time":1785847543798,"pid":20821,"hostname":"MacBookPro","msg":"Audit system initialized"}
{"level":30,"time":1785847545577,"pid":20820,"hostname":"MacBookPro","msg":"Audit system initialized"}
{"level":30,"time":1785847546747,"pid":20820,"hostname":"MacBookPro","type":"AUDIT","action":"USER_REGISTER","userId":1,"resource":"AUTH","resourceId":"1","metadata":{"email":"test_1785847546658@example.com","username":"testuser_1785847546658"},"timestamp":"2026-08-04T12:45:46.747Z"}
{"level":30,"time":1785847546853,"pid":20820,"hostname":"MacBookPro","type":"AUDIT","action":"USER_REGISTER","userId":1,"resource":"AUTH","resourceId":"1","metadata":{"email":"test_1785847546824@example.com","username":"testuser_1785847546824"},"timestamp":"2026-08-04T12:45:46.853Z"}
{"level":30,"time":1785847547256,"pid":20820,"hostname":"MacBookPro","type":"AUDIT","action":"USER_REGISTER","userId":1,"resource":"AUTH","resourceId":"1","metadata":{"email":"test_1785847547230@example.com","username":"testuser_1785847547230"},"timestamp":"2026-08-04T12:45:47.256Z"}
{"level":30,"time":1785847547290,"pid":20820,"hostname":"MacBookPro","type":"AUDIT","action":"LOGIN_SUCCESS","userId":1,"resource":"AUTH","resourceId":"1","metadata":{"email":"test_1785847547230@example.com","username":"testuser_1785847547230"},"timestamp":"2026-08-04T12:45:47.290Z"}
{"level":30,"time":1785847547345,"pid":20820,"hostname":"MacBookPro","type":"AUDIT","action":"USER_REGISTER","userId":1,"resource":"AUTH","resourceId":"1","metadata":{"email":"test_1785847547319@example.com","username":"testuser_1785847547319"},"timestamp":"2026-08-04T12:45:47.345Z"}
{"level":30,"time":1785847547365,"pid":20820,"hostname":"MacBookPro","type":"AUDIT","action":"LOGIN_FAILED_INVALID_PASSWORD","userId":1,"resource":"AUTH","resourceId":"1","metadata":{"email":"test_1785847547319@example.com","username":"testuser_1785847547319"},"timestamp":"2026-08-04T12:45:47.365Z"}
{"level":30,"time":1785847547454,"pid":20820,"hostname":"MacBookPro","type":"AUDIT","action":"USER_REGISTER","userId":1,"resource":"AUTH","resourceId":"1","metadata":{"email":"test_1785847547428@example.com","username":"testuser_1785847547428"},"timestamp":"2026-08-04T12:45:47.454Z"}
{"level":30,"time":1785847547480,"pid":20820,"hostname":"MacBookPro","type":"AUDIT","action":"LOGIN_SUCCESS","userId":1,"resource":"AUTH","resourceId":"1","metadata":{"email":"test_1785847547428@example.com","username":"testuser_1785847547428"},"timestamp":"2026-08-04T12:45:47.480Z"}
{"level":30,"time":1785847547534,"pid":20820,"hostname":"MacBookPro","type":"AUDIT","action":"USER_REGISTER","userId":1,"resource":"AUTH","resourceId":"1","metadata":{"email":"test_1785847547509@example.com","username":"testuser_1785847547509"},"timestamp":"2026-08-04T12:45:47.534Z"}
{"level":30,"time":1785847547663,"pid":20820,"hostname":"MacBookPro","type":"AUDIT","action":"USER_REGISTER","userId":1,"resource":"AUTH","resourceId":"1","metadata":{"email":"test_1785847547637@example.com","username":"testuser_1785847547637"},"timestamp":"2026-08-04T12:45:47.663Z"}
{"level":30,"time":1785847547689,"pid":20820,"hostname":"MacBookPro","type":"AUDIT","action":"LOGIN_SUCCESS","userId":1,"resource":"AUTH","resourceId":"1","metadata":{"email":"test_1785847547637@example.com","username":"testuser_1785847547637"},"timestamp":"2026-08-04T12:45:47.689Z"}
{"level":30,"time":1785847547719,"pid":20820,"hostname":"MacBookPro","type":"AUDIT","action":"LOGIN_SUCCESS","userId":1,"resource":"AUTH","resourceId":"1","metadata":{"email":"test_1785847547637@example.com","username":"testuser_1785847547637"},"timestamp":"2026-08-04T12:45:47.719Z"}
{"level":30,"time":1785847607874,"pid":20968,"hostname":"MacBookPro","msg":"Audit system initialized"}
{"level":30,"time":1785847609748,"pid":20967,"hostname":"MacBookPro","msg":"Audit system initialized"}
{"level":30,"time":1785847610916,"pid":20967,"hostname":"MacBookPro","type":"AUDIT","action":"USER_REGISTER","userId":1,"resource":"AUTH","resourceId":"1","metadata":{"email":"test_1785847610834@example.com","username":"testuser_1785847610834"},"timestamp":"2026-08-04T12:46:50.916Z"}
{"level":30,"time":1785847611066,"pid":20967,"hostname":"MacBookPro","type":"AUDIT","action":"USER_REGISTER","userId":1,"resource":"AUTH","resourceId":"1","metadata":{"email":"test_1785847611039@example.com","username":"testuser_1785847611039"},"timestamp":"2026-08-04T12:46:51.066Z"}
{"level":30,"time":1785847611432,"pid":20967,"hostname":"MacBookPro","type":"AUDIT","action":"USER_REGISTER","userId":1,"resource":"AUTH","resourceId":"1","metadata":{"email":"test_1785847611406@example.com","username":"testuser_1785847611406"},"timestamp":"2026-08-04T12:46:51.432Z"}
{"level":30,"time":1785847611464,"pid":20967,"hostname":"MacBookPro","type":"AUDIT","action":"LOGIN_SUCCESS","userId":1,"resource":"AUTH","resourceId":"1","metadata":{"email":"test_1785847611406@example.com","username":"testuser_1785847611406"},"timestamp":"2026-08-04T12:46:51.464Z"}
{"level":30,"time":1785847611514,"pid":20967,"hostname":"MacBookPro","type":"AUDIT","action":"USER_REGISTER","userId":1,"resource":"AUTH","resourceId":"1","metadata":{"email":"test_1785847611489@example.com","username":"testuser_1785847611489"},"timestamp":"2026-08-04T12:46:51.514Z"}
{"level":30,"time":1785847611535,"pid":20967,"hostname":"MacBookPro","type":"AUDIT","action":"LOGIN_FAILED_INVALID_PASSWORD","userId":1,"resource":"AUTH","resourceId":"1","metadata":{"email":"test_1785847611489@example.com","username":"testuser_1785847611489"},"timestamp":"2026-08-04T12:46:51.535Z"}
{"level":30,"time":1785847611632,"pid":20967,"hostname":"MacBookPro","type":"AUDIT","action":"USER_REGISTER","userId":1,"resource":"AUTH","resourceId":"1","metadata":{"email":"test_1785847611606@example.com","username":"testuser_1785847611606"},"timestamp":"2026-08-04T12:46:51.632Z"}
{"level":30,"time":1785847611657,"pid":20967,"hostname":"MacBookPro","type":"AUDIT","action":"LOGIN_SUCCESS","userId":1,"resource":"AUTH","resourceId":"1","metadata":{"email":"test_1785847611606@example.com","username":"testuser_1785847611606"},"timestamp":"2026-08-04T12:46:51.657Z"}
{"level":30,"time":1785847611711,"pid":20967,"hostname":"MacBookPro","type":"AUDIT","action":"USER_REGISTER","userId":1,"resource":"AUTH","resourceId":"1","metadata":{"email":"test_1785847611686@example.com","username":"testuser_1785847611686"},"timestamp":"2026-08-04T12:46:51.711Z"}
{"level":30,"time":1785847611893,"pid":20967,"hostname":"MacBookPro","type":"AUDIT","action":"USER_REGISTER","userId":1,"resource":"AUTH","resourceId":"1","metadata":{"email":"test_1785847611858@example.com","username":"testuser_1785847611858"},"timestamp":"2026-08-04T12:46:51.893Z"}
{"level":30,"time":1785847611925,"pid":20967,"hostname":"MacBookPro","type":"AUDIT","action":"LOGIN_SUCCESS","userId":1,"resource":"AUTH","resourceId":"1","metadata":{"email":"test_1785847611858@example.com","username":"testuser_1785847611858"},"timestamp":"2026-08-04T12:46:51.925Z"}
{"level":30,"time":1785847611958,"pid":20967,"hostname":"MacBookPro","type":"AUDIT","action":"LOGIN_SUCCESS","userId":1,"resource":"AUTH","resourceId":"1","metadata":{"email":"test_1785847611858@example.com","username":"testuser_1785847611858"},"timestamp":"2026-08-04T12:46:51.958Z"}
{"level":30,"time":1785847707278,"pid":21181,"hostname":"MacBookPro","msg":"Audit system initialized"}
{"level":30,"time":1785847709232,"pid":21180,"hostname":"MacBookPro","msg":"Audit system initialized"}
{"level":30,"time":1785847710672,"pid":21180,"hostname":"MacBookPro","type":"AUDIT","action":"USER_REGISTER","userId":1,"resource":"AUTH","resourceId":"1","metadata":{"email":"test_1785847710593@example.com","username":"testuser_1785847710593"},"timestamp":"2026-08-04T12:48:30.672Z"}
{"level":30,"time":1785847710783,"pid":21180,"hostname":"MacBookPro","type":"AUDIT","action":"USER_REGISTER","userId":1,"resource":"AUTH","resourceId":"1","metadata":{"email":"test_1785847710755@example.com","username":"testuser_1785847710755"},"timestamp":"2026-08-04T12:48:30.783Z"}
{"level":30,"time":1785847711103,"pid":21180,"hostname":"MacBookPro","type":"AUDIT","action":"USER_REGISTER","userId":1,"resource":"AUTH","resourceId":"1","metadata":{"email":"test_1785847711078@example.com","username":"testuser_1785847711078"},"timestamp":"2026-08-04T12:48:31.103Z"}
{"level":30,"time":1785847711135,"pid":21180,"hostname":"MacBookPro","type":"AUDIT","action":"LOGIN_SUCCESS","userId":1,"resource":"AUTH","resourceId":"1","metadata":{"email":"test_1785847711078@example.com","username":"testuser_1785847711078"},"timestamp":"2026-08-04T12:48:31.135Z"}
{"level":30,"time":1785847711188,"pid":21180,"hostname":"MacBookPro","type":"AUDIT","action":"USER_REGISTER","userId":1,"resource":"AUTH","resourceId":"1","metadata":{"email":"test_1785847711160@example.com","username":"testuser_1785847711160"},"timestamp":"2026-08-04T12:48:31.188Z"}
{"level":30,"time":1785847711214,"pid":21180,"hostname":"MacBookPro","type":"AUDIT","action":"LOGIN_FAILED_INVALID_PASSWORD","userId":1,"resource":"AUTH","resourceId":"1","metadata":{"email":"test_1785847711160@example.com","username":"testuser_1785847711160"},"timestamp":"2026-08-04T12:48:31.214Z"}
{"level":30,"time":1785847711308,"pid":21180,"hostname":"MacBookPro","type":"AUDIT","action":"USER_REGISTER","userId":1,"resource":"AUTH","resourceId":"1","metadata":{"email":"test_1785847711284@example.com","username":"testuser_1785847711284"},"timestamp":"2026-08-04T12:48:31.308Z"}
{"level":30,"time":1785847711332,"pid":21180,"hostname":"MacBookPro","type":"AUDIT","action":"LOGIN_SUCCESS","userId":1,"resource":"AUTH","resourceId":"1","metadata":{"email":"test_1785847711284@example.com","username":"testuser_1785847711284"},"timestamp":"2026-08-04T12:48:31.332Z"}
{"level":30,"time":1785847711377,"pid":21180,"hostname":"MacBookPro","type":"AUDIT","action":"USER_REGISTER","userId":1,"resource":"AUTH","resourceId":"1","metadata":{"email":"test_1785847711354@example.com","username":"testuser_1785847711354"},"timestamp":"2026-08-04T12:48:31.377Z"}
{"level":30,"time":1785847711490,"pid":21180,"hostname":"MacBookPro","type":"AUDIT","action":"USER_REGISTER","userId":1,"resource":"AUTH","resourceId":"1","metadata":{"email":"test_1785847711464@example.com","username":"testuser_1785847711464"},"timestamp":"2026-08-04T12:48:31.490Z"}
{"level":30,"time":1785847711514,"pid":21180,"hostname":"MacBookPro","type":"AUDIT","action":"LOGIN_SUCCESS","userId":1,"resource":"AUTH","resourceId":"1","metadata":{"email":"test_1785847711464@example.com","username":"testuser_1785847711464"},"timestamp":"2026-08-04T12:48:31.514Z"}
{"level":30,"time":1785847711547,"pid":21180,"hostname":"MacBookPro","type":"AUDIT","action":"LOGIN_SUCCESS","userId":1,"resource":"AUTH","resourceId":"1","metadata":{"email":"test_1785847711464@example.com","username":"testuser_1785847711464"},"timestamp":"2026-08-04T12:48:31.547Z"}
{"level":30,"time":1785849698073,"pid":21867,"hostname":"MacBookPro","msg":"Audit system initialized"}
{"level":30,"time":1785849700439,"pid":21866,"hostname":"MacBookPro","msg":"Audit system initialized"}
{"level":30,"time":1785849702121,"pid":21866,"hostname":"MacBookPro","type":"AUDIT","action":"USER_REGISTER","userId":1,"resource":"AUTH","resourceId":"1","metadata":{"email":"test_1785849702031@example.com","username":"testuser_1785849702031"},"timestamp":"2026-08-04T13:21:42.121Z"}
{"level":30,"time":1785849702232,"pid":21866,"hostname":"MacBookPro","type":"AUDIT","action":"USER_REGISTER","userId":1,"resource":"AUTH","resourceId":"1","metadata":{"email":"test_1785849702204@example.com","username":"testuser_1785849702204"},"timestamp":"2026-08-04T13:21:42.232Z"}
{"level":30,"time":1785849702777,"pid":21866,"hostname":"MacBookPro","type":"AUDIT","action":"USER_REGISTER","userId":1,"resource":"AUTH","resourceId":"1","metadata":{"email":"test_1785849702742@example.com","username":"testuser_1785849702742"},"timestamp":"2026-08-04T13:21:42.777Z"}
{"level":30,"time":1785849702815,"pid":21866,"hostname":"MacBookPro","type":"AUDIT","action":"LOGIN_SUCCESS","userId":1,"resource":"AUTH","resourceId":"1","metadata":{"email":"test_1785849702742@example.com","username":"testuser_1785849702742"},"timestamp":"2026-08-04T13:21:42.815Z"}
{"level":30,"time":1785849702877,"pid":21866,"hostname":"MacBookPro","type":"AUDIT","action":"USER_REGISTER","userId":1,"resource":"AUTH","resourceId":"1","metadata":{"email":"test_1785849702852@example.com","username":"testuser_1785849702852"},"timestamp":"2026-08-04T13:21:42.877Z"}
{"level":30,"time":1785849702899,"pid":21866,"hostname":"MacBookPro","type":"AUDIT","action":"LOGIN_FAILED_INVALID_PASSWORD","userId":1,"resource":"AUTH","resourceId":"1","metadata":{"email":"test_1785849702852@example.com","username":"testuser_1785849702852"},"timestamp":"2026-08-04T13:21:42.899Z"}
{"level":30,"time":1785849702930,"pid":21866,"hostname":"MacBookPro","type":"AUDIT","action":"LOGIN_FAILED_USER_NOT_FOUND","resource":"AUTH","resourceId":"unknown","metadata":{"email":"nonexistent@example.com"},"timestamp":"2026-08-04T13:21:42.930Z"}
{"level":30,"time":1785849702981,"pid":21866,"hostname":"MacBookPro","type":"AUDIT","action":"USER_REGISTER","userId":1,"resource":"AUTH","resourceId":"1","metadata":{"email":"test_1785849702954@example.com","username":"testuser_1785849702954"},"timestamp":"2026-08-04T13:21:42.981Z"}
{"level":30,"time":1785849703008,"pid":21866,"hostname":"MacBookPro","type":"AUDIT","action":"LOGIN_SUCCESS","userId":1,"resource":"AUTH","resourceId":"1","metadata":{"email":"test_1785849702954@example.com","username":"testuser_1785849702954"},"timestamp":"2026-08-04T13:21:43.008Z"}
{"level":30,"time":1785849703055,"pid":21866,"hostname":"MacBookPro","type":"AUDIT","action":"USER_REGISTER","userId":1,"resource":"AUTH","resourceId":"1","metadata":{"email":"test_1785849703031@example.com","username":"testuser_1785849703031"},"timestamp":"2026-08-04T13:21:43.055Z"}
{"level":30,"time":1785849703182,"pid":21866,"hostname":"MacBookPro","type":"AUDIT","action":"USER_REGISTER","userId":1,"resource":"AUTH","resourceId":"1","metadata":{"email":"test_1785849703154@example.com","username":"testuser_1785849703154"},"timestamp":"2026-08-04T13:21:43.182Z"}
{"level":30,"time":1785849703209,"pid":21866,"hostname":"MacBookPro","type":"AUDIT","action":"LOGIN_SUCCESS","userId":1,"resource":"AUTH","resourceId":"1","metadata":{"email":"test_1785849703154@example.com","username":"testuser_1785849703154"},"timestamp":"2026-08-04T13:21:43.209Z"}
{"level":30,"time":1785849703241,"pid":21866,"hostname":"MacBookPro","type":"AUDIT","action":"LOGIN_SUCCESS","userId":1,"resource":"AUTH","resourceId":"1","metadata":{"email":"test_1785849703154@example.com","username":"testuser_1785849703154"},"timestamp":"2026-08-04T13:21:43.241Z"}
{"level":30,"time":1785850036326,"pid":22186,"hostname":"MacBookPro","msg":"Audit system initialized"}
{"level":30,"time":1785850038817,"pid":22185,"hostname":"MacBookPro","msg":"Audit system initialized"}
{"level":30,"time":1785850040561,"pid":22185,"hostname":"MacBookPro","type":"AUDIT","action":"USER_REGISTER","userId":1,"resource":"AUTH","resourceId":"1","metadata":{"email":"test_1785850040476@example.com","username":"testuser_1785850040476"},"timestamp":"2026-08-04T13:27:20.561Z"}
{"level":30,"time":1785850040678,"pid":22185,"hostname":"MacBookPro","type":"AUDIT","action":"USER_REGISTER","userId":1,"resource":"AUTH","resourceId":"1","metadata":{"email":"test_1785850040649@example.com","username":"testuser_1785850040649"},"timestamp":"2026-08-04T13:27:20.678Z"}
{"level":30,"time":1785850041135,"pid":22185,"hostname":"MacBookPro","type":"AUDIT","action":"USER_REGISTER","userId":1,"resource":"AUTH","resourceId":"1","metadata":{"email":"test_1785850041108@example.com","username":"testuser_1785850041108"},"timestamp":"2026-08-04T13:27:21.135Z"}
{"level":30,"time":1785850041167,"pid":22185,"hostname":"MacBookPro","type":"AUDIT","action":"LOGIN_SUCCESS","userId":1,"resource":"AUTH","resourceId":"1","metadata":{"email":"test_1785850041108@example.com","username":"testuser_1785850041108"},"timestamp":"2026-08-04T13:27:21.167Z"}
{"level":30,"time":1785850041216,"pid":22185,"hostname":"MacBookPro","type":"AUDIT","action":"USER_REGISTER","userId":1,"resource":"AUTH","resourceId":"1","metadata":{"email":"test_1785850041192@example.com","username":"testuser_1785850041192"},"timestamp":"2026-08-04T13:27:21.216Z"}
{"level":30,"time":1785850041238,"pid":22185,"hostname":"MacBookPro","type":"AUDIT","action":"LOGIN_FAILED_INVALID_PASSWORD","userId":1,"resource":"AUTH","resourceId":"1","metadata":{"email":"test_1785850041192@example.com","username":"testuser_1785850041192"},"timestamp":"2026-08-04T13:27:21.238Z"}
{"level":30,"time":1785850041286,"pid":22185,"hostname":"MacBookPro","type":"AUDIT","action":"LOGIN_FAILED_USER_NOT_FOUND","resource":"AUTH","resourceId":"unknown","metadata":{"email":"nonexistent@example.com"},"timestamp":"2026-08-04T13:27:21.286Z"}
{"level":30,"time":1785850041338,"pid":22185,"hostname":"MacBookPro","type":"AUDIT","action":"USER_REGISTER","userId":1,"resource":"AUTH","resourceId":"1","metadata":{"email":"test_1785850041313@example.com","username":"testuser_1785850041313"},"timestamp":"2026-08-04T13:27:21.338Z"}
{"level":30,"time":1785850041363,"pid":22185,"hostname":"MacBookPro","type":"AUDIT","action":"LOGIN_SUCCESS","userId":1,"resource":"AUTH","resourceId":"1","metadata":{"email":"test_1785850041313@example.com","username":"testuser_1785850041313"},"timestamp":"2026-08-04T13:27:21.363Z"}
{"level":30,"time":1785850041415,"pid":22185,"hostname":"MacBookPro","type":"AUDIT","action":"USER_REGISTER","userId":1,"resource":"AUTH","resourceId":"1","metadata":{"email":"test_1785850041390@example.com","username":"testuser_1785850041390"},"timestamp":"2026-08-04T13:27:21.415Z"}
{"level":30,"time":1785850041535,"pid":22185,"hostname":"MacBookPro","type":"AUDIT","action":"USER_REGISTER","userId":1,"resource":"AUTH","resourceId":"1","metadata":{"email":"test_1785850041509@example.com","username":"testuser_1785850041509"},"timestamp":"2026-08-04T13:27:21.535Z"}
{"level":30,"time":1785850041561,"pid":22185,"hostname":"MacBookPro","type":"AUDIT","action":"LOGIN_SUCCESS","userId":1,"resource":"AUTH","resourceId":"1","metadata":{"email":"test_1785850041509@example.com","username":"testuser_1785850041509"},"timestamp":"2026-08-04T13:27:21.561Z"}
{"level":30,"time":1785850041594,"pid":22185,"hostname":"MacBookPro","type":"AUDIT","action":"LOGIN_SUCCESS","userId":1,"resource":"AUTH","resourceId":"1","metadata":{"email":"test_1785850041509@example.com","username":"testuser_1785850041509"},"timestamp":"2026-08-04T13:27:21.594Z"}
{"level":30,"time":1785850111534,"pid":22414,"hostname":"MacBookPro","msg":"Audit system initialized"}
{"level":30,"time":1785850113225,"pid":22413,"hostname":"MacBookPro","msg":"Audit system initialized"}
{"level":30,"time":1785850114436,"pid":22413,"hostname":"MacBookPro","type":"AUDIT","action":"USER_REGISTER","userId":1,"resource":"AUTH","resourceId":"1","metadata":{"email":"test_1785850114353@example.com","username":"testuser_1785850114353"},"timestamp":"2026-08-04T13:28:34.436Z"}
{"level":30,"time":1785850114535,"pid":22413,"hostname":"MacBookPro","type":"AUDIT","action":"USER_REGISTER","userId":1,"resource":"AUTH","resourceId":"1","metadata":{"email":"test_1785850114507@example.com","username":"testuser_1785850114507"},"timestamp":"2026-08-04T13:28:34.535Z"}
{"level":30,"time":1785850114880,"pid":22413,"hostname":"MacBookPro","type":"AUDIT","action":"USER_REGISTER","userId":1,"resource":"AUTH","resourceId":"1","metadata":{"email":"test_1785850114855@example.com","username":"testuser_1785850114855"},"timestamp":"2026-08-04T13:28:34.880Z"}
{"level":30,"time":1785850114914,"pid":22413,"hostname":"MacBookPro","type":"AUDIT","action":"LOGIN_SUCCESS","userId":1,"resource":"AUTH","resourceId":"1","metadata":{"email":"test_1785850114855@example.com","username":"testuser_1785850114855"},"timestamp":"2026-08-04T13:28:34.914Z"}
{"level":30,"time":1785850114966,"pid":22413,"hostname":"MacBookPro","type":"AUDIT","action":"USER_REGISTER","userId":1,"resource":"AUTH","resourceId":"1","metadata":{"email":"test_1785850114940@example.com","username":"testuser_1785850114940"},"timestamp":"2026-08-04T13:28:34.966Z"}
{"level":30,"time":1785850114986,"pid":22413,"hostname":"MacBookPro","type":"AUDIT","action":"LOGIN_FAILED_INVALID_PASSWORD","userId":1,"resource":"AUTH","resourceId":"1","metadata":{"email":"test_1785850114940@example.com","username":"testuser_1785850114940"},"timestamp":"2026-08-04T13:28:34.986Z"}
{"level":30,"time":1785850115015,"pid":22413,"hostname":"MacBookPro","type":"AUDIT","action":"LOGIN_FAILED_USER_NOT_FOUND","resource":"AUTH","resourceId":"unknown","metadata":{"email":"nonexistent@example.com"},"timestamp":"2026-08-04T13:28:35.014Z"}
{"level":30,"time":1785850115065,"pid":22413,"hostname":"MacBookPro","type":"AUDIT","action":"USER_REGISTER","userId":1,"resource":"AUTH","resourceId":"1","metadata":{"email":"test_1785850115039@example.com","username":"testuser_1785850115039"},"timestamp":"2026-08-04T13:28:35.065Z"}
{"level":30,"time":1785850115090,"pid":22413,"hostname":"MacBookPro","type":"AUDIT","action":"LOGIN_SUCCESS","userId":1,"resource":"AUTH","resourceId":"1","metadata":{"email":"test_1785850115039@example.com","username":"testuser_1785850115039"},"timestamp":"2026-08-04T13:28:35.090Z"}
{"level":30,"time":1785850115140,"pid":22413,"hostname":"MacBookPro","type":"AUDIT","action":"USER_REGISTER","userId":1,"resource":"AUTH","resourceId":"1","metadata":{"email":"test_1785850115115@example.com","username":"testuser_1785850115115"},"timestamp":"2026-08-04T13:28:35.140Z"}
{"level":30,"time":1785850115277,"pid":22413,"hostname":"MacBookPro","type":"AUDIT","action":"USER_REGISTER","userId":1,"resource":"AUTH","resourceId":"1","metadata":{"email":"test_1785850115251@example.com","username":"testuser_1785850115251"},"timestamp":"2026-08-04T13:28:35.277Z"}
{"level":30,"time":1785850115307,"pid":22413,"hostname":"MacBookPro","type":"AUDIT","action":"LOGIN_SUCCESS","userId":1,"resource":"AUTH","resourceId":"1","metadata":{"email":"test_1785850115251@example.com","username":"testuser_1785850115251"},"timestamp":"2026-08-04T13:28:35.307Z"}
{"level":30,"time":1785850115337,"pid":22413,"hostname":"MacBookPro","type":"AUDIT","action":"LOGIN_SUCCESS","userId":1,"resource":"AUTH","resourceId":"1","metadata":{"email":"test_1785850115251@example.com","username":"testuser_1785850115251"},"timestamp":"2026-08-04T13:28:35.337Z"}
{"level":30,"time":1785850774326,"pid":22824,"hostname":"MacBookPro","msg":"Audit system initialized"}
{"level":30,"time":1785850776460,"pid":22823,"hostname":"MacBookPro","msg":"Audit system initialized"}
{"level":30,"time":1785850777609,"pid":22823,"hostname":"MacBookPro","type":"AUDIT","action":"USER_REGISTER","userId":1,"resource":"AUTH","resourceId":"1","metadata":{"email":"test_1785850777519@example.com","username":"testuser_1785850777519"},"timestamp":"2026-08-04T13:39:37.609Z"}
{"level":30,"time":1785850777734,"pid":22823,"hostname":"MacBookPro","type":"AUDIT","action":"USER_REGISTER","userId":1,"resource":"AUTH","resourceId":"1","metadata":{"email":"test_1785850777705@example.com","username":"testuser_1785850777705"},"timestamp":"2026-08-04T13:39:37.733Z"}
{"level":30,"time":1785850778107,"pid":22823,"hostname":"MacBookPro","type":"AUDIT","action":"USER_REGISTER","userId":1,"resource":"AUTH","resourceId":"1","metadata":{"email":"test_1785850778081@example.com","username":"testuser_1785850778081"},"timestamp":"2026-08-04T13:39:38.107Z"}
{"level":30,"time":1785850778143,"pid":22823,"hostname":"MacBookPro","type":"AUDIT","action":"LOGIN_SUCCESS","userId":1,"resource":"AUTH","resourceId":"1","metadata":{"email":"test_1785850778081@example.com","username":"testuser_1785850778081"},"timestamp":"2026-08-04T13:39:38.143Z"}
{"level":30,"time":1785850778192,"pid":22823,"hostname":"MacBookPro","type":"AUDIT","action":"USER_REGISTER","userId":1,"resource":"AUTH","resourceId":"1","metadata":{"email":"test_1785850778168@example.com","username":"testuser_1785850778168"},"timestamp":"2026-08-04T13:39:38.192Z"}
{"level":30,"time":1785850778216,"pid":22823,"hostname":"MacBookPro","type":"AUDIT","action":"LOGIN_FAILED_INVALID_PASSWORD","userId":1,"resource":"AUTH","resourceId":"1","metadata":{"email":"test_1785850778168@example.com","username":"testuser_1785850778168"},"timestamp":"2026-08-04T13:39:38.216Z"}
{"level":30,"time":1785850778245,"pid":22823,"hostname":"MacBookPro","type":"AUDIT","action":"LOGIN_FAILED_USER_NOT_FOUND","resource":"AUTH","resourceId":"unknown","metadata":{"email":"nonexistent@example.com"},"timestamp":"2026-08-04T13:39:38.245Z"}
{"level":30,"time":1785850778292,"pid":22823,"hostname":"MacBookPro","type":"AUDIT","action":"USER_REGISTER","userId":1,"resource":"AUTH","resourceId":"1","metadata":{"email":"test_1785850778266@example.com","username":"testuser_1785850778266"},"timestamp":"2026-08-04T13:39:38.292Z"}
{"level":30,"time":1785850778318,"pid":22823,"hostname":"MacBookPro","type":"AUDIT","action":"LOGIN_SUCCESS","userId":1,"resource":"AUTH","resourceId":"1","metadata":{"email":"test_1785850778266@example.com","username":"testuser_1785850778266"},"timestamp":"2026-08-04T13:39:38.318Z"}
{"level":30,"time":1785850778368,"pid":22823,"hostname":"MacBookPro","type":"AUDIT","action":"USER_REGISTER","userId":1,"resource":"AUTH","resourceId":"1","metadata":{"email":"test_1785850778343@example.com","username":"testuser_1785850778343"},"timestamp":"2026-08-04T13:39:38.368Z"}
{"level":30,"time":1785850778492,"pid":22823,"hostname":"MacBookPro","type":"AUDIT","action":"USER_REGISTER","userId":1,"resource":"AUTH","resourceId":"1","metadata":{"email":"test_1785850778465@example.com","username":"testuser_1785850778465"},"timestamp":"2026-08-04T13:39:38.492Z"}
{"level":30,"time":1785850778520,"pid":22823,"hostname":"MacBookPro","type":"AUDIT","action":"LOGIN_SUCCESS","userId":1,"resource":"AUTH","resourceId":"1","metadata":{"email":"test_1785850778465@example.com","username":"testuser_1785850778465"},"timestamp":"2026-08-04T13:39:38.520Z"}
{"level":30,"time":1785850778554,"pid":22823,"hostname":"MacBookPro","type":"AUDIT","action":"LOGIN_SUCCESS","userId":1,"resource":"AUTH","resourceId":"1","metadata":{"email":"test_1785850778465@example.com","username":"testuser_1785850778465"},"timestamp":"2026-08-04T13:39:38.554Z"}
{"level":30,"time":1785850887869,"pid":23030,"hostname":"MacBookPro","msg":"Audit system initialized"}
{"level":30,"time":1785850889660,"pid":23029,"hostname":"MacBookPro","msg":"Audit system initialized"}
{"level":30,"time":1785850890826,"pid":23029,"hostname":"MacBookPro","type":"AUDIT","action":"USER_REGISTER","userId":1,"resource":"AUTH","resourceId":"1","metadata":{"email":"test_1785850890717@example.com","username":"testuser_1785850890717"},"timestamp":"2026-08-04T13:41:30.825Z"}
{"level":30,"time":1785850890945,"pid":23029,"hostname":"MacBookPro","type":"AUDIT","action":"USER_REGISTER","userId":1,"resource":"AUTH","resourceId":"1","metadata":{"email":"test_1785850890904@example.com","username":"testuser_1785850890904"},"timestamp":"2026-08-04T13:41:30.945Z"}
{"level":30,"time":1785850891304,"pid":23029,"hostname":"MacBookPro","type":"AUDIT","action":"USER_REGISTER","userId":1,"resource":"AUTH","resourceId":"1","metadata":{"email":"test_1785850891278@example.com","username":"testuser_1785850891278"},"timestamp":"2026-08-04T13:41:31.304Z"}
{"level":30,"time":1785850891336,"pid":23029,"hostname":"MacBookPro","type":"AUDIT","action":"LOGIN_SUCCESS","userId":1,"resource":"AUTH","resourceId":"1","metadata":{"email":"test_1785850891278@example.com","username":"testuser_1785850891278"},"timestamp":"2026-08-04T13:41:31.336Z"}
{"level":30,"time":1785850891385,"pid":23029,"hostname":"MacBookPro","type":"AUDIT","action":"USER_REGISTER","userId":1,"resource":"AUTH","resourceId":"1","metadata":{"email":"test_1785850891361@example.com","username":"testuser_1785850891361"},"timestamp":"2026-08-04T13:41:31.385Z"}
{"level":30,"time":1785850891406,"pid":23029,"hostname":"MacBookPro","type":"AUDIT","action":"LOGIN_FAILED_INVALID_PASSWORD","userId":1,"resource":"AUTH","resourceId":"1","metadata":{"email":"test_1785850891361@example.com","username":"testuser_1785850891361"},"timestamp":"2026-08-04T13:41:31.406Z"}
{"level":30,"time":1785850891433,"pid":23029,"hostname":"MacBookPro","type":"AUDIT","action":"LOGIN_FAILED_USER_NOT_FOUND","resource":"AUTH","resourceId":"unknown","metadata":{"email":"nonexistent@example.com"},"timestamp":"2026-08-04T13:41:31.433Z"}
{"level":30,"time":1785850891483,"pid":23029,"hostname":"MacBookPro","type":"AUDIT","action":"USER_REGISTER","userId":1,"resource":"AUTH","resourceId":"1","metadata":{"email":"test_1785850891456@example.com","username":"testuser_1785850891456"},"timestamp":"2026-08-04T13:41:31.483Z"}
{"level":30,"time":1785850891510,"pid":23029,"hostname":"MacBookPro","type":"AUDIT","action":"LOGIN_SUCCESS","userId":1,"resource":"AUTH","resourceId":"1","metadata":{"email":"test_1785850891456@example.com","username":"testuser_1785850891456"},"timestamp":"2026-08-04T13:41:31.510Z"}
{"level":30,"time":1785850891581,"pid":23029,"hostname":"MacBookPro","type":"AUDIT","action":"USER_REGISTER","userId":1,"resource":"AUTH","resourceId":"1","metadata":{"email":"test_1785850891554@example.com","username":"testuser_1785850891554"},"timestamp":"2026-08-04T13:41:31.581Z"}
{"level":30,"time":1785850891713,"pid":23029,"hostname":"MacBookPro","type":"AUDIT","action":"USER_REGISTER","userId":1,"resource":"AUTH","resourceId":"1","metadata":{"email":"test_1785850891683@example.com","username":"testuser_1785850891683"},"timestamp":"2026-08-04T13:41:31.713Z"}
{"level":30,"time":1785850891746,"pid":23029,"hostname":"MacBookPro","type":"AUDIT","action":"LOGIN_SUCCESS","userId":1,"resource":"AUTH","resourceId":"1","metadata":{"email":"test_1785850891683@example.com","username":"testuser_1785850891683"},"timestamp":"2026-08-04T13:41:31.746Z"}
{"level":30,"time":1785850891798,"pid":23029,"hostname":"MacBookPro","type":"AUDIT","action":"LOGIN_SUCCESS","userId":1,"resource":"AUTH","resourceId":"1","metadata":{"email":"test_1785850891683@example.com","username":"testuser_1785850891683"},"timestamp":"2026-08-04T13:41:31.798Z"}
{"level":30,"time":1785857890552,"pid":24551,"hostname":"MacBookPro","msg":"Audit system initialized"}
{"level":30,"time":1785857893325,"pid":24550,"hostname":"MacBookPro","msg":"Audit system initialized"}
{"level":30,"time":1785857893452,"pid":24549,"hostname":"MacBookPro","msg":"Audit system initialized"}
{"level":30,"time":1785857895064,"pid":24549,"hostname":"MacBookPro","type":"AUDIT","action":"USER_REGISTER","userId":1,"resource":"AUTH","resourceId":"1","metadata":{"email":"test_1785857894958@example.com","username":"testuser_1785857894958"},"timestamp":"2026-08-04T15:38:15.064Z"}
{"level":30,"time":1785857895113,"pid":24549,"hostname":"MacBookPro","type":"AUDIT","action":"LOGIN_SUCCESS","userId":1,"resource":"AUTH","resourceId":"1","metadata":{"email":"test_1785857894958@example.com","username":"testuser_1785857894958"},"timestamp":"2026-08-04T15:38:15.113Z"}
{"level":30,"time":1785857895277,"pid":24549,"hostname":"MacBookPro","type":"AUDIT","action":"USER_REGISTER","userId":1,"resource":"AUTH","resourceId":"1","metadata":{"email":"test_1785857895241@example.com","username":"testuser_1785857895241"},"timestamp":"2026-08-04T15:38:15.277Z"}
{"level":30,"time":1785857895314,"pid":24549,"hostname":"MacBookPro","type":"AUDIT","action":"LOGIN_SUCCESS","userId":1,"resource":"AUTH","resourceId":"1","metadata":{"email":"test_1785857895241@example.com","username":"testuser_1785857895241"},"timestamp":"2026-08-04T15:38:15.314Z"}
{"level":30,"time":1785857895323,"pid":24550,"hostname":"MacBookPro","type":"AUDIT","action":"USER_REGISTER","userId":2,"resource":"AUTH","resourceId":"2","metadata":{"email":"test_1785857895283@example.com","username":"testuser_1785857895283"},"timestamp":"2026-08-04T15:38:15.323Z"}
{"level":30,"time":1785857895400,"pid":24549,"hostname":"MacBookPro","type":"AUDIT","action":"USER_REGISTER","userId":1,"resource":"AUTH","resourceId":"1","metadata":{"email":"test_1785857895368@example.com","username":"testuser_1785857895368"},"timestamp":"2026-08-04T15:38:15.400Z"}
{"level":30,"time":1785857895437,"pid":24549,"hostname":"MacBookPro","type":"AUDIT","action":"LOGIN_SUCCESS","userId":1,"resource":"AUTH","resourceId":"1","metadata":{"email":"test_1785857895368@example.com","username":"testuser_1785857895368"},"timestamp":"2026-08-04T15:38:15.437Z"}
{"level":30,"time":1785857895546,"pid":24549,"hostname":"MacBookPro","type":"AUDIT","action":"USER_REGISTER","userId":1,"resource":"AUTH","resourceId":"1","metadata":{"email":"test_1785857895511@example.com","username":"testuser_1785857895511"},"timestamp":"2026-08-04T15:38:15.546Z"}
{"level":30,"time":1785857895579,"pid":24549,"hostname":"MacBookPro","type":"AUDIT","action":"LOGIN_SUCCESS","userId":1,"resource":"AUTH","resourceId":"1","metadata":{"email":"test_1785857895511@example.com","username":"testuser_1785857895511"},"timestamp":"2026-08-04T15:38:15.579Z"}
{"level":30,"time":1785857895671,"pid":24549,"hostname":"MacBookPro","type":"AUDIT","action":"USER_REGISTER","userId":1,"resource":"AUTH","resourceId":"1","metadata":{"email":"test_1785857895641@example.com","username":"testuser_1785857895641"},"timestamp":"2026-08-04T15:38:15.671Z"}
{"level":30,"time":1785857895701,"pid":24549,"hostname":"MacBookPro","type":"AUDIT","action":"LOGIN_SUCCESS","userId":1,"resource":"AUTH","resourceId":"1","metadata":{"email":"test_1785857895641@example.com","username":"testuser_1785857895641"},"timestamp":"2026-08-04T15:38:15.701Z"}
{"level":30,"time":1785857895773,"pid":24549,"hostname":"MacBookPro","type":"AUDIT","action":"USER_REGISTER","userId":1,"resource":"AUTH","resourceId":"1","metadata":{"email":"test_1785857895746@example.com","username":"testuser_1785857895746"},"timestamp":"2026-08-04T15:38:15.773Z"}
{"level":30,"time":1785857895783,"pid":24549,"hostname":"MacBookPro","type":"AUDIT","action":"LOGIN_FAILED_USER_NOT_FOUND","resource":"AUTH","resourceId":"unknown","metadata":{"email":"test_1785857895746@example.com"},"timestamp":"2026-08-04T15:38:15.783Z"}
{"level":30,"time":1785857895849,"pid":24549,"hostname":"MacBookPro","type":"AUDIT","action":"USER_REGISTER","userId":1,"resource":"AUTH","resourceId":"1","metadata":{"email":"test_1785857895818@example.com","username":"testuser_1785857895818"},"timestamp":"2026-08-04T15:38:15.849Z"}
{"level":30,"time":1785857895880,"pid":24549,"hostname":"MacBookPro","type":"AUDIT","action":"LOGIN_SUCCESS","userId":1,"resource":"AUTH","resourceId":"1","metadata":{"email":"test_1785857895818@example.com","username":"testuser_1785857895818"},"timestamp":"2026-08-04T15:38:15.880Z"}
{"level":30,"time":1785857895898,"pid":24550,"hostname":"MacBookPro","type":"AUDIT","action":"USER_REGISTER","userId":1,"resource":"AUTH","resourceId":"1","metadata":{"email":"test_1785857895868@example.com","username":"testuser_1785857895868"},"timestamp":"2026-08-04T15:38:15.898Z"}
{"level":30,"time":1785857895905,"pid":24550,"hostname":"MacBookPro","type":"AUDIT","action":"LOGIN_FAILED_USER_NOT_FOUND","resource":"AUTH","resourceId":"unknown","metadata":{"email":"test_1785857895868@example.com"},"timestamp":"2026-08-04T15:38:15.905Z"}
{"level":30,"time":1785857895936,"pid":24549,"hostname":"MacBookPro","type":"AUDIT","action":"USER_REGISTER","userId":1,"resource":"AUTH","resourceId":"1","metadata":{"email":"test_1785857895909@example.com","username":"testuser_1785857895909"},"timestamp":"2026-08-04T15:38:15.936Z"}
{"level":30,"time":1785857895964,"pid":24550,"hostname":"MacBookPro","type":"AUDIT","action":"USER_REGISTER","userId":2,"resource":"AUTH","resourceId":"2","metadata":{"email":"test_1785857895936@example.com","username":"testuser_1785857895936"},"timestamp":"2026-08-04T15:38:15.964Z"}
{"level":30,"time":1785857895966,"pid":24549,"hostname":"MacBookPro","type":"AUDIT","action":"LOGIN_SUCCESS","userId":1,"resource":"AUTH","resourceId":"1","metadata":{"email":"test_1785857895909@example.com","username":"testuser_1785857895909"},"timestamp":"2026-08-04T15:38:15.966Z"}
{"level":30,"time":1785857895987,"pid":24550,"hostname":"MacBookPro","type":"AUDIT","action":"LOGIN_FAILED_INVALID_PASSWORD","userId":2,"resource":"AUTH","resourceId":"2","metadata":{"email":"test_1785857895936@example.com","username":"testuser_1785857895936"},"timestamp":"2026-08-04T15:38:15.987Z"}
{"level":30,"time":1785857896024,"pid":24550,"hostname":"MacBookPro","type":"AUDIT","action":"LOGIN_FAILED_USER_NOT_FOUND","resource":"AUTH","resourceId":"unknown","metadata":{"email":"nonexistent@example.com"},"timestamp":"2026-08-04T15:38:16.024Z"}
{"level":30,"time":1785857896024,"pid":24549,"hostname":"MacBookPro","type":"AUDIT","action":"USER_REGISTER","userId":1,"resource":"AUTH","resourceId":"1","metadata":{"email":"test_1785857895998@example.com","username":"testuser_1785857895998"},"timestamp":"2026-08-04T15:38:16.024Z"}
{"level":30,"time":1785857896053,"pid":24549,"hostname":"MacBookPro","type":"AUDIT","action":"LOGIN_SUCCESS","userId":1,"resource":"AUTH","resourceId":"1","metadata":{"email":"test_1785857895998@example.com","username":"testuser_1785857895998"},"timestamp":"2026-08-04T15:38:16.053Z"}
{"level":30,"time":1785857896088,"pid":24550,"hostname":"MacBookPro","type":"AUDIT","action":"USER_REGISTER","userId":1,"resource":"AUTH","resourceId":"1","metadata":{"email":"test_1785857896055@example.com","username":"testuser_1785857896055"},"timestamp":"2026-08-04T15:38:16.088Z"}
{"level":30,"time":1785857896118,"pid":24549,"hostname":"MacBookPro","type":"AUDIT","action":"USER_REGISTER","userId":2,"resource":"AUTH","resourceId":"2","metadata":{"email":"test_1785857896090@example.com","username":"testuser_1785857896090"},"timestamp":"2026-08-04T15:38:16.118Z"}
{"level":30,"time":1785857896121,"pid":24550,"hostname":"MacBookPro","type":"AUDIT","action":"LOGIN_SUCCESS","userId":1,"resource":"AUTH","resourceId":"1","metadata":{"email":"test_1785857896055@example.com","username":"testuser_1785857896055"},"timestamp":"2026-08-04T15:38:16.121Z"}
{"level":30,"time":1785857896145,"pid":24549,"hostname":"MacBookPro","type":"AUDIT","action":"LOGIN_SUCCESS","userId":2,"resource":"AUTH","resourceId":"2","metadata":{"email":"test_1785857896090@example.com","username":"testuser_1785857896090"},"timestamp":"2026-08-04T15:38:16.145Z"}
{"level":30,"time":1785857896181,"pid":24550,"hostname":"MacBookPro","type":"AUDIT","action":"USER_REGISTER","userId":1,"resource":"AUTH","resourceId":"1","metadata":{"email":"test_1785857896155@example.com","username":"testuser_1785857896155"},"timestamp":"2026-08-04T15:38:16.181Z"}
{"level":30,"time":1785857896205,"pid":24549,"hostname":"MacBookPro","type":"AUDIT","action":"USER_REGISTER","userId":2,"resource":"AUTH","resourceId":"2","metadata":{"email":"test_1785857896180@example.com","username":"testuser_1785857896180"},"timestamp":"2026-08-04T15:38:16.205Z"}
{"level":30,"time":1785857896233,"pid":24549,"hostname":"MacBookPro","type":"AUDIT","action":"LOGIN_SUCCESS","userId":2,"resource":"AUTH","resourceId":"2","metadata":{"email":"test_1785857896180@example.com","username":"testuser_1785857896180"},"timestamp":"2026-08-04T15:38:16.233Z"}
{"level":30,"time":1785857896453,"pid":24549,"hostname":"MacBookPro","type":"AUDIT","action":"USER_REGISTER","userId":1,"resource":"AUTH","resourceId":"1","metadata":{"email":"test_1785857896272@example.com","username":"testuser_1785857896272"},"timestamp":"2026-08-04T15:38:16.453Z"}
{"level":30,"time":1785857896484,"pid":24550,"hostname":"MacBookPro","type":"AUDIT","action":"USER_REGISTER","userId":2,"resource":"AUTH","resourceId":"2","metadata":{"email":"test_1785857896296@example.com","username":"testuser_1785857896296"},"timestamp":"2026-08-04T15:38:16.484Z"}
{"level":30,"time":1785857896494,"pid":24549,"hostname":"MacBookPro","type":"AUDIT","action":"LOGIN_SUCCESS","userId":1,"resource":"AUTH","resourceId":"1","metadata":{"email":"test_1785857896272@example.com","username":"testuser_1785857896272"},"timestamp":"2026-08-04T15:38:16.494Z"}
{"level":30,"time":1785857896519,"pid":24550,"hostname":"MacBookPro","type":"AUDIT","action":"LOGIN_SUCCESS","userId":2,"resource":"AUTH","resourceId":"2","metadata":{"email":"test_1785857896296@example.com","username":"testuser_1785857896296"},"timestamp":"2026-08-04T15:38:16.519Z"}
{"level":30,"time":1785857896549,"pid":24549,"hostname":"MacBookPro","type":"AUDIT","action":"USER_REGISTER","userId":3,"resource":"AUTH","resourceId":"3","metadata":{"email":"test_1785857896495@example.com","username":"testuser_1785857896495"},"timestamp":"2026-08-04T15:38:16.549Z"}
{"level":30,"time":1785857896593,"pid":24549,"hostname":"MacBookPro","type":"AUDIT","action":"LOGIN_SUCCESS","userId":3,"resource":"AUTH","resourceId":"3","metadata":{"email":"test_1785857896495@example.com","username":"testuser_1785857896495"},"timestamp":"2026-08-04T15:38:16.593Z"}
{"level":30,"time":1785857896596,"pid":24550,"hostname":"MacBookPro","type":"AUDIT","action":"LOGIN_SUCCESS","userId":2,"resource":"AUTH","resourceId":"2","metadata":{"email":"test_1785857896296@example.com","username":"testuser_1785857896296"},"timestamp":"2026-08-04T15:38:16.596Z"}
{"level":30,"time":1785857896671,"pid":24549,"hostname":"MacBookPro","type":"AUDIT","action":"USER_REGISTER","userId":1,"resource":"AUTH","resourceId":"1","metadata":{"email":"test_1785857896643@example.com","username":"testuser_1785857896643"},"timestamp":"2026-08-04T15:38:16.671Z"}
{"level":30,"time":1785857896725,"pid":24549,"hostname":"MacBookPro","type":"AUDIT","action":"LOGIN_SUCCESS","userId":1,"resource":"AUTH","resourceId":"1","metadata":{"email":"test_1785857896643@example.com","username":"testuser_1785857896643"},"timestamp":"2026-08-04T15:38:16.725Z"}
{"level":30,"time":1785857896783,"pid":24549,"hostname":"MacBookPro","type":"AUDIT","action":"USER_REGISTER","userId":1,"resource":"AUTH","resourceId":"1","metadata":{"email":"test_1785857896755@example.com","username":"testuser_1785857896755"},"timestamp":"2026-08-04T15:38:16.783Z"}
{"level":30,"time":1785857896808,"pid":24549,"hostname":"MacBookPro","type":"AUDIT","action":"LOGIN_SUCCESS","userId":1,"resource":"AUTH","resourceId":"1","metadata":{"email":"test_1785857896755@example.com","username":"testuser_1785857896755"},"timestamp":"2026-08-04T15:38:16.808Z"}
{"level":30,"time":1785857896861,"pid":24549,"hostname":"MacBookPro","type":"AUDIT","action":"USER_REGISTER","userId":1,"resource":"AUTH","resourceId":"1","metadata":{"email":"test_1785857896835@example.com","username":"testuser_1785857896835"},"timestamp":"2026-08-04T15:38:16.861Z"}
{"level":30,"time":1785857896887,"pid":24549,"hostname":"MacBookPro","type":"AUDIT","action":"LOGIN_SUCCESS","userId":1,"resource":"AUTH","resourceId":"1","metadata":{"email":"test_1785857896835@example.com","username":"testuser_1785857896835"},"timestamp":"2026-08-04T15:38:16.887Z"}
{"level":30,"time":1785857896940,"pid":24549,"hostname":"MacBookPro","type":"AUDIT","action":"USER_REGISTER","userId":1,"resource":"AUTH","resourceId":"1","metadata":{"email":"test_1785857896915@example.com","username":"testuser_1785857896915"},"timestamp":"2026-08-04T15:38:16.940Z"}
{"level":30,"time":1785857896975,"pid":24549,"hostname":"MacBookPro","type":"AUDIT","action":"LOGIN_SUCCESS","userId":1,"resource":"AUTH","resourceId":"1","metadata":{"email":"test_1785857896915@example.com","username":"testuser_1785857896915"},"timestamp":"2026-08-04T15:38:16.975Z"}
{"level":30,"time":1785857897144,"pid":24549,"hostname":"MacBookPro","type":"AUDIT","action":"USER_REGISTER","userId":1,"resource":"AUTH","resourceId":"1","metadata":{"email":"test_1785857897119@example.com","username":"testuser_1785857897119"},"timestamp":"2026-08-04T15:38:17.144Z"}
{"level":30,"time":1785857897173,"pid":24549,"hostname":"MacBookPro","type":"AUDIT","action":"LOGIN_SUCCESS","userId":1,"resource":"AUTH","resourceId":"1","metadata":{"email":"test_1785857897119@example.com","username":"testuser_1785857897119"},"timestamp":"2026-08-04T15:38:17.173Z"}
{"level":30,"time":1785857897235,"pid":24549,"hostname":"MacBookPro","type":"AUDIT","action":"USER_REGISTER","userId":1,"resource":"AUTH","resourceId":"1","metadata":{"email":"test_1785857897202@example.com","username":"testuser_1785857897202"},"timestamp":"2026-08-04T15:38:17.235Z"}
{"level":30,"time":1785857897268,"pid":24549,"hostname":"MacBookPro","type":"AUDIT","action":"LOGIN_SUCCESS","userId":1,"resource":"AUTH","resourceId":"1","metadata":{"email":"test_1785857897202@example.com","username":"testuser_1785857897202"},"timestamp":"2026-08-04T15:38:17.268Z"}
{"level":30,"time":1785857897333,"pid":24549,"hostname":"MacBookPro","type":"AUDIT","action":"USER_REGISTER","userId":1,"resource":"AUTH","resourceId":"1","metadata":{"email":"test_1785857897304@example.com","username":"testuser_1785857897304"},"timestamp":"2026-08-04T15:38:17.332Z"}
{"level":30,"time":1785857897361,"pid":24549,"hostname":"MacBookPro","type":"AUDIT","action":"LOGIN_SUCCESS","userId":1,"resource":"AUTH","resourceId":"1","metadata":{"email":"test_1785857897304@example.com","username":"testuser_1785857897304"},"timestamp":"2026-08-04T15:38:17.361Z"}
{"level":30,"time":1785857897423,"pid":24549,"hostname":"MacBookPro","type":"AUDIT","action":"USER_REGISTER","userId":1,"resource":"AUTH","resourceId":"1","metadata":{"email":"test_1785857897397@example.com","username":"testuser_1785857897397"},"timestamp":"2026-08-04T15:38:17.423Z"}
{"level":30,"time":1785857897453,"pid":24549,"hostname":"MacBookPro","type":"AUDIT","action":"LOGIN_SUCCESS","userId":1,"resource":"AUTH","resourceId":"1","metadata":{"email":"test_1785857897397@example.com","username":"testuser_1785857897397"},"timestamp":"2026-08-04T15:38:17.453Z"}
{"level":30,"time":1785858922673,"pid":25225,"hostname":"MacBookPro","msg":"Audit system initialized"}
{"level":30,"time":1785858923815,"pid":25225,"hostname":"MacBookPro","type":"AUDIT","action":"USER_REGISTER","userId":1,"resource":"AUTH","resourceId":"1","metadata":{"email":"test_1785858923727@example.com","username":"testuser_1785858923727"},"timestamp":"2026-08-04T15:55:23.815Z"}
{"level":30,"time":1785858923942,"pid":25225,"hostname":"MacBookPro","type":"AUDIT","action":"USER_REGISTER","userId":1,"resource":"AUTH","resourceId":"1","metadata":{"email":"test_1785858923914@example.com","username":"testuser_1785858923914"},"timestamp":"2026-08-04T15:55:23.942Z"}
{"level":30,"time":1785858924576,"pid":25225,"hostname":"MacBookPro","type":"AUDIT","action":"USER_REGISTER","userId":1,"resource":"AUTH","resourceId":"1","metadata":{"email":"test_1785858924538@example.com","username":"testuser_1785858924538"},"timestamp":"2026-08-04T15:55:24.576Z"}
{"level":30,"time":1785858924629,"pid":25225,"hostname":"MacBookPro","type":"AUDIT","action":"LOGIN_SUCCESS","userId":1,"resource":"AUTH","resourceId":"1","metadata":{"email":"test_1785858924538@example.com","username":"testuser_1785858924538"},"timestamp":"2026-08-04T15:55:24.629Z"}
{"level":30,"time":1785858924905,"pid":25225,"hostname":"MacBookPro","type":"AUDIT","action":"USER_REGISTER","userId":1,"resource":"AUTH","resourceId":"1","metadata":{"email":"test_1785858924700@example.com","username":"testuser_1785858924700"},"timestamp":"2026-08-04T15:55:24.904Z"}
{"level":30,"time":1785858924930,"pid":25225,"hostname":"MacBookPro","type":"AUDIT","action":"LOGIN_FAILED_INVALID_PASSWORD","userId":1,"resource":"AUTH","resourceId":"1","metadata":{"email":"test_1785858924700@example.com","username":"testuser_1785858924700"},"timestamp":"2026-08-04T15:55:24.930Z"}
{"level":30,"time":1785858924998,"pid":25225,"hostname":"MacBookPro","type":"AUDIT","action":"LOGIN_FAILED_USER_NOT_FOUND","resource":"AUTH","resourceId":"unknown","metadata":{"email":"nonexistent@example.com"},"timestamp":"2026-08-04T15:55:24.998Z"}
{"level":30,"time":1785858925130,"pid":25225,"hostname":"MacBookPro","type":"AUDIT","action":"USER_REGISTER","userId":1,"resource":"AUTH","resourceId":"1","metadata":{"email":"test_1785858925103@example.com","username":"testuser_1785858925103"},"timestamp":"2026-08-04T15:55:25.130Z"}
{"level":30,"time":1785858925156,"pid":25225,"hostname":"MacBookPro","type":"AUDIT","action":"LOGIN_SUCCESS","userId":1,"resource":"AUTH","resourceId":"1","metadata":{"email":"test_1785858925103@example.com","username":"testuser_1785858925103"},"timestamp":"2026-08-04T15:55:25.156Z"}
{"level":30,"time":1785858925207,"pid":25225,"hostname":"MacBookPro","type":"AUDIT","action":"USER_REGISTER","userId":1,"resource":"AUTH","resourceId":"1","metadata":{"email":"test_1785858925180@example.com","username":"testuser_1785858925180"},"timestamp":"2026-08-04T15:55:25.207Z"}
{"level":30,"time":1785858925342,"pid":25225,"hostname":"MacBookPro","type":"AUDIT","action":"USER_REGISTER","userId":1,"resource":"AUTH","resourceId":"1","metadata":{"email":"test_1785858925314@example.com","username":"testuser_1785858925314"},"timestamp":"2026-08-04T15:55:25.342Z"}
{"level":30,"time":1785858925370,"pid":25225,"hostname":"MacBookPro","type":"AUDIT","action":"LOGIN_SUCCESS","userId":1,"resource":"AUTH","resourceId":"1","metadata":{"email":"test_1785858925314@example.com","username":"testuser_1785858925314"},"timestamp":"2026-08-04T15:55:25.370Z"}
{"level":30,"time":1785858925403,"pid":25225,"hostname":"MacBookPro","type":"AUDIT","action":"LOGIN_SUCCESS","userId":1,"resource":"AUTH","resourceId":"1","metadata":{"email":"test_1785858925314@example.com","username":"testuser_1785858925314"},"timestamp":"2026-08-04T15:55:25.403Z"}
{"level":30,"time":1785859022902,"pid":25415,"hostname":"MacBookPro","msg":"Audit system initialized"}
{"level":30,"time":1785859023604,"pid":25413,"hostname":"MacBookPro","msg":"Audit system initialized"}
{"level":30,"time":1785859023573,"pid":25414,"hostname":"MacBookPro","msg":"Audit system initialized"}
{"level":30,"time":1785859025140,"pid":25414,"hostname":"MacBookPro","type":"AUDIT","action":"USER_REGISTER","userId":1,"resource":"AUTH","resourceId":"1","metadata":{"email":"test_1785859025055@example.com","username":"testuser_1785859025055"},"timestamp":"2026-08-04T15:57:05.140Z"}
{"level":30,"time":1785859025158,"pid":25413,"hostname":"MacBookPro","type":"AUDIT","action":"USER_REGISTER","userId":2,"resource":"AUTH","resourceId":"2","metadata":{"email":"test_1785859025085@example.com","username":"testuser_1785859025085"},"timestamp":"2026-08-04T15:57:05.158Z"}
{"level":30,"time":1785859025202,"pid":25413,"hostname":"MacBookPro","type":"AUDIT","action":"LOGIN_SUCCESS","userId":2,"resource":"AUTH","resourceId":"2","metadata":{"email":"test_1785859025085@example.com","username":"testuser_1785859025085"},"timestamp":"2026-08-04T15:57:05.202Z"}
{"level":30,"time":1785859025255,"pid":25414,"hostname":"MacBookPro","type":"AUDIT","action":"USER_REGISTER","userId":1,"resource":"AUTH","resourceId":"1","metadata":{"email":"test_1785859025224@example.com","username":"testuser_1785859025224"},"timestamp":"2026-08-04T15:57:05.255Z"}
{"level":30,"time":1785859025323,"pid":25413,"hostname":"MacBookPro","type":"AUDIT","action":"USER_REGISTER","userId":1,"resource":"AUTH","resourceId":"1","metadata":{"email":"test_1785859025296@example.com","username":"testuser_1785859025296"},"timestamp":"2026-08-04T15:57:05.323Z"}
{"level":30,"time":1785859025337,"pid":25413,"hostname":"MacBookPro","type":"AUDIT","action":"LOGIN_FAILED_USER_NOT_FOUND","resource":"AUTH","resourceId":"unknown","metadata":{"email":"test_1785859025296@example.com"},"timestamp":"2026-08-04T15:57:05.337Z"}
{"level":30,"time":1785859025404,"pid":25413,"hostname":"MacBookPro","type":"AUDIT","action":"USER_REGISTER","userId":1,"resource":"AUTH","resourceId":"1","metadata":{"email":"test_1785859025372@example.com","username":"testuser_1785859025372"},"timestamp":"2026-08-04T15:57:05.404Z"}
{"level":30,"time":1785859025434,"pid":25413,"hostname":"MacBookPro","type":"AUDIT","action":"LOGIN_SUCCESS","userId":1,"resource":"AUTH","resourceId":"1","metadata":{"email":"test_1785859025372@example.com","username":"testuser_1785859025372"},"timestamp":"2026-08-04T15:57:05.434Z"}
{"level":30,"time":1785859025507,"pid":25413,"hostname":"MacBookPro","type":"AUDIT","action":"USER_REGISTER","userId":1,"resource":"AUTH","resourceId":"1","metadata":{"email":"test_1785859025472@example.com","username":"testuser_1785859025472"},"timestamp":"2026-08-04T15:57:05.507Z"}
{"level":30,"time":1785859025536,"pid":25413,"hostname":"MacBookPro","type":"AUDIT","action":"LOGIN_SUCCESS","userId":1,"resource":"AUTH","resourceId":"1","metadata":{"email":"test_1785859025472@example.com","username":"testuser_1785859025472"},"timestamp":"2026-08-04T15:57:05.536Z"}
{"level":30,"time":1785859025593,"pid":25413,"hostname":"MacBookPro","type":"AUDIT","action":"USER_REGISTER","userId":1,"resource":"AUTH","resourceId":"1","metadata":{"email":"test_1785859025568@example.com","username":"testuser_1785859025568"},"timestamp":"2026-08-04T15:57:05.593Z"}
{"level":30,"time":1785859025600,"pid":25413,"hostname":"MacBookPro","type":"AUDIT","action":"LOGIN_FAILED_USER_NOT_FOUND","resource":"AUTH","resourceId":"unknown","metadata":{"email":"test_1785859025568@example.com"},"timestamp":"2026-08-04T15:57:05.600Z"}
{"level":30,"time":1785859025634,"pid":25414,"hostname":"MacBookPro","type":"AUDIT","action":"USER_REGISTER","userId":1,"resource":"AUTH","resourceId":"1","metadata":{"email":"test_1785859025603@example.com","username":"testuser_1785859025603"},"timestamp":"2026-08-04T15:57:05.634Z"}
{"level":30,"time":1785859025653,"pid":25413,"hostname":"MacBookPro","type":"AUDIT","action":"USER_REGISTER","userId":2,"resource":"AUTH","resourceId":"2","metadata":{"email":"test_1785859025626@example.com","username":"testuser_1785859025626"},"timestamp":"2026-08-04T15:57:05.653Z"}
{"level":30,"time":1785859025667,"pid":25414,"hostname":"MacBookPro","type":"AUDIT","action":"LOGIN_SUCCESS","userId":1,"resource":"AUTH","resourceId":"1","metadata":{"email":"test_1785859025603@example.com","username":"testuser_1785859025603"},"timestamp":"2026-08-04T15:57:05.667Z"}
{"level":30,"time":1785859025681,"pid":25413,"hostname":"MacBookPro","type":"AUDIT","action":"LOGIN_SUCCESS","userId":2,"resource":"AUTH","resourceId":"2","metadata":{"email":"test_1785859025626@example.com","username":"testuser_1785859025626"},"timestamp":"2026-08-04T15:57:05.681Z"}
{"level":30,"time":1785859025737,"pid":25414,"hostname":"MacBookPro","type":"AUDIT","action":"USER_REGISTER","userId":1,"resource":"AUTH","resourceId":"1","metadata":{"email":"test_1785859025706@example.com","username":"testuser_1785859025706"},"timestamp":"2026-08-04T15:57:05.737Z"}
{"level":30,"time":1785859025760,"pid":25414,"hostname":"MacBookPro","type":"AUDIT","action":"LOGIN_FAILED_INVALID_PASSWORD","userId":1,"resource":"AUTH","resourceId":"1","metadata":{"email":"test_1785859025706@example.com","username":"testuser_1785859025706"},"timestamp":"2026-08-04T15:57:05.760Z"}
{"level":30,"time":1785859025761,"pid":25413,"hostname":"MacBookPro","type":"AUDIT","action":"USER_REGISTER","userId":2,"resource":"AUTH","resourceId":"2","metadata":{"email":"test_1785859025735@example.com","username":"testuser_1785859025735"},"timestamp":"2026-08-04T15:57:05.761Z"}
{"level":30,"time":1785859025792,"pid":25413,"hostname":"MacBookPro","type":"AUDIT","action":"LOGIN_SUCCESS","userId":2,"resource":"AUTH","resourceId":"2","metadata":{"email":"test_1785859025735@example.com","username":"testuser_1785859025735"},"timestamp":"2026-08-04T15:57:05.792Z"}
{"level":30,"time":1785859025801,"pid":25414,"hostname":"MacBookPro","type":"AUDIT","action":"LOGIN_FAILED_USER_NOT_FOUND","resource":"AUTH","resourceId":"unknown","metadata":{"email":"nonexistent@example.com"},"timestamp":"2026-08-04T15:57:05.801Z"}
{"level":30,"time":1785859025863,"pid":25413,"hostname":"MacBookPro","type":"AUDIT","action":"USER_REGISTER","userId":1,"resource":"AUTH","resourceId":"1","metadata":{"email":"test_1785859025836@example.com","username":"testuser_1785859025836"},"timestamp":"2026-08-04T15:57:05.863Z"}
{"level":30,"time":1785859025873,"pid":25414,"hostname":"MacBookPro","type":"AUDIT","action":"USER_REGISTER","userId":2,"resource":"AUTH","resourceId":"2","metadata":{"email":"test_1785859025841@example.com","username":"testuser_1785859025841"},"timestamp":"2026-08-04T15:57:05.873Z"}
{"level":30,"time":1785859026016,"pid":25413,"hostname":"MacBookPro","type":"AUDIT","action":"LOGIN_SUCCESS","userId":1,"resource":"AUTH","resourceId":"1","metadata":{"email":"test_1785859025836@example.com","username":"testuser_1785859025836"},"timestamp":"2026-08-04T15:57:06.016Z"}
{"level":30,"time":1785859026017,"pid":25414,"hostname":"MacBookPro","type":"AUDIT","action":"LOGIN_SUCCESS","userId":2,"resource":"AUTH","resourceId":"2","metadata":{"email":"test_1785859025841@example.com","username":"testuser_1785859025841"},"timestamp":"2026-08-04T15:57:06.017Z"}
{"level":30,"time":1785859026131,"pid":25413,"hostname":"MacBookPro","type":"AUDIT","action":"USER_REGISTER","userId":1,"resource":"AUTH","resourceId":"1","metadata":{"email":"test_1785859026085@example.com","username":"testuser_1785859026085"},"timestamp":"2026-08-04T15:57:06.131Z"}
{"level":30,"time":1785859026138,"pid":25414,"hostname":"MacBookPro","type":"AUDIT","action":"USER_REGISTER","userId":2,"resource":"AUTH","resourceId":"2","metadata":{"email":"test_1785859026105@example.com","username":"testuser_1785859026105"},"timestamp":"2026-08-04T15:57:06.138Z"}
{"level":30,"time":1785859026162,"pid":25413,"hostname":"MacBookPro","type":"AUDIT","action":"LOGIN_SUCCESS","userId":1,"resource":"AUTH","resourceId":"1","metadata":{"email":"test_1785859026085@example.com","username":"testuser_1785859026085"},"timestamp":"2026-08-04T15:57:06.162Z"}
{"level":30,"time":1785859026238,"pid":25413,"hostname":"MacBookPro","type":"AUDIT","action":"USER_REGISTER","userId":1,"resource":"AUTH","resourceId":"1","metadata":{"email":"test_1785859026206@example.com","username":"testuser_1785859026206"},"timestamp":"2026-08-04T15:57:06.238Z"}
{"level":30,"time":1785859026271,"pid":25413,"hostname":"MacBookPro","type":"AUDIT","action":"LOGIN_SUCCESS","userId":1,"resource":"AUTH","resourceId":"1","metadata":{"email":"test_1785859026206@example.com","username":"testuser_1785859026206"},"timestamp":"2026-08-04T15:57:06.271Z"}
{"level":30,"time":1785859026313,"pid":25414,"hostname":"MacBookPro","type":"AUDIT","action":"USER_REGISTER","userId":1,"resource":"AUTH","resourceId":"1","metadata":{"email":"test_1785859026280@example.com","username":"testuser_1785859026280"},"timestamp":"2026-08-04T15:57:06.313Z"}
{"level":30,"time":1785859026339,"pid":25413,"hostname":"MacBookPro","type":"AUDIT","action":"USER_REGISTER","userId":2,"resource":"AUTH","resourceId":"2","metadata":{"email":"test_1785859026314@example.com","username":"testuser_1785859026314"},"timestamp":"2026-08-04T15:57:06.339Z"}
{"level":30,"time":1785859026341,"pid":25414,"hostname":"MacBookPro","type":"AUDIT","action":"LOGIN_SUCCESS","userId":1,"resource":"AUTH","resourceId":"1","metadata":{"email":"test_1785859026280@example.com","username":"testuser_1785859026280"},"timestamp":"2026-08-04T15:57:06.341Z"}
{"level":30,"time":1785859026367,"pid":25413,"hostname":"MacBookPro","type":"AUDIT","action":"LOGIN_SUCCESS","userId":2,"resource":"AUTH","resourceId":"2","metadata":{"email":"test_1785859026314@example.com","username":"testuser_1785859026314"},"timestamp":"2026-08-04T15:57:06.367Z"}
{"level":30,"time":1785859026373,"pid":25414,"hostname":"MacBookPro","type":"AUDIT","action":"LOGIN_SUCCESS","userId":1,"resource":"AUTH","resourceId":"1","metadata":{"email":"test_1785859026280@example.com","username":"testuser_1785859026280"},"timestamp":"2026-08-04T15:57:06.373Z"}
{"level":30,"time":1785859026441,"pid":25413,"hostname":"MacBookPro","type":"AUDIT","action":"USER_REGISTER","userId":1,"resource":"AUTH","resourceId":"1","metadata":{"email":"test_1785859026417@example.com","username":"testuser_1785859026417"},"timestamp":"2026-08-04T15:57:06.441Z"}
{"level":30,"time":1785859026470,"pid":25413,"hostname":"MacBookPro","type":"AUDIT","action":"LOGIN_SUCCESS","userId":1,"resource":"AUTH","resourceId":"1","metadata":{"email":"test_1785859026417@example.com","username":"testuser_1785859026417"},"timestamp":"2026-08-04T15:57:06.470Z"}
{"level":30,"time":1785859026494,"pid":25413,"hostname":"MacBookPro","type":"AUDIT","action":"USER_REGISTER","userId":2,"resource":"AUTH","resourceId":"2","metadata":{"email":"test_1785859026471@example.com","username":"testuser_1785859026471"},"timestamp":"2026-08-04T15:57:06.494Z"}
{"level":30,"time":1785859026519,"pid":25413,"hostname":"MacBookPro","type":"AUDIT","action":"LOGIN_SUCCESS","userId":2,"resource":"AUTH","resourceId":"2","metadata":{"email":"test_1785859026471@example.com","username":"testuser_1785859026471"},"timestamp":"2026-08-04T15:57:06.519Z"}
{"level":30,"time":1785859026570,"pid":25413,"hostname":"MacBookPro","type":"AUDIT","action":"USER_REGISTER","userId":1,"resource":"AUTH","resourceId":"1","metadata":{"email":"test_1785859026547@example.com","username":"testuser_1785859026547"},"timestamp":"2026-08-04T15:57:06.570Z"}
{"level":30,"time":1785859026598,"pid":25413,"hostname":"MacBookPro","type":"AUDIT","action":"LOGIN_SUCCESS","userId":1,"resource":"AUTH","resourceId":"1","metadata":{"email":"test_1785859026547@example.com","username":"testuser_1785859026547"},"timestamp":"2026-08-04T15:57:06.598Z"}
{"level":30,"time":1785859026655,"pid":25413,"hostname":"MacBookPro","type":"AUDIT","action":"USER_REGISTER","userId":1,"resource":"AUTH","resourceId":"1","metadata":{"email":"test_1785859026626@example.com","username":"testuser_1785859026626"},"timestamp":"2026-08-04T15:57:06.655Z"}
{"level":30,"time":1785859026681,"pid":25413,"hostname":"MacBookPro","type":"AUDIT","action":"LOGIN_SUCCESS","userId":1,"resource":"AUTH","resourceId":"1","metadata":{"email":"test_1785859026626@example.com","username":"testuser_1785859026626"},"timestamp":"2026-08-04T15:57:06.681Z"}
{"level":30,"time":1785859026731,"pid":25413,"hostname":"MacBookPro","type":"AUDIT","action":"USER_REGISTER","userId":1,"resource":"AUTH","resourceId":"1","metadata":{"email":"test_1785859026706@example.com","username":"testuser_1785859026706"},"timestamp":"2026-08-04T15:57:06.731Z"}
{"level":30,"time":1785859026755,"pid":25413,"hostname":"MacBookPro","type":"AUDIT","action":"LOGIN_SUCCESS","userId":1,"resource":"AUTH","resourceId":"1","metadata":{"email":"test_1785859026706@example.com","username":"testuser_1785859026706"},"timestamp":"2026-08-04T15:57:06.755Z"}
{"level":30,"time":1785859026807,"pid":25413,"hostname":"MacBookPro","type":"AUDIT","action":"USER_REGISTER","userId":1,"resource":"AUTH","resourceId":"1","metadata":{"email":"test_1785859026783@example.com","username":"testuser_1785859026783"},"timestamp":"2026-08-04T15:57:06.807Z"}
{"level":30,"time":1785859026832,"pid":25413,"hostname":"MacBookPro","type":"AUDIT","action":"LOGIN_SUCCESS","userId":1,"resource":"AUTH","resourceId":"1","metadata":{"email":"test_1785859026783@example.com","username":"testuser_1785859026783"},"timestamp":"2026-08-04T15:57:06.832Z"}
{"level":30,"time":1785859026879,"pid":25413,"hostname":"MacBookPro","type":"AUDIT","action":"USER_REGISTER","userId":1,"resource":"AUTH","resourceId":"1","metadata":{"email":"test_1785859026855@example.com","username":"testuser_1785859026855"},"timestamp":"2026-08-04T15:57:06.879Z"}
{"level":30,"time":1785859026905,"pid":25413,"hostname":"MacBookPro","type":"AUDIT","action":"LOGIN_SUCCESS","userId":1,"resource":"AUTH","resourceId":"1","metadata":{"email":"test_1785859026855@example.com","username":"testuser_1785859026855"},"timestamp":"2026-08-04T15:57:06.905Z"}
{"level":30,"time":1785859026952,"pid":25413,"hostname":"MacBookPro","type":"AUDIT","action":"USER_REGISTER","userId":1,"resource":"AUTH","resourceId":"1","metadata":{"email":"test_1785859026928@example.com","username":"testuser_1785859026928"},"timestamp":"2026-08-04T15:57:06.952Z"}
{"level":30,"time":1785859026976,"pid":25413,"hostname":"MacBookPro","type":"AUDIT","action":"LOGIN_SUCCESS","userId":1,"resource":"AUTH","resourceId":"1","metadata":{"email":"test_1785859026928@example.com","username":"testuser_1785859026928"},"timestamp":"2026-08-04T15:57:06.976Z"}
{"level":30,"time":1785859027027,"pid":25413,"hostname":"MacBookPro","type":"AUDIT","action":"USER_REGISTER","userId":1,"resource":"AUTH","resourceId":"1","metadata":{"email":"test_1785859027003@example.com","username":"testuser_1785859027003"},"timestamp":"2026-08-04T15:57:07.027Z"}
{"level":30,"time":1785859027051,"pid":25413,"hostname":"MacBookPro","type":"AUDIT","action":"LOGIN_SUCCESS","userId":1,"resource":"AUTH","resourceId":"1","metadata":{"email":"test_1785859027003@example.com","username":"testuser_1785859027003"},"timestamp":"2026-08-04T15:57:07.051Z"}
{"level":30,"time":1785859027099,"pid":25413,"hostname":"MacBookPro","type":"AUDIT","action":"USER_REGISTER","userId":1,"resource":"AUTH","resourceId":"1","metadata":{"email":"test_1785859027075@example.com","username":"testuser_1785859027075"},"timestamp":"2026-08-04T15:57:07.099Z"}
{"level":30,"time":1785859027125,"pid":25413,"hostname":"MacBookPro","type":"AUDIT","action":"LOGIN_SUCCESS","userId":1,"resource":"AUTH","resourceId":"1","metadata":{"email":"test_1785859027075@example.com","username":"testuser_1785859027075"},"timestamp":"2026-08-04T15:57:07.125Z"}
{"level":30,"time":1785859040079,"pid":25598,"hostname":"MacBookPro","msg":"Audit system initialized"}
{"level":30,"time":1785859040639,"pid":25596,"hostname":"MacBookPro","msg":"Audit system initialized"}
{"level":30,"time":1785859040516,"pid":25597,"hostname":"MacBookPro","msg":"Audit system initialized"}
{"level":30,"time":1785859042396,"pid":25596,"hostname":"MacBookPro","type":"AUDIT","action":"USER_REGISTER","userId":1,"resource":"AUTH","resourceId":"1","metadata":{"email":"test_1785859042314@example.com","username":"testuser_1785859042314"},"timestamp":"2026-08-04T15:57:22.396Z"}
{"level":30,"time":1785859042396,"pid":25597,"hostname":"MacBookPro","type":"AUDIT","action":"USER_REGISTER","userId":2,"resource":"AUTH","resourceId":"2","metadata":{"email":"test_1785859042307@example.com","username":"testuser_1785859042307"},"timestamp":"2026-08-04T15:57:22.396Z"}
{"level":30,"time":1785859042447,"pid":25596,"hostname":"MacBookPro","type":"AUDIT","action":"LOGIN_SUCCESS","userId":1,"resource":"AUTH","resourceId":"1","metadata":{"email":"test_1785859042314@example.com","username":"testuser_1785859042314"},"timestamp":"2026-08-04T15:57:22.447Z"}
{"level":30,"time":1785859042532,"pid":25597,"hostname":"MacBookPro","type":"AUDIT","action":"USER_REGISTER","userId":1,"resource":"AUTH","resourceId":"1","metadata":{"email":"test_1785859042500@example.com","username":"testuser_1785859042500"},"timestamp":"2026-08-04T15:57:22.532Z"}
{"level":30,"time":1785859042570,"pid":25597,"hostname":"MacBookPro","type":"AUDIT","action":"USER_REGISTER","userId":1,"resource":"AUTH","resourceId":"1","metadata":{"email":"test_1785859042500@example.com","username":"testuser_1785859042500"},"timestamp":"2026-08-04T15:57:22.570Z"}
{"level":30,"time":1785859042582,"pid":25596,"hostname":"MacBookPro","type":"AUDIT","action":"USER_REGISTER","userId":2,"resource":"AUTH","resourceId":"2","metadata":{"email":"test_1785859042550@example.com","username":"testuser_1785859042550"},"timestamp":"2026-08-04T15:57:22.582Z"}
{"level":30,"time":1785859042622,"pid":25596,"hostname":"MacBookPro","type":"AUDIT","action":"LOGIN_SUCCESS","userId":2,"resource":"AUTH","resourceId":"2","metadata":{"email":"test_1785859042550@example.com","username":"testuser_1785859042550"},"timestamp":"2026-08-04T15:57:22.622Z"}
{"level":30,"time":1785859042751,"pid":25596,"hostname":"MacBookPro","type":"AUDIT","action":"USER_REGISTER","userId":1,"resource":"AUTH","resourceId":"1","metadata":{"email":"test_1785859042704@example.com","username":"testuser_1785859042704"},"timestamp":"2026-08-04T15:57:22.751Z"}
{"level":30,"time":1785859042789,"pid":25596,"hostname":"MacBookPro","type":"AUDIT","action":"LOGIN_SUCCESS","userId":1,"resource":"AUTH","resourceId":"1","metadata":{"email":"test_1785859042704@example.com","username":"testuser_1785859042704"},"timestamp":"2026-08-04T15:57:22.789Z"}
{"level":30,"time":1785859042923,"pid":25596,"hostname":"MacBookPro","type":"AUDIT","action":"USER_REGISTER","userId":1,"resource":"AUTH","resourceId":"1","metadata":{"email":"test_1785859042893@example.com","username":"testuser_1785859042893"},"timestamp":"2026-08-04T15:57:22.923Z"}
{"level":30,"time":1785859042956,"pid":25596,"hostname":"MacBookPro","type":"AUDIT","action":"LOGIN_SUCCESS","userId":1,"resource":"AUTH","resourceId":"1","metadata":{"email":"test_1785859042893@example.com","username":"testuser_1785859042893"},"timestamp":"2026-08-04T15:57:22.956Z"}
{"level":30,"time":1785859043048,"pid":25596,"hostname":"MacBookPro","type":"AUDIT","action":"USER_REGISTER","userId":1,"resource":"AUTH","resourceId":"1","metadata":{"email":"test_1785859043017@example.com","username":"testuser_1785859043017"},"timestamp":"2026-08-04T15:57:23.048Z"}
{"level":30,"time":1785859043079,"pid":25596,"hostname":"MacBookPro","type":"AUDIT","action":"LOGIN_SUCCESS","userId":1,"resource":"AUTH","resourceId":"1","metadata":{"email":"test_1785859043017@example.com","username":"testuser_1785859043017"},"timestamp":"2026-08-04T15:57:23.079Z"}
{"level":30,"time":1785859043166,"pid":25596,"hostname":"MacBookPro","type":"AUDIT","action":"USER_REGISTER","userId":1,"resource":"AUTH","resourceId":"1","metadata":{"email":"test_1785859043134@example.com","username":"testuser_1785859043134"},"timestamp":"2026-08-04T15:57:23.166Z"}
{"level":30,"time":1785859043177,"pid":25596,"hostname":"MacBookPro","type":"AUDIT","action":"LOGIN_FAILED_USER_NOT_FOUND","resource":"AUTH","resourceId":"unknown","metadata":{"email":"test_1785859043134@example.com"},"timestamp":"2026-08-04T15:57:23.177Z"}
{"level":30,"time":1785859043258,"pid":25596,"hostname":"MacBookPro","type":"AUDIT","action":"USER_REGISTER","userId":1,"resource":"AUTH","resourceId":"1","metadata":{"email":"test_1785859043231@example.com","username":"testuser_1785859043231"},"timestamp":"2026-08-04T15:57:23.258Z"}
{"level":30,"time":1785859043265,"pid":25597,"hostname":"MacBookPro","type":"AUDIT","action":"USER_REGISTER","userId":2,"resource":"AUTH","resourceId":"2","metadata":{"email":"test_1785859043236@example.com","username":"testuser_1785859043236"},"timestamp":"2026-08-04T15:57:23.265Z"}
{"level":30,"time":1785859043288,"pid":25596,"hostname":"MacBookPro","type":"AUDIT","action":"LOGIN_SUCCESS","userId":1,"resource":"AUTH","resourceId":"1","metadata":{"email":"test_1785859043231@example.com","username":"testuser_1785859043231"},"timestamp":"2026-08-04T15:57:23.288Z"}
{"level":30,"time":1785859043301,"pid":25597,"hostname":"MacBookPro","type":"AUDIT","action":"LOGIN_SUCCESS","userId":2,"resource":"AUTH","resourceId":"2","metadata":{"email":"test_1785859043236@example.com","username":"testuser_1785859043236"},"timestamp":"2026-08-04T15:57:23.301Z"}
{"level":30,"time":1785859043370,"pid":25596,"hostname":"MacBookPro","type":"AUDIT","action":"USER_REGISTER","userId":1,"resource":"AUTH","resourceId":"1","metadata":{"email":"test_1785859043344@example.com","username":"testuser_1785859043344"},"timestamp":"2026-08-04T15:57:23.370Z"}
{"level":30,"time":1785859043378,"pid":25597,"hostname":"MacBookPro","type":"AUDIT","action":"USER_REGISTER","userId":2,"resource":"AUTH","resourceId":"2","metadata":{"email":"test_1785859043352@example.com","username":"testuser_1785859043352"},"timestamp":"2026-08-04T15:57:23.378Z"}
{"level":30,"time":1785859043397,"pid":25596,"hostname":"MacBookPro","type":"AUDIT","action":"LOGIN_SUCCESS","userId":1,"resource":"AUTH","resourceId":"1","metadata":{"email":"test_1785859043344@example.com","username":"testuser_1785859043344"},"timestamp":"2026-08-04T15:57:23.397Z"}
{"level":30,"time":1785859043400,"pid":25597,"hostname":"MacBookPro","type":"AUDIT","action":"LOGIN_FAILED_INVALID_PASSWORD","userId":2,"resource":"AUTH","resourceId":"2","metadata":{"email":"test_1785859043352@example.com","username":"testuser_1785859043352"},"timestamp":"2026-08-04T15:57:23.400Z"}
{"level":30,"time":1785859043450,"pid":25597,"hostname":"MacBookPro","type":"AUDIT","action":"LOGIN_FAILED_USER_NOT_FOUND","resource":"AUTH","resourceId":"unknown","metadata":{"email":"nonexistent@example.com"},"timestamp":"2026-08-04T15:57:23.450Z"}
{"level":30,"time":1785859043481,"pid":25596,"hostname":"MacBookPro","type":"AUDIT","action":"USER_REGISTER","userId":1,"resource":"AUTH","resourceId":"1","metadata":{"email":"test_1785859043454@example.com","username":"testuser_1785859043454"},"timestamp":"2026-08-04T15:57:23.481Z"}
{"level":30,"time":1785859043503,"pid":25597,"hostname":"MacBookPro","type":"AUDIT","action":"USER_REGISTER","userId":2,"resource":"AUTH","resourceId":"2","metadata":{"email":"test_1785859043478@example.com","username":"testuser_1785859043478"},"timestamp":"2026-08-04T15:57:23.503Z"}
{"level":30,"time":1785859043508,"pid":25596,"hostname":"MacBookPro","type":"AUDIT","action":"LOGIN_SUCCESS","userId":1,"resource":"AUTH","resourceId":"1","metadata":{"email":"test_1785859043454@example.com","username":"testuser_1785859043454"},"timestamp":"2026-08-04T15:57:23.508Z"}
{"level":30,"time":1785859043532,"pid":25597,"hostname":"MacBookPro","type":"AUDIT","action":"LOGIN_SUCCESS","userId":2,"resource":"AUTH","resourceId":"2","metadata":{"email":"test_1785859043478@example.com","username":"testuser_1785859043478"},"timestamp":"2026-08-04T15:57:23.532Z"}
{"level":30,"time":1785859043579,"pid":25596,"hostname":"MacBookPro","type":"AUDIT","action":"USER_REGISTER","userId":1,"resource":"AUTH","resourceId":"1","metadata":{"email":"test_1785859043552@example.com","username":"testuser_1785859043552"},"timestamp":"2026-08-04T15:57:23.579Z"}
{"level":30,"time":1785859043601,"pid":25597,"hostname":"MacBookPro","type":"AUDIT","action":"USER_REGISTER","userId":2,"resource":"AUTH","resourceId":"2","metadata":{"email":"test_1785859043573@example.com","username":"testuser_1785859043573"},"timestamp":"2026-08-04T15:57:23.601Z"}
{"level":30,"time":1785859043606,"pid":25596,"hostname":"MacBookPro","type":"AUDIT","action":"LOGIN_SUCCESS","userId":1,"resource":"AUTH","resourceId":"1","metadata":{"email":"test_1785859043552@example.com","username":"testuser_1785859043552"},"timestamp":"2026-08-04T15:57:23.606Z"}
{"level":30,"time":1785859043670,"pid":25596,"hostname":"MacBookPro","type":"AUDIT","action":"USER_REGISTER","userId":1,"resource":"AUTH","resourceId":"1","metadata":{"email":"test_1785859043642@example.com","username":"testuser_1785859043642"},"timestamp":"2026-08-04T15:57:23.670Z"}
{"level":30,"time":1785859043700,"pid":25596,"hostname":"MacBookPro","type":"AUDIT","action":"LOGIN_SUCCESS","userId":1,"resource":"AUTH","resourceId":"1","metadata":{"email":"test_1785859043642@example.com","username":"testuser_1785859043642"},"timestamp":"2026-08-04T15:57:23.700Z"}
{"level":30,"time":1785859043768,"pid":25596,"hostname":"MacBookPro","type":"AUDIT","action":"USER_REGISTER","userId":1,"resource":"AUTH","resourceId":"1","metadata":{"email":"test_1785859043742@example.com","username":"testuser_1785859043742"},"timestamp":"2026-08-04T15:57:23.768Z"}
{"level":30,"time":1785859043774,"pid":25597,"hostname":"MacBookPro","type":"AUDIT","action":"USER_REGISTER","userId":2,"resource":"AUTH","resourceId":"2","metadata":{"email":"test_1785859043748@example.com","username":"testuser_1785859043748"},"timestamp":"2026-08-04T15:57:23.774Z"}
{"level":30,"time":1785859043797,"pid":25596,"hostname":"MacBookPro","type":"AUDIT","action":"LOGIN_SUCCESS","userId":1,"resource":"AUTH","resourceId":"1","metadata":{"email":"test_1785859043742@example.com","username":"testuser_1785859043742"},"timestamp":"2026-08-04T15:57:23.797Z"}
{"level":30,"time":1785859043802,"pid":25597,"hostname":"MacBookPro","type":"AUDIT","action":"LOGIN_SUCCESS","userId":2,"resource":"AUTH","resourceId":"2","metadata":{"email":"test_1785859043748@example.com","username":"testuser_1785859043748"},"timestamp":"2026-08-04T15:57:23.802Z"}
{"level":30,"time":1785859043823,"pid":25596,"hostname":"MacBookPro","type":"AUDIT","action":"USER_REGISTER","userId":3,"resource":"AUTH","resourceId":"3","metadata":{"email":"test_1785859043798@example.com","username":"testuser_1785859043798"},"timestamp":"2026-08-04T15:57:23.823Z"}
{"level":30,"time":1785859043839,"pid":25597,"hostname":"MacBookPro","type":"AUDIT","action":"LOGIN_SUCCESS","userId":2,"resource":"AUTH","resourceId":"2","metadata":{"email":"test_1785859043748@example.com","username":"testuser_1785859043748"},"timestamp":"2026-08-04T15:57:23.839Z"}
{"level":30,"time":1785859043852,"pid":25596,"hostname":"MacBookPro","type":"AUDIT","action":"LOGIN_SUCCESS","userId":3,"resource":"AUTH","resourceId":"3","metadata":{"email":"test_1785859043798@example.com","username":"testuser_1785859043798"},"timestamp":"2026-08-04T15:57:23.852Z"}
{"level":30,"time":1785859043918,"pid":25596,"hostname":"MacBookPro","type":"AUDIT","action":"USER_REGISTER","userId":1,"resource":"AUTH","resourceId":"1","metadata":{"email":"test_1785859043892@example.com","username":"testuser_1785859043892"},"timestamp":"2026-08-04T15:57:23.918Z"}
{"level":30,"time":1785859043945,"pid":25596,"hostname":"MacBookPro","type":"AUDIT","action":"LOGIN_SUCCESS","userId":1,"resource":"AUTH","resourceId":"1","metadata":{"email":"test_1785859043892@example.com","username":"testuser_1785859043892"},"timestamp":"2026-08-04T15:57:23.945Z"}
{"level":30,"time":1785859044003,"pid":25596,"hostname":"MacBookPro","type":"AUDIT","action":"USER_REGISTER","userId":1,"resource":"AUTH","resourceId":"1","metadata":{"email":"test_1785859043977@example.com","username":"testuser_1785859043977"},"timestamp":"2026-08-04T15:57:24.003Z"}
{"level":30,"time":1785859044029,"pid":25596,"hostname":"MacBookPro","type":"AUDIT","action":"LOGIN_SUCCESS","userId":1,"resource":"AUTH","resourceId":"1","metadata":{"email":"test_1785859043977@example.com","username":"testuser_1785859043977"},"timestamp":"2026-08-04T15:57:24.029Z"}
{"level":30,"time":1785859044084,"pid":25596,"hostname":"MacBookPro","type":"AUDIT","action":"USER_REGISTER","userId":1,"resource":"AUTH","resourceId":"1","metadata":{"email":"test_1785859044058@example.com","username":"testuser_1785859044058"},"timestamp":"2026-08-04T15:57:24.084Z"}
{"level":30,"time":1785859044111,"pid":25596,"hostname":"MacBookPro","type":"AUDIT","action":"LOGIN_SUCCESS","userId":1,"resource":"AUTH","resourceId":"1","metadata":{"email":"test_1785859044058@example.com","username":"testuser_1785859044058"},"timestamp":"2026-08-04T15:57:24.111Z"}
{"level":30,"time":1785859044171,"pid":25596,"hostname":"MacBookPro","type":"AUDIT","action":"USER_REGISTER","userId":1,"resource":"AUTH","resourceId":"1","metadata":{"email":"test_1785859044146@example.com","username":"testuser_1785859044146"},"timestamp":"2026-08-04T15:57:24.171Z"}
{"level":30,"time":1785859044198,"pid":25596,"hostname":"MacBookPro","type":"AUDIT","action":"LOGIN_SUCCESS","userId":1,"resource":"AUTH","resourceId":"1","metadata":{"email":"test_1785859044146@example.com","username":"testuser_1785859044146"},"timestamp":"2026-08-04T15:57:24.198Z"}
{"level":30,"time":1785859044250,"pid":25596,"hostname":"MacBookPro","type":"AUDIT","action":"USER_REGISTER","userId":1,"resource":"AUTH","resourceId":"1","metadata":{"email":"test_1785859044225@example.com","username":"testuser_1785859044225"},"timestamp":"2026-08-04T15:57:24.250Z"}
{"level":30,"time":1785859044280,"pid":25596,"hostname":"MacBookPro","type":"AUDIT","action":"LOGIN_SUCCESS","userId":1,"resource":"AUTH","resourceId":"1","metadata":{"email":"test_1785859044225@example.com","username":"testuser_1785859044225"},"timestamp":"2026-08-04T15:57:24.280Z"}
{"level":30,"time":1785859044335,"pid":25596,"hostname":"MacBookPro","type":"AUDIT","action":"USER_REGISTER","userId":1,"resource":"AUTH","resourceId":"1","metadata":{"email":"test_1785859044307@example.com","username":"testuser_1785859044307"},"timestamp":"2026-08-04T15:57:24.335Z"}
{"level":30,"time":1785859044361,"pid":25596,"hostname":"MacBookPro","type":"AUDIT","action":"LOGIN_SUCCESS","userId":1,"resource":"AUTH","resourceId":"1","metadata":{"email":"test_1785859044307@example.com","username":"testuser_1785859044307"},"timestamp":"2026-08-04T15:57:24.361Z"}
{"level":30,"time":1785859044410,"pid":25596,"hostname":"MacBookPro","type":"AUDIT","action":"USER_REGISTER","userId":1,"resource":"AUTH","resourceId":"1","metadata":{"email":"test_1785859044387@example.com","username":"testuser_1785859044387"},"timestamp":"2026-08-04T15:57:24.410Z"}
{"level":30,"time":1785859044436,"pid":25596,"hostname":"MacBookPro","type":"AUDIT","action":"LOGIN_SUCCESS","userId":1,"resource":"AUTH","resourceId":"1","metadata":{"email":"test_1785859044387@example.com","username":"testuser_1785859044387"},"timestamp":"2026-08-04T15:57:24.436Z"}
{"level":30,"time":1785859044486,"pid":25596,"hostname":"MacBookPro","type":"AUDIT","action":"USER_REGISTER","userId":1,"resource":"AUTH","resourceId":"1","metadata":{"email":"test_1785859044462@example.com","username":"testuser_1785859044462"},"timestamp":"2026-08-04T15:57:24.486Z"}
{"level":30,"time":1785859044511,"pid":25596,"hostname":"MacBookPro","type":"AUDIT","action":"LOGIN_SUCCESS","userId":1,"resource":"AUTH","resourceId":"1","metadata":{"email":"test_1785859044462@example.com","username":"testuser_1785859044462"},"timestamp":"2026-08-04T15:57:24.511Z"}
{"level":30,"time":1785859127637,"pid":25779,"hostname":"MacBookPro","msg":"Audit system initialized"}
{"level":30,"time":1785859128054,"pid":25776,"hostname":"MacBookPro","msg":"Audit system initialized"}
{"level":30,"time":1785859128052,"pid":25778,"hostname":"MacBookPro","msg":"Audit system initialized"}
{"level":30,"time":1785859129505,"pid":25776,"hostname":"MacBookPro","type":"AUDIT","action":"USER_REGISTER","userId":2,"resource":"AUTH","resourceId":"2","metadata":{"email":"test_1785859129354@example.com","username":"testuser_1785859129354"},"timestamp":"2026-08-04T15:58:49.505Z"}
{"level":30,"time":1785859129505,"pid":25778,"hostname":"MacBookPro","type":"AUDIT","action":"USER_REGISTER","userId":1,"resource":"AUTH","resourceId":"1","metadata":{"email":"test_1785859129353@example.com","username":"testuser_1785859129353"},"timestamp":"2026-08-04T15:58:49.505Z"}
{"level":30,"time":1785859129554,"pid":25776,"hostname":"MacBookPro","type":"AUDIT","action":"LOGIN_SUCCESS","userId":2,"resource":"AUTH","resourceId":"2","metadata":{"email":"test_1785859129354@example.com","username":"testuser_1785859129354"},"timestamp":"2026-08-04T15:58:49.554Z"}
{"level":30,"time":1785859129656,"pid":25778,"hostname":"MacBookPro","type":"AUDIT","action":"USER_REGISTER","userId":1,"resource":"AUTH","resourceId":"1","metadata":{"email":"test_1785859129622@example.com","username":"testuser_1785859129622"},"timestamp":"2026-08-04T15:58:49.656Z"}
{"level":30,"time":1785859129725,"pid":25776,"hostname":"MacBookPro","type":"AUDIT","action":"USER_REGISTER","userId":1,"resource":"AUTH","resourceId":"1","metadata":{"email":"test_1785859129695@example.com","username":"testuser_1785859129695"},"timestamp":"2026-08-04T15:58:49.725Z"}
{"level":30,"time":1785859129736,"pid":25776,"hostname":"MacBookPro","type":"AUDIT","action":"LOGIN_FAILED_USER_NOT_FOUND","resource":"AUTH","resourceId":"unknown","metadata":{"email":"test_1785859129695@example.com"},"timestamp":"2026-08-04T15:58:49.736Z"}
{"level":30,"time":1785859129800,"pid":25776,"hostname":"MacBookPro","type":"AUDIT","action":"USER_REGISTER","userId":1,"resource":"AUTH","resourceId":"1","metadata":{"email":"test_1785859129770@example.com","username":"testuser_1785859129770"},"timestamp":"2026-08-04T15:58:49.800Z"}
{"level":30,"time":1785859129807,"pid":25776,"hostname":"MacBookPro","type":"AUDIT","action":"LOGIN_FAILED_USER_NOT_FOUND","resource":"AUTH","resourceId":"unknown","metadata":{"email":"test_1785859129770@example.com"},"timestamp":"2026-08-04T15:58:49.807Z"}
{"level":30,"time":1785859129880,"pid":25776,"hostname":"MacBookPro","type":"AUDIT","action":"USER_REGISTER","userId":1,"resource":"AUTH","resourceId":"1","metadata":{"email":"test_1785859129846@example.com","username":"testuser_1785859129846"},"timestamp":"2026-08-04T15:58:49.880Z"}
{"level":30,"time":1785859129892,"pid":25776,"hostname":"MacBookPro","type":"AUDIT","action":"LOGIN_FAILED_USER_NOT_FOUND","resource":"AUTH","resourceId":"unknown","metadata":{"email":"test_1785859129846@example.com"},"timestamp":"2026-08-04T15:58:49.891Z"}
{"level":30,"time":1785859129953,"pid":25776,"hostname":"MacBookPro","type":"AUDIT","action":"USER_REGISTER","userId":1,"resource":"AUTH","resourceId":"1","metadata":{"email":"test_1785859129921@example.com","username":"testuser_1785859129921"},"timestamp":"2026-08-04T15:58:49.953Z"}
{"level":30,"time":1785859129961,"pid":25776,"hostname":"MacBookPro","type":"AUDIT","action":"LOGIN_FAILED_USER_NOT_FOUND","resource":"AUTH","resourceId":"unknown","metadata":{"email":"test_1785859129921@example.com"},"timestamp":"2026-08-04T15:58:49.961Z"}
{"level":30,"time":1785859130027,"pid":25776,"hostname":"MacBookPro","type":"AUDIT","action":"USER_REGISTER","userId":1,"resource":"AUTH","resourceId":"1","metadata":{"email":"test_1785859129998@example.com","username":"testuser_1785859129998"},"timestamp":"2026-08-04T15:58:50.027Z"}
{"level":30,"time":1785859130032,"pid":25776,"hostname":"MacBookPro","type":"AUDIT","action":"LOGIN_FAILED_USER_NOT_FOUND","resource":"AUTH","resourceId":"unknown","metadata":{"email":"test_1785859129998@example.com"},"timestamp":"2026-08-04T15:58:50.032Z"}
{"level":30,"time":1785859130064,"pid":25778,"hostname":"MacBookPro","type":"AUDIT","action":"USER_REGISTER","userId":1,"resource":"AUTH","resourceId":"1","metadata":{"email":"test_1785859130035@example.com","username":"testuser_1785859130035"},"timestamp":"2026-08-04T15:58:50.064Z"}
{"level":30,"time":1785859130089,"pid":25776,"hostname":"MacBookPro","type":"AUDIT","action":"USER_REGISTER","userId":2,"resource":"AUTH","resourceId":"2","metadata":{"email":"test_1785859130063@example.com","username":"testuser_1785859130063"},"timestamp":"2026-08-04T15:58:50.089Z"}
{"level":30,"time":1785859130100,"pid":25778,"hostname":"MacBookPro","type":"AUDIT","action":"LOGIN_SUCCESS","userId":1,"resource":"AUTH","resourceId":"1","metadata":{"email":"test_1785859130035@example.com","username":"testuser_1785859130035"},"timestamp":"2026-08-04T15:58:50.100Z"}
{"level":30,"time":1785859130121,"pid":25776,"hostname":"MacBookPro","type":"AUDIT","action":"LOGIN_SUCCESS","userId":2,"resource":"AUTH","resourceId":"2","metadata":{"email":"test_1785859130063@example.com","username":"testuser_1785859130063"},"timestamp":"2026-08-04T15:58:50.121Z"}
{"level":30,"time":1785859130159,"pid":25778,"hostname":"MacBookPro","type":"AUDIT","action":"USER_REGISTER","userId":1,"resource":"AUTH","resourceId":"1","metadata":{"email":"test_1785859130128@example.com","username":"testuser_1785859130128"},"timestamp":"2026-08-04T15:58:50.159Z"}
{"level":30,"time":1785859130180,"pid":25776,"hostname":"MacBookPro","type":"AUDIT","action":"USER_REGISTER","userId":2,"resource":"AUTH","resourceId":"2","metadata":{"email":"test_1785859130152@example.com","username":"testuser_1785859130152"},"timestamp":"2026-08-04T15:58:50.180Z"}
{"level":30,"time":1785859130182,"pid":25778,"hostname":"MacBookPro","type":"AUDIT","action":"LOGIN_FAILED_INVALID_PASSWORD","userId":1,"resource":"AUTH","resourceId":"1","metadata":{"email":"test_1785859130128@example.com","username":"testuser_1785859130128"},"timestamp":"2026-08-04T15:58:50.182Z"}
{"level":30,"time":1785859130208,"pid":25776,"hostname":"MacBookPro","type":"AUDIT","action":"LOGIN_SUCCESS","userId":2,"resource":"AUTH","resourceId":"2","metadata":{"email":"test_1785859130152@example.com","username":"testuser_1785859130152"},"timestamp":"2026-08-04T15:58:50.208Z"}
{"level":30,"time":1785859130215,"pid":25778,"hostname":"MacBookPro","type":"AUDIT","action":"LOGIN_FAILED_USER_NOT_FOUND","resource":"AUTH","resourceId":"unknown","metadata":{"email":"nonexistent@example.com"},"timestamp":"2026-08-04T15:58:50.215Z"}
{"level":30,"time":1785859130272,"pid":25776,"hostname":"MacBookPro","type":"AUDIT","action":"USER_REGISTER","userId":1,"resource":"AUTH","resourceId":"1","metadata":{"email":"test_1785859130246@example.com","username":"testuser_1785859130246"},"timestamp":"2026-08-04T15:58:50.272Z"}
{"level":30,"time":1785859130280,"pid":25778,"hostname":"MacBookPro","type":"AUDIT","action":"USER_REGISTER","userId":2,"resource":"AUTH","resourceId":"2","metadata":{"email":"test_1785859130252@example.com","username":"testuser_1785859130252"},"timestamp":"2026-08-04T15:58:50.280Z"}
{"level":30,"time":1785859130303,"pid":25776,"hostname":"MacBookPro","type":"AUDIT","action":"LOGIN_SUCCESS","userId":1,"resource":"AUTH","resourceId":"1","metadata":{"email":"test_1785859130246@example.com","username":"testuser_1785859130246"},"timestamp":"2026-08-04T15:58:50.303Z"}
{"level":30,"time":1785859130313,"pid":25778,"hostname":"MacBookPro","type":"AUDIT","action":"LOGIN_SUCCESS","userId":2,"resource":"AUTH","resourceId":"2","metadata":{"email":"test_1785859130252@example.com","username":"testuser_1785859130252"},"timestamp":"2026-08-04T15:58:50.313Z"}
{"level":30,"time":1785859130504,"pid":25776,"hostname":"MacBookPro","type":"AUDIT","action":"USER_REGISTER","userId":1,"resource":"AUTH","resourceId":"1","metadata":{"email":"test_1785859130475@example.com","username":"testuser_1785859130475"},"timestamp":"2026-08-04T15:58:50.504Z"}
{"level":30,"time":1785859130519,"pid":25778,"hostname":"MacBookPro","type":"AUDIT","action":"USER_REGISTER","userId":2,"resource":"AUTH","resourceId":"2","metadata":{"email":"test_1785859130493@example.com","username":"testuser_1785859130493"},"timestamp":"2026-08-04T15:58:50.519Z"}
{"level":30,"time":1785859130545,"pid":25776,"hostname":"MacBookPro","type":"AUDIT","action":"LOGIN_SUCCESS","userId":1,"resource":"AUTH","resourceId":"1","metadata":{"email":"test_1785859130475@example.com","username":"testuser_1785859130475"},"timestamp":"2026-08-04T15:58:50.545Z"}
{"level":30,"time":1785859130626,"pid":25776,"hostname":"MacBookPro","type":"AUDIT","action":"USER_REGISTER","userId":1,"resource":"AUTH","resourceId":"1","metadata":{"email":"test_1785859130585@example.com","username":"testuser_1785859130585"},"timestamp":"2026-08-04T15:58:50.626Z"}
{"level":30,"time":1785859130820,"pid":25776,"hostname":"MacBookPro","type":"AUDIT","action":"LOGIN_SUCCESS","userId":1,"resource":"AUTH","resourceId":"1","metadata":{"email":"test_1785859130585@example.com","username":"testuser_1785859130585"},"timestamp":"2026-08-04T15:58:50.820Z"}
{"level":30,"time":1785859130881,"pid":25778,"hostname":"MacBookPro","type":"AUDIT","action":"USER_REGISTER","userId":1,"resource":"AUTH","resourceId":"1","metadata":{"email":"test_1785859130828@example.com","username":"testuser_1785859130828"},"timestamp":"2026-08-04T15:58:50.881Z"}
{"level":30,"time":1785859130916,"pid":25776,"hostname":"MacBookPro","type":"AUDIT","action":"USER_REGISTER","userId":2,"resource":"AUTH","resourceId":"2","metadata":{"email":"test_1785859130882@example.com","username":"testuser_1785859130882"},"timestamp":"2026-08-04T15:58:50.916Z"}
{"level":30,"time":1785859130920,"pid":25778,"hostname":"MacBookPro","type":"AUDIT","action":"LOGIN_SUCCESS","userId":1,"resource":"AUTH","resourceId":"1","metadata":{"email":"test_1785859130828@example.com","username":"testuser_1785859130828"},"timestamp":"2026-08-04T15:58:50.920Z"}
{"level":30,"time":1785859130954,"pid":25776,"hostname":"MacBookPro","type":"AUDIT","action":"LOGIN_SUCCESS","userId":2,"resource":"AUTH","resourceId":"2","metadata":{"email":"test_1785859130882@example.com","username":"testuser_1785859130882"},"timestamp":"2026-08-04T15:58:50.954Z"}
{"level":30,"time":1785859130964,"pid":25778,"hostname":"MacBookPro","type":"AUDIT","action":"LOGIN_SUCCESS","userId":1,"resource":"AUTH","resourceId":"1","metadata":{"email":"test_1785859130828@example.com","username":"testuser_1785859130828"},"timestamp":"2026-08-04T15:58:50.964Z"}
{"level":30,"time":1785859130984,"pid":25776,"hostname":"MacBookPro","type":"AUDIT","action":"USER_REGISTER","userId":3,"resource":"AUTH","resourceId":"3","metadata":{"email":"test_1785859130955@example.com","username":"testuser_1785859130955"},"timestamp":"2026-08-04T15:58:50.984Z"}
{"level":30,"time":1785859130996,"pid":25776,"hostname":"MacBookPro","type":"AUDIT","action":"LOGIN_FAILED_USER_NOT_FOUND","resource":"AUTH","resourceId":"unknown","metadata":{"email":"test_1785859130955@example.com"},"timestamp":"2026-08-04T15:58:50.996Z"}
{"level":30,"time":1785859131085,"pid":25776,"hostname":"MacBookPro","type":"AUDIT","action":"USER_REGISTER","userId":1,"resource":"AUTH","resourceId":"1","metadata":{"email":"test_1785859131026@example.com","username":"testuser_1785859131026"},"timestamp":"2026-08-04T15:58:51.082Z"}
{"level":30,"time":1785859131136,"pid":25776,"hostname":"MacBookPro","type":"AUDIT","action":"LOGIN_SUCCESS","userId":1,"resource":"AUTH","resourceId":"1","metadata":{"email":"test_1785859131026@example.com","username":"testuser_1785859131026"},"timestamp":"2026-08-04T15:58:51.136Z"}
{"level":30,"time":1785859131237,"pid":25776,"hostname":"MacBookPro","type":"AUDIT","action":"USER_REGISTER","userId":1,"resource":"AUTH","resourceId":"1","metadata":{"email":"test_1785859131204@example.com","username":"testuser_1785859131204"},"timestamp":"2026-08-04T15:58:51.237Z"}
{"level":30,"time":1785859131268,"pid":25776,"hostname":"MacBookPro","type":"AUDIT","action":"LOGIN_SUCCESS","userId":1,"resource":"AUTH","resourceId":"1","metadata":{"email":"test_1785859131204@example.com","username":"testuser_1785859131204"},"timestamp":"2026-08-04T15:58:51.268Z"}
{"level":30,"time":1785859131348,"pid":25776,"hostname":"MacBookPro","type":"AUDIT","action":"USER_REGISTER","userId":1,"resource":"AUTH","resourceId":"1","metadata":{"email":"test_1785859131318@example.com","username":"testuser_1785859131318"},"timestamp":"2026-08-04T15:58:51.348Z"}
{"level":30,"time":1785859131379,"pid":25776,"hostname":"MacBookPro","type":"AUDIT","action":"LOGIN_SUCCESS","userId":1,"resource":"AUTH","resourceId":"1","metadata":{"email":"test_1785859131318@example.com","username":"testuser_1785859131318"},"timestamp":"2026-08-04T15:58:51.379Z"}
{"level":30,"time":1785859131496,"pid":25776,"hostname":"MacBookPro","type":"AUDIT","action":"USER_REGISTER","userId":1,"resource":"AUTH","resourceId":"1","metadata":{"email":"test_1785859131464@example.com","username":"testuser_1785859131464"},"timestamp":"2026-08-04T15:58:51.496Z"}
{"level":30,"time":1785859131527,"pid":25776,"hostname":"MacBookPro","type":"AUDIT","action":"LOGIN_SUCCESS","userId":1,"resource":"AUTH","resourceId":"1","metadata":{"email":"test_1785859131464@example.com","username":"testuser_1785859131464"},"timestamp":"2026-08-04T15:58:51.527Z"}
{"level":30,"time":1785859131580,"pid":25776,"hostname":"MacBookPro","type":"AUDIT","action":"USER_REGISTER","userId":1,"resource":"AUTH","resourceId":"1","metadata":{"email":"test_1785859131554@example.com","username":"testuser_1785859131554"},"timestamp":"2026-08-04T15:58:51.580Z"}
{"level":30,"time":1785859131610,"pid":25776,"hostname":"MacBookPro","type":"AUDIT","action":"LOGIN_SUCCESS","userId":1,"resource":"AUTH","resourceId":"1","metadata":{"email":"test_1785859131554@example.com","username":"testuser_1785859131554"},"timestamp":"2026-08-04T15:58:51.610Z"}
{"level":30,"time":1785859131669,"pid":25776,"hostname":"MacBookPro","type":"AUDIT","action":"USER_REGISTER","userId":1,"resource":"AUTH","resourceId":"1","metadata":{"email":"test_1785859131639@example.com","username":"testuser_1785859131639"},"timestamp":"2026-08-04T15:58:51.669Z"}
{"level":30,"time":1785859131702,"pid":25776,"hostname":"MacBookPro","type":"AUDIT","action":"LOGIN_SUCCESS","userId":1,"resource":"AUTH","resourceId":"1","metadata":{"email":"test_1785859131639@example.com","username":"testuser_1785859131639"},"timestamp":"2026-08-04T15:58:51.702Z"}
{"level":30,"time":1785859131818,"pid":25776,"hostname":"MacBookPro","type":"AUDIT","action":"USER_REGISTER","userId":1,"resource":"AUTH","resourceId":"1","metadata":{"email":"test_1785859131768@example.com","username":"testuser_1785859131768"},"timestamp":"2026-08-04T15:58:51.818Z"}
{"level":30,"time":1785859131848,"pid":25776,"hostname":"MacBookPro","type":"AUDIT","action":"LOGIN_SUCCESS","userId":1,"resource":"AUTH","resourceId":"1","metadata":{"email":"test_1785859131768@example.com","username":"testuser_1785859131768"},"timestamp":"2026-08-04T15:58:51.848Z"}
{"level":30,"time":1785859131910,"pid":25776,"hostname":"MacBookPro","type":"AUDIT","action":"USER_REGISTER","userId":1,"resource":"AUTH","resourceId":"1","metadata":{"email":"test_1785859131882@example.com","username":"testuser_1785859131882"},"timestamp":"2026-08-04T15:58:51.910Z"}
{"level":30,"time":1785859131937,"pid":25776,"hostname":"MacBookPro","type":"AUDIT","action":"LOGIN_SUCCESS","userId":1,"resource":"AUTH","resourceId":"1","metadata":{"email":"test_1785859131882@example.com","username":"testuser_1785859131882"},"timestamp":"2026-08-04T15:58:51.937Z"}
{"level":30,"time":1785859291529,"pid":26127,"hostname":"MacBookPro","msg":"Audit system initialized"}
{"level":30,"time":1785859293061,"pid":26127,"hostname":"MacBookPro","type":"AUDIT","action":"USER_REGISTER","userId":1,"resource":"AUTH","resourceId":"1","metadata":{"email":"test_1785859292980@example.com","username":"testuser_1785859292980"},"timestamp":"2026-08-04T16:01:33.061Z"}
{"level":30,"time":1785859293100,"pid":26127,"hostname":"MacBookPro","type":"AUDIT","action":"LOGIN_SUCCESS","userId":1,"resource":"AUTH","resourceId":"1","metadata":{"email":"test_1785859292980@example.com","username":"testuser_1785859292980"},"timestamp":"2026-08-04T16:01:33.100Z"}
{"level":30,"time":1785859293193,"pid":26127,"hostname":"MacBookPro","type":"AUDIT","action":"USER_REGISTER","userId":1,"resource":"AUTH","resourceId":"1","metadata":{"email":"test_1785859293166@example.com","username":"testuser_1785859293166"},"timestamp":"2026-08-04T16:01:33.193Z"}
{"level":30,"time":1785859293228,"pid":26127,"hostname":"MacBookPro","type":"AUDIT","action":"LOGIN_SUCCESS","userId":1,"resource":"AUTH","resourceId":"1","metadata":{"email":"test_1785859293166@example.com","username":"testuser_1785859293166"},"timestamp":"2026-08-04T16:01:33.228Z"}
{"level":30,"time":1785859293285,"pid":26127,"hostname":"MacBookPro","type":"AUDIT","action":"USER_REGISTER","userId":1,"resource":"AUTH","resourceId":"1","metadata":{"email":"test_1785859293255@example.com","username":"testuser_1785859293255"},"timestamp":"2026-08-04T16:01:33.285Z"}
{"level":30,"time":1785859293315,"pid":26127,"hostname":"MacBookPro","type":"AUDIT","action":"LOGIN_SUCCESS","userId":1,"resource":"AUTH","resourceId":"1","metadata":{"email":"test_1785859293255@example.com","username":"testuser_1785859293255"},"timestamp":"2026-08-04T16:01:33.315Z"}
{"level":30,"time":1785859293368,"pid":26127,"hostname":"MacBookPro","type":"AUDIT","action":"USER_REGISTER","userId":1,"resource":"AUTH","resourceId":"1","metadata":{"email":"test_1785859293344@example.com","username":"testuser_1785859293344"},"timestamp":"2026-08-04T16:01:33.368Z"}
{"level":30,"time":1785859293395,"pid":26127,"hostname":"MacBookPro","type":"AUDIT","action":"LOGIN_SUCCESS","userId":1,"resource":"AUTH","resourceId":"1","metadata":{"email":"test_1785859293344@example.com","username":"testuser_1785859293344"},"timestamp":"2026-08-04T16:01:33.395Z"}
{"level":30,"time":1785859293443,"pid":26127,"hostname":"MacBookPro","type":"AUDIT","action":"USER_REGISTER","userId":1,"resource":"AUTH","resourceId":"1","metadata":{"email":"test_1785859293418@example.com","username":"testuser_1785859293418"},"timestamp":"2026-08-04T16:01:33.443Z"}
{"level":30,"time":1785859293469,"pid":26127,"hostname":"MacBookPro","type":"AUDIT","action":"LOGIN_SUCCESS","userId":1,"resource":"AUTH","resourceId":"1","metadata":{"email":"test_1785859293418@example.com","username":"testuser_1785859293418"},"timestamp":"2026-08-04T16:01:33.469Z"}
{"level":30,"time":1785859293516,"pid":26127,"hostname":"MacBookPro","type":"AUDIT","action":"USER_REGISTER","userId":1,"resource":"AUTH","resourceId":"1","metadata":{"email":"test_1785859293493@example.com","username":"testuser_1785859293493"},"timestamp":"2026-08-04T16:01:33.516Z"}
{"level":30,"time":1785859293541,"pid":26127,"hostname":"MacBookPro","type":"AUDIT","action":"LOGIN_SUCCESS","userId":1,"resource":"AUTH","resourceId":"1","metadata":{"email":"test_1785859293493@example.com","username":"testuser_1785859293493"},"timestamp":"2026-08-04T16:01:33.541Z"}
{"level":30,"time":1785859293586,"pid":26127,"hostname":"MacBookPro","type":"AUDIT","action":"USER_REGISTER","userId":1,"resource":"AUTH","resourceId":"1","metadata":{"email":"test_1785859293563@example.com","username":"testuser_1785859293563"},"timestamp":"2026-08-04T16:01:33.586Z"}
{"level":30,"time":1785859293611,"pid":26127,"hostname":"MacBookPro","type":"AUDIT","action":"LOGIN_SUCCESS","userId":1,"resource":"AUTH","resourceId":"1","metadata":{"email":"test_1785859293563@example.com","username":"testuser_1785859293563"},"timestamp":"2026-08-04T16:01:33.611Z"}
{"level":30,"time":1785859293661,"pid":26127,"hostname":"MacBookPro","type":"AUDIT","action":"USER_REGISTER","userId":1,"resource":"AUTH","resourceId":"1","metadata":{"email":"test_1785859293636@example.com","username":"testuser_1785859293636"},"timestamp":"2026-08-04T16:01:33.661Z"}
{"level":30,"time":1785859293685,"pid":26127,"hostname":"MacBookPro","type":"AUDIT","action":"LOGIN_SUCCESS","userId":1,"resource":"AUTH","resourceId":"1","metadata":{"email":"test_1785859293636@example.com","username":"testuser_1785859293636"},"timestamp":"2026-08-04T16:01:33.685Z"}
{"level":30,"time":1785859293737,"pid":26127,"hostname":"MacBookPro","type":"AUDIT","action":"USER_REGISTER","userId":1,"resource":"AUTH","resourceId":"1","metadata":{"email":"test_1785859293712@example.com","username":"testuser_1785859293712"},"timestamp":"2026-08-04T16:01:33.737Z"}
{"level":30,"time":1785859293765,"pid":26127,"hostname":"MacBookPro","type":"AUDIT","action":"LOGIN_SUCCESS","userId":1,"resource":"AUTH","resourceId":"1","metadata":{"email":"test_1785859293712@example.com","username":"testuser_1785859293712"},"timestamp":"2026-08-04T16:01:33.765Z"}
{"level":30,"time":1785859293823,"pid":26127,"hostname":"MacBookPro","type":"AUDIT","action":"USER_REGISTER","userId":1,"resource":"AUTH","resourceId":"1","metadata":{"email":"test_1785859293796@example.com","username":"testuser_1785859293796"},"timestamp":"2026-08-04T16:01:33.823Z"}
{"level":30,"time":1785859293853,"pid":26127,"hostname":"MacBookPro","type":"AUDIT","action":"LOGIN_SUCCESS","userId":1,"resource":"AUTH","resourceId":"1","metadata":{"email":"test_1785859293796@example.com","username":"testuser_1785859293796"},"timestamp":"2026-08-04T16:01:33.853Z"}
{"level":30,"time":1785859293909,"pid":26127,"hostname":"MacBookPro","type":"AUDIT","action":"USER_REGISTER","userId":1,"resource":"AUTH","resourceId":"1","metadata":{"email":"test_1785859293882@example.com","username":"testuser_1785859293882"},"timestamp":"2026-08-04T16:01:33.909Z"}
{"level":30,"time":1785859293935,"pid":26127,"hostname":"MacBookPro","type":"AUDIT","action":"LOGIN_SUCCESS","userId":1,"resource":"AUTH","resourceId":"1","metadata":{"email":"test_1785859293882@example.com","username":"testuser_1785859293882"},"timestamp":"2026-08-04T16:01:33.935Z"}
{"level":30,"time":1785859293988,"pid":26127,"hostname":"MacBookPro","type":"AUDIT","action":"USER_REGISTER","userId":1,"resource":"AUTH","resourceId":"1","metadata":{"email":"test_1785859293963@example.com","username":"testuser_1785859293963"},"timestamp":"2026-08-04T16:01:33.988Z"}
{"level":30,"time":1785859294016,"pid":26127,"hostname":"MacBookPro","type":"AUDIT","action":"LOGIN_SUCCESS","userId":1,"resource":"AUTH","resourceId":"1","metadata":{"email":"test_1785859293963@example.com","username":"testuser_1785859293963"},"timestamp":"2026-08-04T16:01:34.016Z"}
{"level":30,"time":1785859294041,"pid":26127,"hostname":"MacBookPro","type":"AUDIT","action":"USER_REGISTER","userId":2,"resource":"AUTH","resourceId":"2","metadata":{"email":"test_1785859294017@example.com","username":"testuser_1785859294017"},"timestamp":"2026-08-04T16:01:34.041Z"}
{"level":30,"time":1785859294066,"pid":26127,"hostname":"MacBookPro","type":"AUDIT","action":"LOGIN_SUCCESS","userId":2,"resource":"AUTH","resourceId":"2","metadata":{"email":"test_1785859294017@example.com","username":"testuser_1785859294017"},"timestamp":"2026-08-04T16:01:34.066Z"}
{"level":30,"time":1785859294117,"pid":26127,"hostname":"MacBookPro","type":"AUDIT","action":"USER_REGISTER","userId":1,"resource":"AUTH","resourceId":"1","metadata":{"email":"test_1785859294092@example.com","username":"testuser_1785859294092"},"timestamp":"2026-08-04T16:01:34.117Z"}
{"level":30,"time":1785859294144,"pid":26127,"hostname":"MacBookPro","type":"AUDIT","action":"LOGIN_SUCCESS","userId":1,"resource":"AUTH","resourceId":"1","metadata":{"email":"test_1785859294092@example.com","username":"testuser_1785859294092"},"timestamp":"2026-08-04T16:01:34.144Z"}
{"level":30,"time":1785859294197,"pid":26127,"hostname":"MacBookPro","type":"AUDIT","action":"USER_REGISTER","userId":1,"resource":"AUTH","resourceId":"1","metadata":{"email":"test_1785859294171@example.com","username":"testuser_1785859294171"},"timestamp":"2026-08-04T16:01:34.197Z"}
{"level":30,"time":1785859294223,"pid":26127,"hostname":"MacBookPro","type":"AUDIT","action":"LOGIN_SUCCESS","userId":1,"resource":"AUTH","resourceId":"1","metadata":{"email":"test_1785859294171@example.com","username":"testuser_1785859294171"},"timestamp":"2026-08-04T16:01:34.223Z"}
{"level":30,"time":1785859294273,"pid":26127,"hostname":"MacBookPro","type":"AUDIT","action":"USER_REGISTER","userId":1,"resource":"AUTH","resourceId":"1","metadata":{"email":"test_1785859294250@example.com","username":"testuser_1785859294250"},"timestamp":"2026-08-04T16:01:34.273Z"}
{"level":30,"time":1785859294298,"pid":26127,"hostname":"MacBookPro","type":"AUDIT","action":"LOGIN_SUCCESS","userId":1,"resource":"AUTH","resourceId":"1","metadata":{"email":"test_1785859294250@example.com","username":"testuser_1785859294250"},"timestamp":"2026-08-04T16:01:34.298Z"}
{"level":30,"time":1785859294345,"pid":26127,"hostname":"MacBookPro","type":"AUDIT","action":"USER_REGISTER","userId":1,"resource":"AUTH","resourceId":"1","metadata":{"email":"test_1785859294321@example.com","username":"testuser_1785859294321"},"timestamp":"2026-08-04T16:01:34.345Z"}
{"level":30,"time":1785859294369,"pid":26127,"hostname":"MacBookPro","type":"AUDIT","action":"LOGIN_SUCCESS","userId":1,"resource":"AUTH","resourceId":"1","metadata":{"email":"test_1785859294321@example.com","username":"testuser_1785859294321"},"timestamp":"2026-08-04T16:01:34.369Z"}
{"level":30,"time":1785859294415,"pid":26127,"hostname":"MacBookPro","type":"AUDIT","action":"USER_REGISTER","userId":1,"resource":"AUTH","resourceId":"1","metadata":{"email":"test_1785859294392@example.com","username":"testuser_1785859294392"},"timestamp":"2026-08-04T16:01:34.415Z"}
{"level":30,"time":1785859294439,"pid":26127,"hostname":"MacBookPro","type":"AUDIT","action":"LOGIN_SUCCESS","userId":1,"resource":"AUTH","resourceId":"1","metadata":{"email":"test_1785859294392@example.com","username":"testuser_1785859294392"},"timestamp":"2026-08-04T16:01:34.439Z"}
{"level":30,"time":1785859294485,"pid":26127,"hostname":"MacBookPro","type":"AUDIT","action":"USER_REGISTER","userId":1,"resource":"AUTH","resourceId":"1","metadata":{"email":"test_1785859294462@example.com","username":"testuser_1785859294462"},"timestamp":"2026-08-04T16:01:34.485Z"}
{"level":30,"time":1785859294511,"pid":26127,"hostname":"MacBookPro","type":"AUDIT","action":"LOGIN_SUCCESS","userId":1,"resource":"AUTH","resourceId":"1","metadata":{"email":"test_1785859294462@example.com","username":"testuser_1785859294462"},"timestamp":"2026-08-04T16:01:34.511Z"}
{"level":30,"time":1785859294555,"pid":26127,"hostname":"MacBookPro","type":"AUDIT","action":"USER_REGISTER","userId":1,"resource":"AUTH","resourceId":"1","metadata":{"email":"test_1785859294533@example.com","username":"testuser_1785859294533"},"timestamp":"2026-08-04T16:01:34.555Z"}
{"level":30,"time":1785859294580,"pid":26127,"hostname":"MacBookPro","type":"AUDIT","action":"LOGIN_SUCCESS","userId":1,"resource":"AUTH","resourceId":"1","metadata":{"email":"test_1785859294533@example.com","username":"testuser_1785859294533"},"timestamp":"2026-08-04T16:01:34.580Z"}
{"level":30,"time":1785859294627,"pid":26127,"hostname":"MacBookPro","type":"AUDIT","action":"USER_REGISTER","userId":1,"resource":"AUTH","resourceId":"1","metadata":{"email":"test_1785859294602@example.com","username":"testuser_1785859294602"},"timestamp":"2026-08-04T16:01:34.627Z"}
{"level":30,"time":1785859294651,"pid":26127,"hostname":"MacBookPro","type":"AUDIT","action":"LOGIN_SUCCESS","userId":1,"resource":"AUTH","resourceId":"1","metadata":{"email":"test_1785859294602@example.com","username":"testuser_1785859294602"},"timestamp":"2026-08-04T16:01:34.651Z"}
{"level":30,"time":1785859912940,"pid":26622,"hostname":"MacBookPro","msg":"Audit system initialized"}
{"level":30,"time":1785859914310,"pid":26622,"hostname":"MacBookPro","type":"AUDIT","action":"USER_REGISTER","userId":1,"resource":"AUTH","resourceId":"1","metadata":{"email":"test_1785859914231@example.com","username":"testuser_1785859914230"},"timestamp":"2026-08-04T16:11:54.310Z"}
{"level":30,"time":1785859914348,"pid":26622,"hostname":"MacBookPro","type":"AUDIT","action":"LOGIN_SUCCESS","userId":1,"resource":"AUTH","resourceId":"1","metadata":{"email":"test_1785859914231@example.com","username":"testuser_1785859914230"},"timestamp":"2026-08-04T16:11:54.348Z"}
{"level":30,"time":1785859914435,"pid":26622,"hostname":"MacBookPro","type":"AUDIT","action":"USER_REGISTER","userId":1,"resource":"AUTH","resourceId":"1","metadata":{"email":"test_1785859914408@example.com","username":"testuser_1785859914408"},"timestamp":"2026-08-04T16:11:54.435Z"}
{"level":30,"time":1785859914461,"pid":26622,"hostname":"MacBookPro","type":"AUDIT","action":"LOGIN_SUCCESS","userId":1,"resource":"AUTH","resourceId":"1","metadata":{"email":"test_1785859914408@example.com","username":"testuser_1785859914408"},"timestamp":"2026-08-04T16:11:54.461Z"}
{"level":30,"time":1785859914510,"pid":26622,"hostname":"MacBookPro","type":"AUDIT","action":"USER_REGISTER","userId":1,"resource":"AUTH","resourceId":"1","metadata":{"email":"test_1785859914485@example.com","username":"testuser_1785859914485"},"timestamp":"2026-08-04T16:11:54.510Z"}
{"level":30,"time":1785859914538,"pid":26622,"hostname":"MacBookPro","type":"AUDIT","action":"LOGIN_SUCCESS","userId":1,"resource":"AUTH","resourceId":"1","metadata":{"email":"test_1785859914485@example.com","username":"testuser_1785859914485"},"timestamp":"2026-08-04T16:11:54.538Z"}
{"level":30,"time":1785859914591,"pid":26622,"hostname":"MacBookPro","type":"AUDIT","action":"USER_REGISTER","userId":1,"resource":"AUTH","resourceId":"1","metadata":{"email":"test_1785859914565@example.com","username":"testuser_1785859914565"},"timestamp":"2026-08-04T16:11:54.591Z"}
{"level":30,"time":1785859914617,"pid":26622,"hostname":"MacBookPro","type":"AUDIT","action":"LOGIN_SUCCESS","userId":1,"resource":"AUTH","resourceId":"1","metadata":{"email":"test_1785859914565@example.com","username":"testuser_1785859914565"},"timestamp":"2026-08-04T16:11:54.617Z"}
{"level":30,"time":1785859914666,"pid":26622,"hostname":"MacBookPro","type":"AUDIT","action":"USER_REGISTER","userId":1,"resource":"AUTH","resourceId":"1","metadata":{"email":"test_1785859914641@example.com","username":"testuser_1785859914641"},"timestamp":"2026-08-04T16:11:54.666Z"}
{"level":30,"time":1785859914691,"pid":26622,"hostname":"MacBookPro","type":"AUDIT","action":"LOGIN_SUCCESS","userId":1,"resource":"AUTH","resourceId":"1","metadata":{"email":"test_1785859914641@example.com","username":"testuser_1785859914641"},"timestamp":"2026-08-04T16:11:54.691Z"}
{"level":30,"time":1785859914741,"pid":26622,"hostname":"MacBookPro","type":"AUDIT","action":"USER_REGISTER","userId":1,"resource":"AUTH","resourceId":"1","metadata":{"email":"test_1785859914717@example.com","username":"testuser_1785859914717"},"timestamp":"2026-08-04T16:11:54.741Z"}
{"level":30,"time":1785859914767,"pid":26622,"hostname":"MacBookPro","type":"AUDIT","action":"LOGIN_SUCCESS","userId":1,"resource":"AUTH","resourceId":"1","metadata":{"email":"test_1785859914717@example.com","username":"testuser_1785859914717"},"timestamp":"2026-08-04T16:11:54.767Z"}
{"level":30,"time":1785859914816,"pid":26622,"hostname":"MacBookPro","type":"AUDIT","action":"USER_REGISTER","userId":1,"resource":"AUTH","resourceId":"1","metadata":{"email":"test_1785859914792@example.com","username":"testuser_1785859914792"},"timestamp":"2026-08-04T16:11:54.816Z"}
{"level":30,"time":1785859914840,"pid":26622,"hostname":"MacBookPro","type":"AUDIT","action":"LOGIN_SUCCESS","userId":1,"resource":"AUTH","resourceId":"1","metadata":{"email":"test_1785859914792@example.com","username":"testuser_1785859914792"},"timestamp":"2026-08-04T16:11:54.840Z"}
{"level":30,"time":1785859914891,"pid":26622,"hostname":"MacBookPro","type":"AUDIT","action":"USER_REGISTER","userId":1,"resource":"AUTH","resourceId":"1","metadata":{"email":"test_1785859914868@example.com","username":"testuser_1785859914867"},"timestamp":"2026-08-04T16:11:54.891Z"}
{"level":30,"time":1785859914917,"pid":26622,"hostname":"MacBookPro","type":"AUDIT","action":"LOGIN_SUCCESS","userId":1,"resource":"AUTH","resourceId":"1","metadata":{"email":"test_1785859914868@example.com","username":"testuser_1785859914867"},"timestamp":"2026-08-04T16:11:54.917Z"}
{"level":30,"time":1785859914964,"pid":26622,"hostname":"MacBookPro","type":"AUDIT","action":"USER_REGISTER","userId":1,"resource":"AUTH","resourceId":"1","metadata":{"email":"test_1785859914939@example.com","username":"testuser_1785859914939"},"timestamp":"2026-08-04T16:11:54.964Z"}
{"level":30,"time":1785859914988,"pid":26622,"hostname":"MacBookPro","type":"AUDIT","action":"LOGIN_SUCCESS","userId":1,"resource":"AUTH","resourceId":"1","metadata":{"email":"test_1785859914939@example.com","username":"testuser_1785859914939"},"timestamp":"2026-08-04T16:11:54.988Z"}
{"level":30,"time":1785859915036,"pid":26622,"hostname":"MacBookPro","type":"AUDIT","action":"USER_REGISTER","userId":1,"resource":"AUTH","resourceId":"1","metadata":{"email":"test_1785859915012@example.com","username":"testuser_1785859915012"},"timestamp":"2026-08-04T16:11:55.036Z"}
{"level":30,"time":1785859915061,"pid":26622,"hostname":"MacBookPro","type":"AUDIT","action":"LOGIN_SUCCESS","userId":1,"resource":"AUTH","resourceId":"1","metadata":{"email":"test_1785859915012@example.com","username":"testuser_1785859915012"},"timestamp":"2026-08-04T16:11:55.061Z"}
{"level":30,"time":1785859915111,"pid":26622,"hostname":"MacBookPro","type":"AUDIT","action":"USER_REGISTER","userId":1,"resource":"AUTH","resourceId":"1","metadata":{"email":"test_1785859915087@example.com","username":"testuser_1785859915087"},"timestamp":"2026-08-04T16:11:55.111Z"}
{"level":30,"time":1785859915136,"pid":26622,"hostname":"MacBookPro","type":"AUDIT","action":"LOGIN_SUCCESS","userId":1,"resource":"AUTH","resourceId":"1","metadata":{"email":"test_1785859915087@example.com","username":"testuser_1785859915087"},"timestamp":"2026-08-04T16:11:55.136Z"}
{"level":30,"time":1785859915187,"pid":26622,"hostname":"MacBookPro","type":"AUDIT","action":"USER_REGISTER","userId":1,"resource":"AUTH","resourceId":"1","metadata":{"email":"test_1785859915163@example.com","username":"testuser_1785859915163"},"timestamp":"2026-08-04T16:11:55.187Z"}
{"level":30,"time":1785859915216,"pid":26622,"hostname":"MacBookPro","type":"AUDIT","action":"LOGIN_SUCCESS","userId":1,"resource":"AUTH","resourceId":"1","metadata":{"email":"test_1785859915163@example.com","username":"testuser_1785859915163"},"timestamp":"2026-08-04T16:11:55.216Z"}
{"level":30,"time":1785859915240,"pid":26622,"hostname":"MacBookPro","type":"AUDIT","action":"USER_REGISTER","userId":2,"resource":"AUTH","resourceId":"2","metadata":{"email":"test_1785859915217@example.com","username":"testuser_1785859915217"},"timestamp":"2026-08-04T16:11:55.240Z"}
{"level":30,"time":1785859915265,"pid":26622,"hostname":"MacBookPro","type":"AUDIT","action":"LOGIN_SUCCESS","userId":2,"resource":"AUTH","resourceId":"2","metadata":{"email":"test_1785859915217@example.com","username":"testuser_1785859915217"},"timestamp":"2026-08-04T16:11:55.265Z"}
{"level":30,"time":1785859915316,"pid":26622,"hostname":"MacBookPro","type":"AUDIT","action":"USER_REGISTER","userId":1,"resource":"AUTH","resourceId":"1","metadata":{"email":"test_1785859915292@example.com","username":"testuser_1785859915292"},"timestamp":"2026-08-04T16:11:55.316Z"}
{"level":30,"time":1785859915340,"pid":26622,"hostname":"MacBookPro","type":"AUDIT","action":"LOGIN_SUCCESS","userId":1,"resource":"AUTH","resourceId":"1","metadata":{"email":"test_1785859915292@example.com","username":"testuser_1785859915292"},"timestamp":"2026-08-04T16:11:55.340Z"}
{"level":30,"time":1785859915389,"pid":26622,"hostname":"MacBookPro","type":"AUDIT","action":"USER_REGISTER","userId":1,"resource":"AUTH","resourceId":"1","metadata":{"email":"test_1785859915365@example.com","username":"testuser_1785859915365"},"timestamp":"2026-08-04T16:11:55.389Z"}
{"level":30,"time":1785859915415,"pid":26622,"hostname":"MacBookPro","type":"AUDIT","action":"LOGIN_SUCCESS","userId":1,"resource":"AUTH","resourceId":"1","metadata":{"email":"test_1785859915365@example.com","username":"testuser_1785859915365"},"timestamp":"2026-08-04T16:11:55.415Z"}
{"level":30,"time":1785859915462,"pid":26622,"hostname":"MacBookPro","type":"AUDIT","action":"USER_REGISTER","userId":1,"resource":"AUTH","resourceId":"1","metadata":{"email":"test_1785859915438@example.com","username":"testuser_1785859915438"},"timestamp":"2026-08-04T16:11:55.462Z"}
{"level":30,"time":1785859915487,"pid":26622,"hostname":"MacBookPro","type":"AUDIT","action":"LOGIN_SUCCESS","userId":1,"resource":"AUTH","resourceId":"1","metadata":{"email":"test_1785859915438@example.com","username":"testuser_1785859915438"},"timestamp":"2026-08-04T16:11:55.487Z"}
{"level":30,"time":1785859915534,"pid":26622,"hostname":"MacBookPro","type":"AUDIT","action":"USER_REGISTER","userId":1,"resource":"AUTH","resourceId":"1","metadata":{"email":"test_1785859915511@example.com","username":"testuser_1785859915511"},"timestamp":"2026-08-04T16:11:55.534Z"}
{"level":30,"time":1785859915558,"pid":26622,"hostname":"MacBookPro","type":"AUDIT","action":"LOGIN_SUCCESS","userId":1,"resource":"AUTH","resourceId":"1","metadata":{"email":"test_1785859915511@example.com","username":"testuser_1785859915511"},"timestamp":"2026-08-04T16:11:55.558Z"}
{"level":30,"time":1785859915603,"pid":26622,"hostname":"MacBookPro","type":"AUDIT","action":"USER_REGISTER","userId":1,"resource":"AUTH","resourceId":"1","metadata":{"email":"test_1785859915579@example.com","username":"testuser_1785859915579"},"timestamp":"2026-08-04T16:11:55.603Z"}
{"level":30,"time":1785859915626,"pid":26622,"hostname":"MacBookPro","type":"AUDIT","action":"LOGIN_SUCCESS","userId":1,"resource":"AUTH","resourceId":"1","metadata":{"email":"test_1785859915579@example.com","username":"testuser_1785859915579"},"timestamp":"2026-08-04T16:11:55.626Z"}
{"level":30,"time":1785859915676,"pid":26622,"hostname":"MacBookPro","type":"AUDIT","action":"USER_REGISTER","userId":1,"resource":"AUTH","resourceId":"1","metadata":{"email":"test_1785859915653@example.com","username":"testuser_1785859915653"},"timestamp":"2026-08-04T16:11:55.676Z"}
{"level":30,"time":1785859915701,"pid":26622,"hostname":"MacBookPro","type":"AUDIT","action":"LOGIN_SUCCESS","userId":1,"resource":"AUTH","resourceId":"1","metadata":{"email":"test_1785859915653@example.com","username":"testuser_1785859915653"},"timestamp":"2026-08-04T16:11:55.701Z"}
{"level":30,"time":1785859915747,"pid":26622,"hostname":"MacBookPro","type":"AUDIT","action":"USER_REGISTER","userId":1,"resource":"AUTH","resourceId":"1","metadata":{"email":"test_1785859915722@example.com","username":"testuser_1785859915722"},"timestamp":"2026-08-04T16:11:55.747Z"}
{"level":30,"time":1785859915771,"pid":26622,"hostname":"MacBookPro","type":"AUDIT","action":"LOGIN_SUCCESS","userId":1,"resource":"AUTH","resourceId":"1","metadata":{"email":"test_1785859915722@example.com","username":"testuser_1785859915722"},"timestamp":"2026-08-04T16:11:55.771Z"}
{"level":30,"time":1785859915821,"pid":26622,"hostname":"MacBookPro","type":"AUDIT","action":"USER_REGISTER","userId":1,"resource":"AUTH","resourceId":"1","metadata":{"email":"test_1785859915794@example.com","username":"testuser_1785859915794"},"timestamp":"2026-08-04T16:11:55.821Z"}
{"level":30,"time":1785859915848,"pid":26622,"hostname":"MacBookPro","type":"AUDIT","action":"LOGIN_SUCCESS","userId":1,"resource":"AUTH","resourceId":"1","metadata":{"email":"test_1785859915794@example.com","username":"testuser_1785859915794"},"timestamp":"2026-08-04T16:11:55.848Z"}
{"level":30,"time":1785860100437,"pid":26916,"hostname":"MacBookPro","msg":"Audit system initialized"}
{"level":30,"time":1785860101601,"pid":26916,"hostname":"MacBookPro","type":"AUDIT","action":"USER_REGISTER","userId":1,"resource":"AUTH","resourceId":"1","metadata":{"email":"test_1785860101519@example.com","username":"testuser_1785860101519"},"timestamp":"2026-08-04T16:15:01.601Z"}
{"level":30,"time":1785860101639,"pid":26916,"hostname":"MacBookPro","type":"AUDIT","action":"LOGIN_SUCCESS","userId":1,"resource":"AUTH","resourceId":"1","metadata":{"email":"test_1785860101519@example.com","username":"testuser_1785860101519"},"timestamp":"2026-08-04T16:15:01.639Z"}
{"level":30,"time":1785860101698,"pid":26916,"hostname":"MacBookPro","type":"AUDIT","action":"USER_REGISTER","userId":1,"resource":"AUTH","resourceId":"1","metadata":{"email":"test_1785860101670@example.com","username":"testuser_1785860101670"},"timestamp":"2026-08-04T16:15:01.698Z"}
{"level":30,"time":1785860101727,"pid":26916,"hostname":"MacBookPro","type":"AUDIT","action":"LOGIN_SUCCESS","userId":1,"resource":"AUTH","resourceId":"1","metadata":{"email":"test_1785860101670@example.com","username":"testuser_1785860101670"},"timestamp":"2026-08-04T16:15:01.727Z"}
{"level":30,"time":1785860101819,"pid":26916,"hostname":"MacBookPro","type":"AUDIT","action":"USER_REGISTER","userId":1,"resource":"AUTH","resourceId":"1","metadata":{"email":"test_1785860101790@example.com","username":"testuser_1785860101790"},"timestamp":"2026-08-04T16:15:01.819Z"}
{"level":30,"time":1785860101986,"pid":26916,"hostname":"MacBookPro","type":"AUDIT","action":"LOGIN_SUCCESS","userId":1,"resource":"AUTH","resourceId":"1","metadata":{"email":"test_1785860101790@example.com","username":"testuser_1785860101790"},"timestamp":"2026-08-04T16:15:01.986Z"}
{"level":30,"time":1785860102107,"pid":26916,"hostname":"MacBookPro","type":"AUDIT","action":"USER_REGISTER","userId":1,"resource":"AUTH","resourceId":"1","metadata":{"email":"test_1785860102020@example.com","username":"testuser_1785860102020"},"timestamp":"2026-08-04T16:15:02.107Z"}
{"level":30,"time":1785860102135,"pid":26916,"hostname":"MacBookPro","type":"AUDIT","action":"LOGIN_SUCCESS","userId":1,"resource":"AUTH","resourceId":"1","metadata":{"email":"test_1785860102020@example.com","username":"testuser_1785860102020"},"timestamp":"2026-08-04T16:15:02.135Z"}
{"level":30,"time":1785860102200,"pid":26916,"hostname":"MacBookPro","type":"AUDIT","action":"USER_REGISTER","userId":1,"resource":"AUTH","resourceId":"1","metadata":{"email":"test_1785860102168@example.com","username":"testuser_1785860102168"},"timestamp":"2026-08-04T16:15:02.200Z"}
{"level":30,"time":1785860102230,"pid":26916,"hostname":"MacBookPro","type":"AUDIT","action":"LOGIN_SUCCESS","userId":1,"resource":"AUTH","resourceId":"1","metadata":{"email":"test_1785860102168@example.com","username":"testuser_1785860102168"},"timestamp":"2026-08-04T16:15:02.230Z"}
{"level":30,"time":1785860102405,"pid":26916,"hostname":"MacBookPro","type":"AUDIT","action":"USER_REGISTER","userId":1,"resource":"AUTH","resourceId":"1","metadata":{"email":"test_1785860102280@example.com","username":"testuser_1785860102280"},"timestamp":"2026-08-04T16:15:02.405Z"}
{"level":30,"time":1785860102439,"pid":26916,"hostname":"MacBookPro","type":"AUDIT","action":"LOGIN_SUCCESS","userId":1,"resource":"AUTH","resourceId":"1","metadata":{"email":"test_1785860102280@example.com","username":"testuser_1785860102280"},"timestamp":"2026-08-04T16:15:02.439Z"}
{"level":30,"time":1785860102494,"pid":26916,"hostname":"MacBookPro","type":"AUDIT","action":"USER_REGISTER","userId":1,"resource":"AUTH","resourceId":"1","metadata":{"email":"test_1785860102469@example.com","username":"testuser_1785860102469"},"timestamp":"2026-08-04T16:15:02.494Z"}
{"level":30,"time":1785860102519,"pid":26916,"hostname":"MacBookPro","type":"AUDIT","action":"LOGIN_SUCCESS","userId":1,"resource":"AUTH","resourceId":"1","metadata":{"email":"test_1785860102469@example.com","username":"testuser_1785860102469"},"timestamp":"2026-08-04T16:15:02.519Z"}
{"level":30,"time":1785860102570,"pid":26916,"hostname":"MacBookPro","type":"AUDIT","action":"USER_REGISTER","userId":1,"resource":"AUTH","resourceId":"1","metadata":{"email":"test_1785860102546@example.com","username":"testuser_1785860102546"},"timestamp":"2026-08-04T16:15:02.570Z"}
{"level":30,"time":1785860102689,"pid":26916,"hostname":"MacBookPro","type":"AUDIT","action":"LOGIN_SUCCESS","userId":1,"resource":"AUTH","resourceId":"1","metadata":{"email":"test_1785860102546@example.com","username":"testuser_1785860102546"},"timestamp":"2026-08-04T16:15:02.689Z"}
{"level":30,"time":1785860102752,"pid":26916,"hostname":"MacBookPro","type":"AUDIT","action":"USER_REGISTER","userId":1,"resource":"AUTH","resourceId":"1","metadata":{"email":"test_1785860102728@example.com","username":"testuser_1785860102728"},"timestamp":"2026-08-04T16:15:02.752Z"}
{"level":30,"time":1785860102778,"pid":26916,"hostname":"MacBookPro","type":"AUDIT","action":"LOGIN_SUCCESS","userId":1,"resource":"AUTH","resourceId":"1","metadata":{"email":"test_1785860102728@example.com","username":"testuser_1785860102728"},"timestamp":"2026-08-04T16:15:02.778Z"}
{"level":30,"time":1785860102826,"pid":26916,"hostname":"MacBookPro","type":"AUDIT","action":"USER_REGISTER","userId":1,"resource":"AUTH","resourceId":"1","metadata":{"email":"test_1785860102801@example.com","username":"testuser_1785860102801"},"timestamp":"2026-08-04T16:15:02.826Z"}
{"level":30,"time":1785860102851,"pid":26916,"hostname":"MacBookPro","type":"AUDIT","action":"LOGIN_SUCCESS","userId":1,"resource":"AUTH","resourceId":"1","metadata":{"email":"test_1785860102801@example.com","username":"testuser_1785860102801"},"timestamp":"2026-08-04T16:15:02.851Z"}
{"level":30,"time":1785860102902,"pid":26916,"hostname":"MacBookPro","type":"AUDIT","action":"USER_REGISTER","userId":1,"resource":"AUTH","resourceId":"1","metadata":{"email":"test_1785860102876@example.com","username":"testuser_1785860102876"},"timestamp":"2026-08-04T16:15:02.902Z"}
{"level":30,"time":1785860102928,"pid":26916,"hostname":"MacBookPro","type":"AUDIT","action":"LOGIN_SUCCESS","userId":1,"resource":"AUTH","resourceId":"1","metadata":{"email":"test_1785860102876@example.com","username":"testuser_1785860102876"},"timestamp":"2026-08-04T16:15:02.928Z"}
{"level":30,"time":1785860102978,"pid":26916,"hostname":"MacBookPro","type":"AUDIT","action":"USER_REGISTER","userId":1,"resource":"AUTH","resourceId":"1","metadata":{"email":"test_1785860102953@example.com","username":"testuser_1785860102953"},"timestamp":"2026-08-04T16:15:02.978Z"}
{"level":30,"time":1785860103003,"pid":26916,"hostname":"MacBookPro","type":"AUDIT","action":"LOGIN_SUCCESS","userId":1,"resource":"AUTH","resourceId":"1","metadata":{"email":"test_1785860102953@example.com","username":"testuser_1785860102953"},"timestamp":"2026-08-04T16:15:03.003Z"}
{"level":30,"time":1785860103057,"pid":26916,"hostname":"MacBookPro","type":"AUDIT","action":"USER_REGISTER","userId":1,"resource":"AUTH","resourceId":"1","metadata":{"email":"test_1785860103032@example.com","username":"testuser_1785860103032"},"timestamp":"2026-08-04T16:15:03.057Z"}
{"level":30,"time":1785860103082,"pid":26916,"hostname":"MacBookPro","type":"AUDIT","action":"LOGIN_SUCCESS","userId":1,"resource":"AUTH","resourceId":"1","metadata":{"email":"test_1785860103032@example.com","username":"testuser_1785860103032"},"timestamp":"2026-08-04T16:15:03.082Z"}
{"level":30,"time":1785860103109,"pid":26916,"hostname":"MacBookPro","type":"AUDIT","action":"USER_REGISTER","userId":2,"resource":"AUTH","resourceId":"2","metadata":{"email":"test_1785860103083@example.com","username":"testuser_1785860103083"},"timestamp":"2026-08-04T16:15:03.109Z"}
{"level":30,"time":1785860103134,"pid":26916,"hostname":"MacBookPro","type":"AUDIT","action":"LOGIN_SUCCESS","userId":2,"resource":"AUTH","resourceId":"2","metadata":{"email":"test_1785860103083@example.com","username":"testuser_1785860103083"},"timestamp":"2026-08-04T16:15:03.134Z"}
{"level":30,"time":1785860103188,"pid":26916,"hostname":"MacBookPro","type":"AUDIT","action":"USER_REGISTER","userId":1,"resource":"AUTH","resourceId":"1","metadata":{"email":"test_1785860103163@example.com","username":"testuser_1785860103163"},"timestamp":"2026-08-04T16:15:03.188Z"}
{"level":30,"time":1785860103214,"pid":26916,"hostname":"MacBookPro","type":"AUDIT","action":"LOGIN_SUCCESS","userId":1,"resource":"AUTH","resourceId":"1","metadata":{"email":"test_1785860103163@example.com","username":"testuser_1785860103163"},"timestamp":"2026-08-04T16:15:03.214Z"}
{"level":30,"time":1785860103267,"pid":26916,"hostname":"MacBookPro","type":"AUDIT","action":"USER_REGISTER","userId":1,"resource":"AUTH","resourceId":"1","metadata":{"email":"test_1785860103240@example.com","username":"testuser_1785860103240"},"timestamp":"2026-08-04T16:15:03.267Z"}
{"level":30,"time":1785860103293,"pid":26916,"hostname":"MacBookPro","type":"AUDIT","action":"LOGIN_SUCCESS","userId":1,"resource":"AUTH","resourceId":"1","metadata":{"email":"test_1785860103240@example.com","username":"testuser_1785860103240"},"timestamp":"2026-08-04T16:15:03.293Z"}
{"level":30,"time":1785860103341,"pid":26916,"hostname":"MacBookPro","type":"AUDIT","action":"USER_REGISTER","userId":1,"resource":"AUTH","resourceId":"1","metadata":{"email":"test_1785860103315@example.com","username":"testuser_1785860103315"},"timestamp":"2026-08-04T16:15:03.341Z"}
{"level":30,"time":1785860103365,"pid":26916,"hostname":"MacBookPro","type":"AUDIT","action":"LOGIN_SUCCESS","userId":1,"resource":"AUTH","resourceId":"1","metadata":{"email":"test_1785860103315@example.com","username":"testuser_1785860103315"},"timestamp":"2026-08-04T16:15:03.365Z"}
{"level":30,"time":1785860103413,"pid":26916,"hostname":"MacBookPro","type":"AUDIT","action":"USER_REGISTER","userId":1,"resource":"AUTH","resourceId":"1","metadata":{"email":"test_1785860103388@example.com","username":"testuser_1785860103388"},"timestamp":"2026-08-04T16:15:03.413Z"}
{"level":30,"time":1785860103438,"pid":26916,"hostname":"MacBookPro","type":"AUDIT","action":"LOGIN_SUCCESS","userId":1,"resource":"AUTH","resourceId":"1","metadata":{"email":"test_1785860103388@example.com","username":"testuser_1785860103388"},"timestamp":"2026-08-04T16:15:03.438Z"}
{"level":30,"time":1785860103485,"pid":26916,"hostname":"MacBookPro","type":"AUDIT","action":"USER_REGISTER","userId":1,"resource":"AUTH","resourceId":"1","metadata":{"email":"test_1785860103462@example.com","username":"testuser_1785860103462"},"timestamp":"2026-08-04T16:15:03.485Z"}
{"level":30,"time":1785860103510,"pid":26916,"hostname":"MacBookPro","type":"AUDIT","action":"LOGIN_SUCCESS","userId":1,"resource":"AUTH","resourceId":"1","metadata":{"email":"test_1785860103462@example.com","username":"testuser_1785860103462"},"timestamp":"2026-08-04T16:15:03.510Z"}
{"level":30,"time":1785860103559,"pid":26916,"hostname":"MacBookPro","type":"AUDIT","action":"USER_REGISTER","userId":1,"resource":"AUTH","resourceId":"1","metadata":{"email":"test_1785860103534@example.com","username":"testuser_1785860103534"},"timestamp":"2026-08-04T16:15:03.559Z"}
{"level":30,"time":1785860103583,"pid":26916,"hostname":"MacBookPro","type":"AUDIT","action":"LOGIN_SUCCESS","userId":1,"resource":"AUTH","resourceId":"1","metadata":{"email":"test_1785860103534@example.com","username":"testuser_1785860103534"},"timestamp":"2026-08-04T16:15:03.583Z"}
{"level":30,"time":1785860103630,"pid":26916,"hostname":"MacBookPro","type":"AUDIT","action":"USER_REGISTER","userId":1,"resource":"AUTH","resourceId":"1","metadata":{"email":"test_1785860103606@example.com","username":"testuser_1785860103606"},"timestamp":"2026-08-04T16:15:03.630Z"}
{"level":30,"time":1785860103655,"pid":26916,"hostname":"MacBookPro","type":"AUDIT","action":"LOGIN_SUCCESS","userId":1,"resource":"AUTH","resourceId":"1","metadata":{"email":"test_1785860103606@example.com","username":"testuser_1785860103606"},"timestamp":"2026-08-04T16:15:03.655Z"}
{"level":30,"time":1785860103702,"pid":26916,"hostname":"MacBookPro","type":"AUDIT","action":"USER_REGISTER","userId":1,"resource":"AUTH","resourceId":"1","metadata":{"email":"test_1785860103678@example.com","username":"testuser_1785860103678"},"timestamp":"2026-08-04T16:15:03.702Z"}
{"level":30,"time":1785860103728,"pid":26916,"hostname":"MacBookPro","type":"AUDIT","action":"LOGIN_SUCCESS","userId":1,"resource":"AUTH","resourceId":"1","metadata":{"email":"test_1785860103678@example.com","username":"testuser_1785860103678"},"timestamp":"2026-08-04T16:15:03.728Z"}
{"level":30,"time":1785861802199,"pid":27673,"hostname":"MacBookPro","msg":"Audit system initialized"}
{"level":30,"time":1785861803465,"pid":27673,"hostname":"MacBookPro","type":"AUDIT","action":"USER_REGISTER","userId":1,"resource":"AUTH","resourceId":"1","metadata":{"email":"test_1785861803372@example.com","username":"testuser_1785861803372"},"timestamp":"2026-08-04T16:43:23.465Z"}
{"level":30,"time":1785861803507,"pid":27673,"hostname":"MacBookPro","type":"AUDIT","action":"LOGIN_SUCCESS","userId":1,"resource":"AUTH","resourceId":"1","metadata":{"email":"test_1785861803372@example.com","username":"testuser_1785861803372"},"timestamp":"2026-08-04T16:43:23.507Z"}
{"level":30,"time":1785861803527,"pid":27673,"hostname":"MacBookPro","type":"AUDIT","action":"PROJECT_CREATED","userId":1,"resource":"Project","resourceId":"1","metadata":{"name":"Website Redesign 1785861803508","description":"Revamp the marketing site by Q4 2026."},"timestamp":"2026-08-04T16:43:23.527Z"}
{"level":30,"time":1785861803644,"pid":27673,"hostname":"MacBookPro","type":"AUDIT","action":"USER_REGISTER","userId":1,"resource":"AUTH","resourceId":"1","metadata":{"email":"test_1785861803616@example.com","username":"testuser_1785861803616"},"timestamp":"2026-08-04T16:43:23.644Z"}
{"level":30,"time":1785861803672,"pid":27673,"hostname":"MacBookPro","type":"AUDIT","action":"LOGIN_SUCCESS","userId":1,"resource":"AUTH","resourceId":"1","metadata":{"email":"test_1785861803616@example.com","username":"testuser_1785861803616"},"timestamp":"2026-08-04T16:43:23.672Z"}
{"level":30,"time":1785861803686,"pid":27673,"hostname":"MacBookPro","type":"AUDIT","action":"PROJECT_CREATED","userId":1,"resource":"Project","resourceId":"1","metadata":{"name":"Website Redesign 1785861803674","description":"Revamp the marketing site by Q4 2026."},"timestamp":"2026-08-04T16:43:23.686Z"}
{"level":30,"time":1785861803804,"pid":27673,"hostname":"MacBookPro","type":"AUDIT","action":"USER_REGISTER","userId":1,"resource":"AUTH","resourceId":"1","metadata":{"email":"test_1785861803777@example.com","username":"testuser_1785861803777"},"timestamp":"2026-08-04T16:43:23.804Z"}
{"level":30,"time":1785861803834,"pid":27673,"hostname":"MacBookPro","type":"AUDIT","action":"LOGIN_SUCCESS","userId":1,"resource":"AUTH","resourceId":"1","metadata":{"email":"test_1785861803777@example.com","username":"testuser_1785861803777"},"timestamp":"2026-08-04T16:43:23.834Z"}
{"level":30,"time":1785861803900,"pid":27673,"hostname":"MacBookPro","type":"AUDIT","action":"USER_REGISTER","userId":1,"resource":"AUTH","resourceId":"1","metadata":{"email":"test_1785861803874@example.com","username":"testuser_1785861803874"},"timestamp":"2026-08-04T16:43:23.900Z"}
{"level":30,"time":1785861803926,"pid":27673,"hostname":"MacBookPro","type":"AUDIT","action":"LOGIN_SUCCESS","userId":1,"resource":"AUTH","resourceId":"1","metadata":{"email":"test_1785861803874@example.com","username":"testuser_1785861803874"},"timestamp":"2026-08-04T16:43:23.926Z"}
{"level":30,"time":1785861803993,"pid":27673,"hostname":"MacBookPro","type":"AUDIT","action":"USER_REGISTER","userId":1,"resource":"AUTH","resourceId":"1","metadata":{"email":"test_1785861803969@example.com","username":"testuser_1785861803969"},"timestamp":"2026-08-04T16:43:23.993Z"}
{"level":30,"time":1785861804021,"pid":27673,"hostname":"MacBookPro","type":"AUDIT","action":"LOGIN_SUCCESS","userId":1,"resource":"AUTH","resourceId":"1","metadata":{"email":"test_1785861803969@example.com","username":"testuser_1785861803969"},"timestamp":"2026-08-04T16:43:24.021Z"}
{"level":30,"time":1785861804083,"pid":27673,"hostname":"MacBookPro","type":"AUDIT","action":"USER_REGISTER","userId":1,"resource":"AUTH","resourceId":"1","metadata":{"email":"test_1785861804056@example.com","username":"testuser_1785861804056"},"timestamp":"2026-08-04T16:43:24.083Z"}
{"level":30,"time":1785861804110,"pid":27673,"hostname":"MacBookPro","type":"AUDIT","action":"LOGIN_SUCCESS","userId":1,"resource":"AUTH","resourceId":"1","metadata":{"email":"test_1785861804056@example.com","username":"testuser_1785861804056"},"timestamp":"2026-08-04T16:43:24.110Z"}
{"level":30,"time":1785861804120,"pid":27673,"hostname":"MacBookPro","type":"AUDIT","action":"PROJECT_CREATED","userId":1,"resource":"Project","resourceId":"1","metadata":{"name":"Padded Name 1785861804110","description":"Revamp the marketing site by Q4 2026."},"timestamp":"2026-08-04T16:43:24.120Z"}
{"level":30,"time":1785861804172,"pid":27673,"hostname":"MacBookPro","type":"AUDIT","action":"USER_REGISTER","userId":1,"resource":"AUTH","resourceId":"1","metadata":{"email":"test_1785861804145@example.com","username":"testuser_1785861804145"},"timestamp":"2026-08-04T16:43:24.172Z"}
{"level":30,"time":1785861804197,"pid":27673,"hostname":"MacBookPro","type":"AUDIT","action":"LOGIN_SUCCESS","userId":1,"resource":"AUTH","resourceId":"1","metadata":{"email":"test_1785861804145@example.com","username":"testuser_1785861804145"},"timestamp":"2026-08-04T16:43:24.197Z"}
{"level":30,"time":1785861804253,"pid":27673,"hostname":"MacBookPro","type":"AUDIT","action":"USER_REGISTER","userId":1,"resource":"AUTH","resourceId":"1","metadata":{"email":"test_1785861804226@example.com","username":"testuser_1785861804226"},"timestamp":"2026-08-04T16:43:24.253Z"}
{"level":30,"time":1785861804278,"pid":27673,"hostname":"MacBookPro","type":"AUDIT","action":"LOGIN_SUCCESS","userId":1,"resource":"AUTH","resourceId":"1","metadata":{"email":"test_1785861804226@example.com","username":"testuser_1785861804226"},"timestamp":"2026-08-04T16:43:24.278Z"}
{"level":30,"time":1785861804335,"pid":27673,"hostname":"MacBookPro","type":"AUDIT","action":"USER_REGISTER","userId":1,"resource":"AUTH","resourceId":"1","metadata":{"email":"test_1785861804310@example.com","username":"testuser_1785861804310"},"timestamp":"2026-08-04T16:43:24.335Z"}
{"level":30,"time":1785861804360,"pid":27673,"hostname":"MacBookPro","type":"AUDIT","action":"LOGIN_SUCCESS","userId":1,"resource":"AUTH","resourceId":"1","metadata":{"email":"test_1785861804310@example.com","username":"testuser_1785861804310"},"timestamp":"2026-08-04T16:43:24.360Z"}
{"level":30,"time":1785861804420,"pid":27673,"hostname":"MacBookPro","type":"AUDIT","action":"USER_REGISTER","userId":1,"resource":"AUTH","resourceId":"1","metadata":{"email":"test_1785861804395@example.com","username":"testuser_1785861804395"},"timestamp":"2026-08-04T16:43:24.420Z"}
{"level":30,"time":1785861804445,"pid":27673,"hostname":"MacBookPro","type":"AUDIT","action":"LOGIN_SUCCESS","userId":1,"resource":"AUTH","resourceId":"1","metadata":{"email":"test_1785861804395@example.com","username":"testuser_1785861804395"},"timestamp":"2026-08-04T16:43:24.445Z"}
{"level":30,"time":1785861804501,"pid":27673,"hostname":"MacBookPro","type":"AUDIT","action":"USER_REGISTER","userId":1,"resource":"AUTH","resourceId":"1","metadata":{"email":"test_1785861804474@example.com","username":"testuser_1785861804474"},"timestamp":"2026-08-04T16:43:24.501Z"}
{"level":30,"time":1785861804527,"pid":27673,"hostname":"MacBookPro","type":"AUDIT","action":"LOGIN_SUCCESS","userId":1,"resource":"AUTH","resourceId":"1","metadata":{"email":"test_1785861804474@example.com","username":"testuser_1785861804474"},"timestamp":"2026-08-04T16:43:24.527Z"}
{"level":30,"time":1785861804587,"pid":27673,"hostname":"MacBookPro","type":"AUDIT","action":"USER_REGISTER","userId":1,"resource":"AUTH","resourceId":"1","metadata":{"email":"test_1785861804559@example.com","username":"testuser_1785861804559"},"timestamp":"2026-08-04T16:43:24.587Z"}
{"level":30,"time":1785861804613,"pid":27673,"hostname":"MacBookPro","type":"AUDIT","action":"LOGIN_SUCCESS","userId":1,"resource":"AUTH","resourceId":"1","metadata":{"email":"test_1785861804559@example.com","username":"testuser_1785861804559"},"timestamp":"2026-08-04T16:43:24.613Z"}
{"level":30,"time":1785861804622,"pid":27673,"hostname":"MacBookPro","type":"AUDIT","action":"PROJECT_CREATED","userId":1,"resource":"Project","resourceId":"1","metadata":{"name":"Website Redesign 1785861804614","description":"Revamp the marketing site by Q4 2026."},"timestamp":"2026-08-04T16:43:24.622Z"}
{"level":30,"time":1785861804685,"pid":27673,"hostname":"MacBookPro","type":"AUDIT","action":"USER_REGISTER","userId":1,"resource":"AUTH","resourceId":"1","metadata":{"email":"test_1785861804658@example.com","username":"testuser_1785861804658"},"timestamp":"2026-08-04T16:43:24.685Z"}
{"level":30,"time":1785861804710,"pid":27673,"hostname":"MacBookPro","type":"AUDIT","action":"LOGIN_SUCCESS","userId":1,"resource":"AUTH","resourceId":"1","metadata":{"email":"test_1785861804658@example.com","username":"testuser_1785861804658"},"timestamp":"2026-08-04T16:43:24.710Z"}
{"level":30,"time":1785861804735,"pid":27673,"hostname":"MacBookPro","type":"AUDIT","action":"USER_REGISTER","userId":2,"resource":"AUTH","resourceId":"2","metadata":{"email":"test_1785861804710@example.com","username":"testuser_1785861804710"},"timestamp":"2026-08-04T16:43:24.735Z"}
{"level":30,"time":1785861804759,"pid":27673,"hostname":"MacBookPro","type":"AUDIT","action":"LOGIN_SUCCESS","userId":2,"resource":"AUTH","resourceId":"2","metadata":{"email":"test_1785861804710@example.com","username":"testuser_1785861804710"},"timestamp":"2026-08-04T16:43:24.759Z"}
{"level":30,"time":1785861804770,"pid":27673,"hostname":"MacBookPro","type":"AUDIT","action":"PROJECT_CREATED","userId":1,"resource":"Project","resourceId":"1","metadata":{"name":"Website Redesign 1785861804760","description":"Revamp the marketing site by Q4 2026."},"timestamp":"2026-08-04T16:43:24.770Z"}
{"level":30,"time":1785861804828,"pid":27673,"hostname":"MacBookPro","type":"AUDIT","action":"USER_REGISTER","userId":1,"resource":"AUTH","resourceId":"1","metadata":{"email":"test_1785861804803@example.com","username":"testuser_1785861804803"},"timestamp":"2026-08-04T16:43:24.828Z"}
{"level":30,"time":1785861804854,"pid":27673,"hostname":"MacBookPro","type":"AUDIT","action":"LOGIN_SUCCESS","userId":1,"resource":"AUTH","resourceId":"1","metadata":{"email":"test_1785861804803@example.com","username":"testuser_1785861804803"},"timestamp":"2026-08-04T16:43:24.854Z"}
{"level":30,"time":1785861804911,"pid":27673,"hostname":"MacBookPro","type":"AUDIT","action":"USER_REGISTER","userId":1,"resource":"AUTH","resourceId":"1","metadata":{"email":"test_1785861804884@example.com","username":"testuser_1785861804884"},"timestamp":"2026-08-04T16:43:24.911Z"}
{"level":30,"time":1785861804937,"pid":27673,"hostname":"MacBookPro","type":"AUDIT","action":"LOGIN_SUCCESS","userId":1,"resource":"AUTH","resourceId":"1","metadata":{"email":"test_1785861804884@example.com","username":"testuser_1785861804884"},"timestamp":"2026-08-04T16:43:24.937Z"}
{"level":30,"time":1785861804990,"pid":27673,"hostname":"MacBookPro","type":"AUDIT","action":"USER_REGISTER","userId":1,"resource":"AUTH","resourceId":"1","metadata":{"email":"test_1785861804966@example.com","username":"testuser_1785861804966"},"timestamp":"2026-08-04T16:43:24.990Z"}
{"level":30,"time":1785861805015,"pid":27673,"hostname":"MacBookPro","type":"AUDIT","action":"LOGIN_SUCCESS","userId":1,"resource":"AUTH","resourceId":"1","metadata":{"email":"test_1785861804966@example.com","username":"testuser_1785861804966"},"timestamp":"2026-08-04T16:43:25.015Z"}
{"level":30,"time":1785861805073,"pid":27673,"hostname":"MacBookPro","type":"AUDIT","action":"USER_REGISTER","userId":1,"resource":"AUTH","resourceId":"1","metadata":{"email":"test_1785861805048@example.com","username":"testuser_1785861805048"},"timestamp":"2026-08-04T16:43:25.073Z"}
{"level":30,"time":1785861805099,"pid":27673,"hostname":"MacBookPro","type":"AUDIT","action":"LOGIN_SUCCESS","userId":1,"resource":"AUTH","resourceId":"1","metadata":{"email":"test_1785861805048@example.com","username":"testuser_1785861805048"},"timestamp":"2026-08-04T16:43:25.099Z"}
{"level":30,"time":1785861805108,"pid":27673,"hostname":"MacBookPro","type":"AUDIT","action":"PROJECT_CREATED","userId":1,"resource":"Project","resourceId":"1","metadata":{"name":"admin'--","description":"Revamp the marketing site by Q4 2026."},"timestamp":"2026-08-04T16:43:25.108Z"}
{"level":30,"time":1785861805157,"pid":27673,"hostname":"MacBookPro","type":"AUDIT","action":"USER_REGISTER","userId":1,"resource":"AUTH","resourceId":"1","metadata":{"email":"test_1785861805134@example.com","username":"testuser_1785861805134"},"timestamp":"2026-08-04T16:43:25.157Z"}
{"level":30,"time":1785861805186,"pid":27673,"hostname":"MacBookPro","type":"AUDIT","action":"LOGIN_SUCCESS","userId":1,"resource":"AUTH","resourceId":"1","metadata":{"email":"test_1785861805134@example.com","username":"testuser_1785861805134"},"timestamp":"2026-08-04T16:43:25.186Z"}
{"level":30,"time":1785861805242,"pid":27673,"hostname":"MacBookPro","type":"AUDIT","action":"USER_REGISTER","userId":1,"resource":"AUTH","resourceId":"1","metadata":{"email":"test_1785861805218@example.com","username":"testuser_1785861805218"},"timestamp":"2026-08-04T16:43:25.242Z"}
{"level":30,"time":1785861805270,"pid":27673,"hostname":"MacBookPro","type":"AUDIT","action":"LOGIN_SUCCESS","userId":1,"resource":"AUTH","resourceId":"1","metadata":{"email":"test_1785861805218@example.com","username":"testuser_1785861805218"},"timestamp":"2026-08-04T16:43:25.270Z"}
{"level":30,"time":1785861805323,"pid":27673,"hostname":"MacBookPro","type":"AUDIT","action":"USER_REGISTER","userId":1,"resource":"AUTH","resourceId":"1","metadata":{"email":"test_1785861805297@example.com","username":"testuser_1785861805297"},"timestamp":"2026-08-04T16:43:25.323Z"}
{"level":30,"time":1785861805351,"pid":27673,"hostname":"MacBookPro","type":"AUDIT","action":"LOGIN_SUCCESS","userId":1,"resource":"AUTH","resourceId":"1","metadata":{"email":"test_1785861805297@example.com","username":"testuser_1785861805297"},"timestamp":"2026-08-04T16:43:25.351Z"}
{"level":30,"time":1785861805406,"pid":27673,"hostname":"MacBookPro","type":"AUDIT","action":"USER_REGISTER","userId":1,"resource":"AUTH","resourceId":"1","metadata":{"email":"test_1785861805382@example.com","username":"testuser_1785861805382"},"timestamp":"2026-08-04T16:43:25.406Z"}
{"level":30,"time":1785861805430,"pid":27673,"hostname":"MacBookPro","type":"AUDIT","action":"LOGIN_SUCCESS","userId":1,"resource":"AUTH","resourceId":"1","metadata":{"email":"test_1785861805382@example.com","username":"testuser_1785861805382"},"timestamp":"2026-08-04T16:43:25.430Z"}
{"level":30,"time":1785862475863,"pid":28223,"hostname":"MacBookPro","msg":"Audit system initialized"}
{"level":30,"time":1785862477373,"pid":28223,"hostname":"MacBookPro","type":"AUDIT","action":"USER_REGISTER","userId":1,"resource":"AUTH","resourceId":"1","metadata":{"email":"test_1785862477286@example.com","username":"testuser_1785862477286"},"timestamp":"2026-08-04T16:54:37.373Z"}
{"level":30,"time":1785862477412,"pid":28223,"hostname":"MacBookPro","type":"AUDIT","action":"LOGIN_SUCCESS","userId":1,"resource":"AUTH","resourceId":"1","metadata":{"email":"test_1785862477286@example.com","username":"testuser_1785862477286"},"timestamp":"2026-08-04T16:54:37.412Z"}
{"level":30,"time":1785862477429,"pid":28223,"hostname":"MacBookPro","type":"AUDIT","action":"PROJECT_CREATED","userId":1,"resource":"Project","resourceId":"1","metadata":{"name":"Website Redesign 1785862477414","description":"Revamp the marketing site by Q4 2026."},"timestamp":"2026-08-04T16:54:37.429Z"}
{"level":30,"time":1785862477508,"pid":28223,"hostname":"MacBookPro","type":"AUDIT","action":"USER_REGISTER","userId":1,"resource":"AUTH","resourceId":"1","metadata":{"email":"test_1785862477482@example.com","username":"testuser_1785862477482"},"timestamp":"2026-08-04T16:54:37.508Z"}
{"level":30,"time":1785862477706,"pid":28223,"hostname":"MacBookPro","type":"AUDIT","action":"LOGIN_SUCCESS","userId":1,"resource":"AUTH","resourceId":"1","metadata":{"email":"test_1785862477482@example.com","username":"testuser_1785862477482"},"timestamp":"2026-08-04T16:54:37.706Z"}
{"level":30,"time":1785862477747,"pid":28223,"hostname":"MacBookPro","type":"AUDIT","action":"PROJECT_CREATED","userId":1,"resource":"Project","resourceId":"1","metadata":{"name":"Website Redesign 1785862477707","description":"Revamp the marketing site by Q4 2026."},"timestamp":"2026-08-04T16:54:37.747Z"}
{"level":30,"time":1785862477857,"pid":28223,"hostname":"MacBookPro","type":"AUDIT","action":"USER_REGISTER","userId":1,"resource":"AUTH","resourceId":"1","metadata":{"email":"test_1785862477831@example.com","username":"testuser_1785862477831"},"timestamp":"2026-08-04T16:54:37.857Z"}
{"level":30,"time":1785862477887,"pid":28223,"hostname":"MacBookPro","type":"AUDIT","action":"LOGIN_SUCCESS","userId":1,"resource":"AUTH","resourceId":"1","metadata":{"email":"test_1785862477831@example.com","username":"testuser_1785862477831"},"timestamp":"2026-08-04T16:54:37.887Z"}
{"level":30,"time":1785862477953,"pid":28223,"hostname":"MacBookPro","type":"AUDIT","action":"USER_REGISTER","userId":1,"resource":"AUTH","resourceId":"1","metadata":{"email":"test_1785862477926@example.com","username":"testuser_1785862477926"},"timestamp":"2026-08-04T16:54:37.953Z"}
{"level":30,"time":1785862477978,"pid":28223,"hostname":"MacBookPro","type":"AUDIT","action":"LOGIN_SUCCESS","userId":1,"resource":"AUTH","resourceId":"1","metadata":{"email":"test_1785862477926@example.com","username":"testuser_1785862477926"},"timestamp":"2026-08-04T16:54:37.978Z"}
{"level":30,"time":1785862478037,"pid":28223,"hostname":"MacBookPro","type":"AUDIT","action":"USER_REGISTER","userId":1,"resource":"AUTH","resourceId":"1","metadata":{"email":"test_1785862478011@example.com","username":"testuser_1785862478011"},"timestamp":"2026-08-04T16:54:38.037Z"}
{"level":30,"time":1785862478063,"pid":28223,"hostname":"MacBookPro","type":"AUDIT","action":"LOGIN_SUCCESS","userId":1,"resource":"AUTH","resourceId":"1","metadata":{"email":"test_1785862478011@example.com","username":"testuser_1785862478011"},"timestamp":"2026-08-04T16:54:38.063Z"}
{"level":30,"time":1785862478123,"pid":28223,"hostname":"MacBookPro","type":"AUDIT","action":"USER_REGISTER","userId":1,"resource":"AUTH","resourceId":"1","metadata":{"email":"test_1785862478099@example.com","username":"testuser_1785862478099"},"timestamp":"2026-08-04T16:54:38.123Z"}
{"level":30,"time":1785862478149,"pid":28223,"hostname":"MacBookPro","type":"AUDIT","action":"LOGIN_SUCCESS","userId":1,"resource":"AUTH","resourceId":"1","metadata":{"email":"test_1785862478099@example.com","username":"testuser_1785862478099"},"timestamp":"2026-08-04T16:54:38.149Z"}
{"level":30,"time":1785862478158,"pid":28223,"hostname":"MacBookPro","type":"AUDIT","action":"PROJECT_CREATED","userId":1,"resource":"Project","resourceId":"1","metadata":{"name":"Padded Name 1785862478150","description":"Revamp the marketing site by Q4 2026."},"timestamp":"2026-08-04T16:54:38.158Z"}
{"level":30,"time":1785862478206,"pid":28223,"hostname":"MacBookPro","type":"AUDIT","action":"USER_REGISTER","userId":1,"resource":"AUTH","resourceId":"1","metadata":{"email":"test_1785862478182@example.com","username":"testuser_1785862478182"},"timestamp":"2026-08-04T16:54:38.206Z"}
{"level":30,"time":1785862478231,"pid":28223,"hostname":"MacBookPro","type":"AUDIT","action":"LOGIN_SUCCESS","userId":1,"resource":"AUTH","resourceId":"1","metadata":{"email":"test_1785862478182@example.com","username":"testuser_1785862478182"},"timestamp":"2026-08-04T16:54:38.231Z"}
{"level":30,"time":1785862478285,"pid":28223,"hostname":"MacBookPro","type":"AUDIT","action":"USER_REGISTER","userId":1,"resource":"AUTH","resourceId":"1","metadata":{"email":"test_1785862478260@example.com","username":"testuser_1785862478260"},"timestamp":"2026-08-04T16:54:38.285Z"}
{"level":30,"time":1785862478310,"pid":28223,"hostname":"MacBookPro","type":"AUDIT","action":"LOGIN_SUCCESS","userId":1,"resource":"AUTH","resourceId":"1","metadata":{"email":"test_1785862478260@example.com","username":"testuser_1785862478260"},"timestamp":"2026-08-04T16:54:38.310Z"}
{"level":30,"time":1785862478367,"pid":28223,"hostname":"MacBookPro","type":"AUDIT","action":"USER_REGISTER","userId":1,"resource":"AUTH","resourceId":"1","metadata":{"email":"test_1785862478340@example.com","username":"testuser_1785862478340"},"timestamp":"2026-08-04T16:54:38.367Z"}
{"level":30,"time":1785862478391,"pid":28223,"hostname":"MacBookPro","type":"AUDIT","action":"LOGIN_SUCCESS","userId":1,"resource":"AUTH","resourceId":"1","metadata":{"email":"test_1785862478340@example.com","username":"testuser_1785862478340"},"timestamp":"2026-08-04T16:54:38.391Z"}
{"level":30,"time":1785862478446,"pid":28223,"hostname":"MacBookPro","type":"AUDIT","action":"USER_REGISTER","userId":1,"resource":"AUTH","resourceId":"1","metadata":{"email":"test_1785862478421@example.com","username":"testuser_1785862478421"},"timestamp":"2026-08-04T16:54:38.446Z"}
{"level":30,"time":1785862478472,"pid":28223,"hostname":"MacBookPro","type":"AUDIT","action":"LOGIN_SUCCESS","userId":1,"resource":"AUTH","resourceId":"1","metadata":{"email":"test_1785862478421@example.com","username":"testuser_1785862478421"},"timestamp":"2026-08-04T16:54:38.472Z"}
{"level":30,"time":1785862478532,"pid":28223,"hostname":"MacBookPro","type":"AUDIT","action":"USER_REGISTER","userId":1,"resource":"AUTH","resourceId":"1","metadata":{"email":"test_1785862478503@example.com","username":"testuser_1785862478503"},"timestamp":"2026-08-04T16:54:38.532Z"}
{"level":30,"time":1785862478558,"pid":28223,"hostname":"MacBookPro","type":"AUDIT","action":"LOGIN_SUCCESS","userId":1,"resource":"AUTH","resourceId":"1","metadata":{"email":"test_1785862478503@example.com","username":"testuser_1785862478503"},"timestamp":"2026-08-04T16:54:38.558Z"}
{"level":30,"time":1785862478616,"pid":28223,"hostname":"MacBookPro","type":"AUDIT","action":"USER_REGISTER","userId":1,"resource":"AUTH","resourceId":"1","metadata":{"email":"test_1785862478589@example.com","username":"testuser_1785862478589"},"timestamp":"2026-08-04T16:54:38.616Z"}
{"level":30,"time":1785862478644,"pid":28223,"hostname":"MacBookPro","type":"AUDIT","action":"LOGIN_SUCCESS","userId":1,"resource":"AUTH","resourceId":"1","metadata":{"email":"test_1785862478589@example.com","username":"testuser_1785862478589"},"timestamp":"2026-08-04T16:54:38.644Z"}
{"level":30,"time":1785862478656,"pid":28223,"hostname":"MacBookPro","type":"AUDIT","action":"PROJECT_CREATED","userId":1,"resource":"Project","resourceId":"1","metadata":{"name":"Website Redesign 1785862478645","description":"Revamp the marketing site by Q4 2026."},"timestamp":"2026-08-04T16:54:38.656Z"}
{"level":30,"time":1785862478734,"pid":28223,"hostname":"MacBookPro","type":"AUDIT","action":"USER_REGISTER","userId":1,"resource":"AUTH","resourceId":"1","metadata":{"email":"test_1785862478698@example.com","username":"testuser_1785862478698"},"timestamp":"2026-08-04T16:54:38.734Z"}
{"level":30,"time":1785862478763,"pid":28223,"hostname":"MacBookPro","type":"AUDIT","action":"LOGIN_SUCCESS","userId":1,"resource":"AUTH","resourceId":"1","metadata":{"email":"test_1785862478698@example.com","username":"testuser_1785862478698"},"timestamp":"2026-08-04T16:54:38.763Z"}
{"level":30,"time":1785862478791,"pid":28223,"hostname":"MacBookPro","type":"AUDIT","action":"USER_REGISTER","userId":2,"resource":"AUTH","resourceId":"2","metadata":{"email":"test_1785862478765@example.com","username":"testuser_1785862478765"},"timestamp":"2026-08-04T16:54:38.791Z"}
{"level":30,"time":1785862478819,"pid":28223,"hostname":"MacBookPro","type":"AUDIT","action":"LOGIN_SUCCESS","userId":2,"resource":"AUTH","resourceId":"2","metadata":{"email":"test_1785862478765@example.com","username":"testuser_1785862478765"},"timestamp":"2026-08-04T16:54:38.819Z"}
{"level":30,"time":1785862478829,"pid":28223,"hostname":"MacBookPro","type":"AUDIT","action":"PROJECT_CREATED","userId":1,"resource":"Project","resourceId":"1","metadata":{"name":"Website Redesign 1785862478820","description":"Revamp the marketing site by Q4 2026."},"timestamp":"2026-08-04T16:54:38.829Z"}
{"level":30,"time":1785862478905,"pid":28223,"hostname":"MacBookPro","type":"AUDIT","action":"USER_REGISTER","userId":1,"resource":"AUTH","resourceId":"1","metadata":{"email":"test_1785862478877@example.com","username":"testuser_1785862478877"},"timestamp":"2026-08-04T16:54:38.905Z"}
{"level":30,"time":1785862478932,"pid":28223,"hostname":"MacBookPro","type":"AUDIT","action":"LOGIN_SUCCESS","userId":1,"resource":"AUTH","resourceId":"1","metadata":{"email":"test_1785862478877@example.com","username":"testuser_1785862478877"},"timestamp":"2026-08-04T16:54:38.932Z"}
{"level":30,"time":1785862478995,"pid":28223,"hostname":"MacBookPro","type":"AUDIT","action":"USER_REGISTER","userId":1,"resource":"AUTH","resourceId":"1","metadata":{"email":"test_1785862478969@example.com","username":"testuser_1785862478969"},"timestamp":"2026-08-04T16:54:38.995Z"}
{"level":30,"time":1785862479024,"pid":28223,"hostname":"MacBookPro","type":"AUDIT","action":"LOGIN_SUCCESS","userId":1,"resource":"AUTH","resourceId":"1","metadata":{"email":"test_1785862478969@example.com","username":"testuser_1785862478969"},"timestamp":"2026-08-04T16:54:39.024Z"}
{"level":30,"time":1785862479088,"pid":28223,"hostname":"MacBookPro","type":"AUDIT","action":"USER_REGISTER","userId":1,"resource":"AUTH","resourceId":"1","metadata":{"email":"test_1785862479059@example.com","username":"testuser_1785862479059"},"timestamp":"2026-08-04T16:54:39.088Z"}
{"level":30,"time":1785862479145,"pid":28223,"hostname":"MacBookPro","type":"AUDIT","action":"LOGIN_SUCCESS","userId":1,"resource":"AUTH","resourceId":"1","metadata":{"email":"test_1785862479059@example.com","username":"testuser_1785862479059"},"timestamp":"2026-08-04T16:54:39.145Z"}
{"level":30,"time":1785862479235,"pid":28223,"hostname":"MacBookPro","type":"AUDIT","action":"USER_REGISTER","userId":1,"resource":"AUTH","resourceId":"1","metadata":{"email":"test_1785862479208@example.com","username":"testuser_1785862479208"},"timestamp":"2026-08-04T16:54:39.235Z"}
{"level":30,"time":1785862479261,"pid":28223,"hostname":"MacBookPro","type":"AUDIT","action":"LOGIN_SUCCESS","userId":1,"resource":"AUTH","resourceId":"1","metadata":{"email":"test_1785862479208@example.com","username":"testuser_1785862479208"},"timestamp":"2026-08-04T16:54:39.261Z"}
{"level":30,"time":1785862479273,"pid":28223,"hostname":"MacBookPro","type":"AUDIT","action":"PROJECT_CREATED","userId":1,"resource":"Project","resourceId":"1","metadata":{"name":"admin'--","description":"Revamp the marketing site by Q4 2026."},"timestamp":"2026-08-04T16:54:39.273Z"}
{"level":30,"time":1785862479323,"pid":28223,"hostname":"MacBookPro","type":"AUDIT","action":"USER_REGISTER","userId":1,"resource":"AUTH","resourceId":"1","metadata":{"email":"test_1785862479298@example.com","username":"testuser_1785862479298"},"timestamp":"2026-08-04T16:54:39.323Z"}
{"level":30,"time":1785862479349,"pid":28223,"hostname":"MacBookPro","type":"AUDIT","action":"LOGIN_SUCCESS","userId":1,"resource":"AUTH","resourceId":"1","metadata":{"email":"test_1785862479298@example.com","username":"testuser_1785862479298"},"timestamp":"2026-08-04T16:54:39.349Z"}
{"level":30,"time":1785862479405,"pid":28223,"hostname":"MacBookPro","type":"AUDIT","action":"USER_REGISTER","userId":1,"resource":"AUTH","resourceId":"1","metadata":{"email":"test_1785862479379@example.com","username":"testuser_1785862479379"},"timestamp":"2026-08-04T16:54:39.405Z"}
{"level":30,"time":1785862479431,"pid":28223,"hostname":"MacBookPro","type":"AUDIT","action":"LOGIN_SUCCESS","userId":1,"resource":"AUTH","resourceId":"1","metadata":{"email":"test_1785862479379@example.com","username":"testuser_1785862479379"},"timestamp":"2026-08-04T16:54:39.431Z"}
{"level":30,"time":1785862479483,"pid":28223,"hostname":"MacBookPro","type":"AUDIT","action":"USER_REGISTER","userId":1,"resource":"AUTH","resourceId":"1","metadata":{"email":"test_1785862479457@example.com","username":"testuser_1785862479457"},"timestamp":"2026-08-04T16:54:39.483Z"}
{"level":30,"time":1785862479508,"pid":28223,"hostname":"MacBookPro","type":"AUDIT","action":"LOGIN_SUCCESS","userId":1,"resource":"AUTH","resourceId":"1","metadata":{"email":"test_1785862479457@example.com","username":"testuser_1785862479457"},"timestamp":"2026-08-04T16:54:39.508Z"}
{"level":30,"time":1785862479562,"pid":28223,"hostname":"MacBookPro","type":"AUDIT","action":"USER_REGISTER","userId":1,"resource":"AUTH","resourceId":"1","metadata":{"email":"test_1785862479537@example.com","username":"testuser_1785862479537"},"timestamp":"2026-08-04T16:54:39.562Z"}
{"level":30,"time":1785862479589,"pid":28223,"hostname":"MacBookPro","type":"AUDIT","action":"LOGIN_SUCCESS","userId":1,"resource":"AUTH","resourceId":"1","metadata":{"email":"test_1785862479537@example.com","username":"testuser_1785862479537"},"timestamp":"2026-08-04T16:54:39.589Z"}
{"level":30,"time":1785862591643,"pid":28464,"hostname":"MacBookPro","msg":"Audit system initialized"}
{"level":30,"time":1785862593032,"pid":28464,"hostname":"MacBookPro","type":"AUDIT","action":"USER_REGISTER","userId":1,"resource":"AUTH","resourceId":"1","metadata":{"email":"test_1785862592935@example.com","username":"testuser_1785862592935"},"timestamp":"2026-08-04T16:56:33.032Z"}
{"level":30,"time":1785862593076,"pid":28464,"hostname":"MacBookPro","type":"AUDIT","action":"LOGIN_SUCCESS","userId":1,"resource":"AUTH","resourceId":"1","metadata":{"email":"test_1785862592935@example.com","username":"testuser_1785862592935"},"timestamp":"2026-08-04T16:56:33.076Z"}
{"level":30,"time":1785862593099,"pid":28464,"hostname":"MacBookPro","type":"AUDIT","action":"PROJECT_CREATED","userId":1,"resource":"Project","resourceId":"1","metadata":{"name":"Website Redesign 1785862593079","description":"Revamp the marketing site by Q4 2026."},"timestamp":"2026-08-04T16:56:33.099Z"}
{"level":30,"time":1785862593185,"pid":28464,"hostname":"MacBookPro","type":"AUDIT","action":"USER_REGISTER","userId":1,"resource":"AUTH","resourceId":"1","metadata":{"email":"test_1785862593156@example.com","username":"testuser_1785862593156"},"timestamp":"2026-08-04T16:56:33.185Z"}
{"level":30,"time":1785862593214,"pid":28464,"hostname":"MacBookPro","type":"AUDIT","action":"LOGIN_SUCCESS","userId":1,"resource":"AUTH","resourceId":"1","metadata":{"email":"test_1785862593156@example.com","username":"testuser_1785862593156"},"timestamp":"2026-08-04T16:56:33.214Z"}
{"level":30,"time":1785862593226,"pid":28464,"hostname":"MacBookPro","type":"AUDIT","action":"PROJECT_CREATED","userId":1,"resource":"Project","resourceId":"1","metadata":{"name":"Website Redesign 1785862593215","description":"Revamp the marketing site by Q4 2026."},"timestamp":"2026-08-04T16:56:33.226Z"}
{"level":30,"time":1785862593326,"pid":28464,"hostname":"MacBookPro","type":"AUDIT","action":"USER_REGISTER","userId":1,"resource":"AUTH","resourceId":"1","metadata":{"email":"test_1785862593300@example.com","username":"testuser_1785862593300"},"timestamp":"2026-08-04T16:56:33.326Z"}
{"level":30,"time":1785862593358,"pid":28464,"hostname":"MacBookPro","type":"AUDIT","action":"LOGIN_SUCCESS","userId":1,"resource":"AUTH","resourceId":"1","metadata":{"email":"test_1785862593300@example.com","username":"testuser_1785862593300"},"timestamp":"2026-08-04T16:56:33.358Z"}
{"level":30,"time":1785862593424,"pid":28464,"hostname":"MacBookPro","type":"AUDIT","action":"USER_REGISTER","userId":1,"resource":"AUTH","resourceId":"1","metadata":{"email":"test_1785862593397@example.com","username":"testuser_1785862593397"},"timestamp":"2026-08-04T16:56:33.424Z"}
{"level":30,"time":1785862593451,"pid":28464,"hostname":"MacBookPro","type":"AUDIT","action":"LOGIN_SUCCESS","userId":1,"resource":"AUTH","resourceId":"1","metadata":{"email":"test_1785862593397@example.com","username":"testuser_1785862593397"},"timestamp":"2026-08-04T16:56:33.451Z"}
{"level":30,"time":1785862593514,"pid":28464,"hostname":"MacBookPro","type":"AUDIT","action":"USER_REGISTER","userId":1,"resource":"AUTH","resourceId":"1","metadata":{"email":"test_1785862593486@example.com","username":"testuser_1785862593486"},"timestamp":"2026-08-04T16:56:33.514Z"}
{"level":30,"time":1785862593540,"pid":28464,"hostname":"MacBookPro","type":"AUDIT","action":"LOGIN_SUCCESS","userId":1,"resource":"AUTH","resourceId":"1","metadata":{"email":"test_1785862593486@example.com","username":"testuser_1785862593486"},"timestamp":"2026-08-04T16:56:33.540Z"}
{"level":30,"time":1785862593603,"pid":28464,"hostname":"MacBookPro","type":"AUDIT","action":"USER_REGISTER","userId":1,"resource":"AUTH","resourceId":"1","metadata":{"email":"test_1785862593576@example.com","username":"testuser_1785862593576"},"timestamp":"2026-08-04T16:56:33.603Z"}
{"level":30,"time":1785862593629,"pid":28464,"hostname":"MacBookPro","type":"AUDIT","action":"LOGIN_SUCCESS","userId":1,"resource":"AUTH","resourceId":"1","metadata":{"email":"test_1785862593576@example.com","username":"testuser_1785862593576"},"timestamp":"2026-08-04T16:56:33.629Z"}
{"level":30,"time":1785862593639,"pid":28464,"hostname":"MacBookPro","type":"AUDIT","action":"PROJECT_CREATED","userId":1,"resource":"Project","resourceId":"1","metadata":{"name":"Padded Name 1785862593630","description":"Revamp the marketing site by Q4 2026."},"timestamp":"2026-08-04T16:56:33.639Z"}
{"level":30,"time":1785862593706,"pid":28464,"hostname":"MacBookPro","type":"AUDIT","action":"USER_REGISTER","userId":1,"resource":"AUTH","resourceId":"1","metadata":{"email":"test_1785862593678@example.com","username":"testuser_1785862593678"},"timestamp":"2026-08-04T16:56:33.706Z"}
{"level":30,"time":1785862593734,"pid":28464,"hostname":"MacBookPro","type":"AUDIT","action":"LOGIN_SUCCESS","userId":1,"resource":"AUTH","resourceId":"1","metadata":{"email":"test_1785862593678@example.com","username":"testuser_1785862593678"},"timestamp":"2026-08-04T16:56:33.734Z"}
{"level":30,"time":1785862593823,"pid":28464,"hostname":"MacBookPro","type":"AUDIT","action":"USER_REGISTER","userId":1,"resource":"AUTH","resourceId":"1","metadata":{"email":"test_1785862593798@example.com","username":"testuser_1785862593798"},"timestamp":"2026-08-04T16:56:33.823Z"}
{"level":30,"time":1785862593850,"pid":28464,"hostname":"MacBookPro","type":"AUDIT","action":"LOGIN_SUCCESS","userId":1,"resource":"AUTH","resourceId":"1","metadata":{"email":"test_1785862593798@example.com","username":"testuser_1785862593798"},"timestamp":"2026-08-04T16:56:33.850Z"}
{"level":30,"time":1785862593908,"pid":28464,"hostname":"MacBookPro","type":"AUDIT","action":"USER_REGISTER","userId":1,"resource":"AUTH","resourceId":"1","metadata":{"email":"test_1785862593883@example.com","username":"testuser_1785862593883"},"timestamp":"2026-08-04T16:56:33.908Z"}
{"level":30,"time":1785862593933,"pid":28464,"hostname":"MacBookPro","type":"AUDIT","action":"LOGIN_SUCCESS","userId":1,"resource":"AUTH","resourceId":"1","metadata":{"email":"test_1785862593883@example.com","username":"testuser_1785862593883"},"timestamp":"2026-08-04T16:56:33.933Z"}
{"level":30,"time":1785862593990,"pid":28464,"hostname":"MacBookPro","type":"AUDIT","action":"USER_REGISTER","userId":1,"resource":"AUTH","resourceId":"1","metadata":{"email":"test_1785862593965@example.com","username":"testuser_1785862593965"},"timestamp":"2026-08-04T16:56:33.990Z"}
{"level":30,"time":1785862594016,"pid":28464,"hostname":"MacBookPro","type":"AUDIT","action":"LOGIN_SUCCESS","userId":1,"resource":"AUTH","resourceId":"1","metadata":{"email":"test_1785862593965@example.com","username":"testuser_1785862593965"},"timestamp":"2026-08-04T16:56:34.016Z"}
{"level":30,"time":1785862594074,"pid":28464,"hostname":"MacBookPro","type":"AUDIT","action":"USER_REGISTER","userId":1,"resource":"AUTH","resourceId":"1","metadata":{"email":"test_1785862594051@example.com","username":"testuser_1785862594051"},"timestamp":"2026-08-04T16:56:34.074Z"}
{"level":30,"time":1785862594101,"pid":28464,"hostname":"MacBookPro","type":"AUDIT","action":"LOGIN_SUCCESS","userId":1,"resource":"AUTH","resourceId":"1","metadata":{"email":"test_1785862594051@example.com","username":"testuser_1785862594051"},"timestamp":"2026-08-04T16:56:34.101Z"}
{"level":30,"time":1785862594155,"pid":28464,"hostname":"MacBookPro","type":"AUDIT","action":"USER_REGISTER","userId":1,"resource":"AUTH","resourceId":"1","metadata":{"email":"test_1785862594130@example.com","username":"testuser_1785862594130"},"timestamp":"2026-08-04T16:56:34.155Z"}
{"level":30,"time":1785862594180,"pid":28464,"hostname":"MacBookPro","type":"AUDIT","action":"LOGIN_SUCCESS","userId":1,"resource":"AUTH","resourceId":"1","metadata":{"email":"test_1785862594130@example.com","username":"testuser_1785862594130"},"timestamp":"2026-08-04T16:56:34.180Z"}
{"level":30,"time":1785862594189,"pid":28464,"hostname":"MacBookPro","type":"AUDIT","action":"PROJECT_CREATED","userId":1,"resource":"Project","resourceId":"1","metadata":{"name":"Website Redesign 1785862594181","description":"Revamp the marketing site by Q4 2026."},"timestamp":"2026-08-04T16:56:34.189Z"}
{"level":30,"time":1785862594198,"pid":28464,"hostname":"MacBookPro","type":"AUDIT","action":"PROJECT_CREATED","userId":1,"resource":"Project","resourceId":"2","metadata":{"name":"Website Redesign 1785862594181","description":"Revamp the marketing site by Q4 2026."},"timestamp":"2026-08-04T16:56:34.198Z"}
{"level":30,"time":1785862594244,"pid":28464,"hostname":"MacBookPro","type":"AUDIT","action":"USER_REGISTER","userId":1,"resource":"AUTH","resourceId":"1","metadata":{"email":"test_1785862594220@example.com","username":"testuser_1785862594220"},"timestamp":"2026-08-04T16:56:34.244Z"}
{"level":30,"time":1785862594269,"pid":28464,"hostname":"MacBookPro","type":"AUDIT","action":"LOGIN_SUCCESS","userId":1,"resource":"AUTH","resourceId":"1","metadata":{"email":"test_1785862594220@example.com","username":"testuser_1785862594220"},"timestamp":"2026-08-04T16:56:34.269Z"}
{"level":30,"time":1785862594293,"pid":28464,"hostname":"MacBookPro","type":"AUDIT","action":"USER_REGISTER","userId":2,"resource":"AUTH","resourceId":"2","metadata":{"email":"test_1785862594270@example.com","username":"testuser_1785862594270"},"timestamp":"2026-08-04T16:56:34.293Z"}
{"level":30,"time":1785862594318,"pid":28464,"hostname":"MacBookPro","type":"AUDIT","action":"LOGIN_SUCCESS","userId":2,"resource":"AUTH","resourceId":"2","metadata":{"email":"test_1785862594270@example.com","username":"testuser_1785862594270"},"timestamp":"2026-08-04T16:56:34.318Z"}
{"level":30,"time":1785862594326,"pid":28464,"hostname":"MacBookPro","type":"AUDIT","action":"PROJECT_CREATED","userId":1,"resource":"Project","resourceId":"1","metadata":{"name":"Website Redesign 1785862594319","description":"Revamp the marketing site by Q4 2026."},"timestamp":"2026-08-04T16:56:34.326Z"}
{"level":30,"time":1785862594335,"pid":28464,"hostname":"MacBookPro","type":"AUDIT","action":"PROJECT_CREATED","userId":2,"resource":"Project","resourceId":"2","metadata":{"name":"Website Redesign 1785862594319","description":"Revamp the marketing site by Q4 2026."},"timestamp":"2026-08-04T16:56:34.335Z"}
{"level":30,"time":1785862594382,"pid":28464,"hostname":"MacBookPro","type":"AUDIT","action":"USER_REGISTER","userId":1,"resource":"AUTH","resourceId":"1","metadata":{"email":"test_1785862594357@example.com","username":"testuser_1785862594357"},"timestamp":"2026-08-04T16:56:34.382Z"}
{"level":30,"time":1785862594407,"pid":28464,"hostname":"MacBookPro","type":"AUDIT","action":"LOGIN_SUCCESS","userId":1,"resource":"AUTH","resourceId":"1","metadata":{"email":"test_1785862594357@example.com","username":"testuser_1785862594357"},"timestamp":"2026-08-04T16:56:34.407Z"}
{"level":30,"time":1785862594465,"pid":28464,"hostname":"MacBookPro","type":"AUDIT","action":"USER_REGISTER","userId":1,"resource":"AUTH","resourceId":"1","metadata":{"email":"test_1785862594438@example.com","username":"testuser_1785862594438"},"timestamp":"2026-08-04T16:56:34.465Z"}
{"level":30,"time":1785862594490,"pid":28464,"hostname":"MacBookPro","type":"AUDIT","action":"LOGIN_SUCCESS","userId":1,"resource":"AUTH","resourceId":"1","metadata":{"email":"test_1785862594438@example.com","username":"testuser_1785862594438"},"timestamp":"2026-08-04T16:56:34.490Z"}
{"level":30,"time":1785862594549,"pid":28464,"hostname":"MacBookPro","type":"AUDIT","action":"USER_REGISTER","userId":1,"resource":"AUTH","resourceId":"1","metadata":{"email":"test_1785862594520@example.com","username":"testuser_1785862594520"},"timestamp":"2026-08-04T16:56:34.549Z"}
{"level":30,"time":1785862594574,"pid":28464,"hostname":"MacBookPro","type":"AUDIT","action":"LOGIN_SUCCESS","userId":1,"resource":"AUTH","resourceId":"1","metadata":{"email":"test_1785862594520@example.com","username":"testuser_1785862594520"},"timestamp":"2026-08-04T16:56:34.574Z"}
{"level":30,"time":1785862594632,"pid":28464,"hostname":"MacBookPro","type":"AUDIT","action":"USER_REGISTER","userId":1,"resource":"AUTH","resourceId":"1","metadata":{"email":"test_1785862594604@example.com","username":"testuser_1785862594604"},"timestamp":"2026-08-04T16:56:34.632Z"}
{"level":30,"time":1785862594657,"pid":28464,"hostname":"MacBookPro","type":"AUDIT","action":"LOGIN_SUCCESS","userId":1,"resource":"AUTH","resourceId":"1","metadata":{"email":"test_1785862594604@example.com","username":"testuser_1785862594604"},"timestamp":"2026-08-04T16:56:34.657Z"}
{"level":30,"time":1785862594667,"pid":28464,"hostname":"MacBookPro","type":"AUDIT","action":"PROJECT_CREATED","userId":1,"resource":"Project","resourceId":"1","metadata":{"name":"admin'--","description":"Revamp the marketing site by Q4 2026."},"timestamp":"2026-08-04T16:56:34.667Z"}
{"level":30,"time":1785862594716,"pid":28464,"hostname":"MacBookPro","type":"AUDIT","action":"USER_REGISTER","userId":1,"resource":"AUTH","resourceId":"1","metadata":{"email":"test_1785862594690@example.com","username":"testuser_1785862594690"},"timestamp":"2026-08-04T16:56:34.716Z"}
{"level":30,"time":1785862594741,"pid":28464,"hostname":"MacBookPro","type":"AUDIT","action":"LOGIN_SUCCESS","userId":1,"resource":"AUTH","resourceId":"1","metadata":{"email":"test_1785862594690@example.com","username":"testuser_1785862594690"},"timestamp":"2026-08-04T16:56:34.741Z"}
{"level":30,"time":1785862594796,"pid":28464,"hostname":"MacBookPro","type":"AUDIT","action":"USER_REGISTER","userId":1,"resource":"AUTH","resourceId":"1","metadata":{"email":"test_1785862594770@example.com","username":"testuser_1785862594770"},"timestamp":"2026-08-04T16:56:34.796Z"}
{"level":30,"time":1785862594821,"pid":28464,"hostname":"MacBookPro","type":"AUDIT","action":"LOGIN_SUCCESS","userId":1,"resource":"AUTH","resourceId":"1","metadata":{"email":"test_1785862594770@example.com","username":"testuser_1785862594770"},"timestamp":"2026-08-04T16:56:34.820Z"}
{"level":30,"time":1785862594873,"pid":28464,"hostname":"MacBookPro","type":"AUDIT","action":"USER_REGISTER","userId":1,"resource":"AUTH","resourceId":"1","metadata":{"email":"test_1785862594848@example.com","username":"testuser_1785862594848"},"timestamp":"2026-08-04T16:56:34.873Z"}
{"level":30,"time":1785862594900,"pid":28464,"hostname":"MacBookPro","type":"AUDIT","action":"LOGIN_SUCCESS","userId":1,"resource":"AUTH","resourceId":"1","metadata":{"email":"test_1785862594848@example.com","username":"testuser_1785862594848"},"timestamp":"2026-08-04T16:56:34.900Z"}
{"level":30,"time":1785862594954,"pid":28464,"hostname":"MacBookPro","type":"AUDIT","action":"USER_REGISTER","userId":1,"resource":"AUTH","resourceId":"1","metadata":{"email":"test_1785862594930@example.com","username":"testuser_1785862594930"},"timestamp":"2026-08-04T16:56:34.954Z"}
{"level":30,"time":1785862594981,"pid":28464,"hostname":"MacBookPro","type":"AUDIT","action":"LOGIN_SUCCESS","userId":1,"resource":"AUTH","resourceId":"1","metadata":{"email":"test_1785862594930@example.com","username":"testuser_1785862594930"},"timestamp":"2026-08-04T16:56:34.981Z"}
{"level":30,"time":1785864011857,"pid":29708,"hostname":"MacBookPro","msg":"Audit system initialized"}
{"level":30,"time":1785864012928,"pid":29708,"hostname":"MacBookPro","type":"AUDIT","action":"USER_REGISTER","userId":1,"resource":"AUTH","resourceId":"1","metadata":{"email":"test_1785864012836@example.com","username":"testuser_1785864012836"},"timestamp":"2026-08-04T17:20:12.928Z"}
{"level":30,"time":1785864012967,"pid":29708,"hostname":"MacBookPro","type":"AUDIT","action":"LOGIN_SUCCESS","userId":1,"resource":"AUTH","resourceId":"1","metadata":{"email":"test_1785864012836@example.com","username":"testuser_1785864012836"},"timestamp":"2026-08-04T17:20:12.967Z"}
{"level":30,"time":1785864012986,"pid":29708,"hostname":"MacBookPro","type":"AUDIT","action":"PROJECT_CREATED","userId":1,"resource":"Project","resourceId":"1","metadata":{"name":"Website Redesign 1785864012969","description":"Revamp the marketing site by Q4 2026."},"timestamp":"2026-08-04T17:20:12.986Z"}
{"level":30,"time":1785864013070,"pid":29708,"hostname":"MacBookPro","type":"AUDIT","action":"USER_REGISTER","userId":1,"resource":"AUTH","resourceId":"1","metadata":{"email":"test_1785864013040@example.com","username":"testuser_1785864013040"},"timestamp":"2026-08-04T17:20:13.070Z"}
{"level":30,"time":1785864013100,"pid":29708,"hostname":"MacBookPro","type":"AUDIT","action":"LOGIN_SUCCESS","userId":1,"resource":"AUTH","resourceId":"1","metadata":{"email":"test_1785864013040@example.com","username":"testuser_1785864013040"},"timestamp":"2026-08-04T17:20:13.100Z"}
{"level":30,"time":1785864013111,"pid":29708,"hostname":"MacBookPro","type":"AUDIT","action":"PROJECT_CREATED","userId":1,"resource":"Project","resourceId":"1","metadata":{"name":"Website Redesign 1785864013101","description":"Revamp the marketing site by Q4 2026."},"timestamp":"2026-08-04T17:20:13.111Z"}
{"level":30,"time":1785864013225,"pid":29708,"hostname":"MacBookPro","type":"AUDIT","action":"USER_REGISTER","userId":1,"resource":"AUTH","resourceId":"1","metadata":{"email":"test_1785864013199@example.com","username":"testuser_1785864013199"},"timestamp":"2026-08-04T17:20:13.225Z"}
{"level":30,"time":1785864013254,"pid":29708,"hostname":"MacBookPro","type":"AUDIT","action":"LOGIN_SUCCESS","userId":1,"resource":"AUTH","resourceId":"1","metadata":{"email":"test_1785864013199@example.com","username":"testuser_1785864013199"},"timestamp":"2026-08-04T17:20:13.254Z"}
{"level":30,"time":1785864013449,"pid":29708,"hostname":"MacBookPro","type":"AUDIT","action":"USER_REGISTER","userId":1,"resource":"AUTH","resourceId":"1","metadata":{"email":"test_1785864013301@example.com","username":"testuser_1785864013301"},"timestamp":"2026-08-04T17:20:13.449Z"}
{"level":30,"time":1785864013475,"pid":29708,"hostname":"MacBookPro","type":"AUDIT","action":"LOGIN_SUCCESS","userId":1,"resource":"AUTH","resourceId":"1","metadata":{"email":"test_1785864013301@example.com","username":"testuser_1785864013301"},"timestamp":"2026-08-04T17:20:13.475Z"}
{"level":30,"time":1785864013539,"pid":29708,"hostname":"MacBookPro","type":"AUDIT","action":"USER_REGISTER","userId":1,"resource":"AUTH","resourceId":"1","metadata":{"email":"test_1785864013512@example.com","username":"testuser_1785864013512"},"timestamp":"2026-08-04T17:20:13.539Z"}
{"level":30,"time":1785864013566,"pid":29708,"hostname":"MacBookPro","type":"AUDIT","action":"LOGIN_SUCCESS","userId":1,"resource":"AUTH","resourceId":"1","metadata":{"email":"test_1785864013512@example.com","username":"testuser_1785864013512"},"timestamp":"2026-08-04T17:20:13.566Z"}
{"level":30,"time":1785864013635,"pid":29708,"hostname":"MacBookPro","type":"AUDIT","action":"USER_REGISTER","userId":1,"resource":"AUTH","resourceId":"1","metadata":{"email":"test_1785864013608@example.com","username":"testuser_1785864013608"},"timestamp":"2026-08-04T17:20:13.635Z"}
{"level":30,"time":1785864013660,"pid":29708,"hostname":"MacBookPro","type":"AUDIT","action":"LOGIN_SUCCESS","userId":1,"resource":"AUTH","resourceId":"1","metadata":{"email":"test_1785864013608@example.com","username":"testuser_1785864013608"},"timestamp":"2026-08-04T17:20:13.660Z"}
{"level":30,"time":1785864013673,"pid":29708,"hostname":"MacBookPro","type":"AUDIT","action":"PROJECT_CREATED","userId":1,"resource":"Project","resourceId":"1","metadata":{"name":"Padded Name 1785864013661","description":"Revamp the marketing site by Q4 2026."},"timestamp":"2026-08-04T17:20:13.673Z"}
{"level":30,"time":1785864013728,"pid":29708,"hostname":"MacBookPro","type":"AUDIT","action":"USER_REGISTER","userId":1,"resource":"AUTH","resourceId":"1","metadata":{"email":"test_1785864013702@example.com","username":"testuser_1785864013702"},"timestamp":"2026-08-04T17:20:13.728Z"}
{"level":30,"time":1785864013756,"pid":29708,"hostname":"MacBookPro","type":"AUDIT","action":"LOGIN_SUCCESS","userId":1,"resource":"AUTH","resourceId":"1","metadata":{"email":"test_1785864013702@example.com","username":"testuser_1785864013702"},"timestamp":"2026-08-04T17:20:13.756Z"}
{"level":30,"time":1785864013824,"pid":29708,"hostname":"MacBookPro","type":"AUDIT","action":"USER_REGISTER","userId":1,"resource":"AUTH","resourceId":"1","metadata":{"email":"test_1785864013795@example.com","username":"testuser_1785864013795"},"timestamp":"2026-08-04T17:20:13.824Z"}
{"level":30,"time":1785864013851,"pid":29708,"hostname":"MacBookPro","type":"AUDIT","action":"LOGIN_SUCCESS","userId":1,"resource":"AUTH","resourceId":"1","metadata":{"email":"test_1785864013795@example.com","username":"testuser_1785864013795"},"timestamp":"2026-08-04T17:20:13.851Z"}
{"level":30,"time":1785864013911,"pid":29708,"hostname":"MacBookPro","type":"AUDIT","action":"USER_REGISTER","userId":1,"resource":"AUTH","resourceId":"1","metadata":{"email":"test_1785864013887@example.com","username":"testuser_1785864013887"},"timestamp":"2026-08-04T17:20:13.911Z"}
{"level":30,"time":1785864013936,"pid":29708,"hostname":"MacBookPro","type":"AUDIT","action":"LOGIN_SUCCESS","userId":1,"resource":"AUTH","resourceId":"1","metadata":{"email":"test_1785864013887@example.com","username":"testuser_1785864013887"},"timestamp":"2026-08-04T17:20:13.936Z"}
{"level":30,"time":1785864013994,"pid":29708,"hostname":"MacBookPro","type":"AUDIT","action":"USER_REGISTER","userId":1,"resource":"AUTH","resourceId":"1","metadata":{"email":"test_1785864013967@example.com","username":"testuser_1785864013967"},"timestamp":"2026-08-04T17:20:13.994Z"}
{"level":30,"time":1785864014020,"pid":29708,"hostname":"MacBookPro","type":"AUDIT","action":"LOGIN_SUCCESS","userId":1,"resource":"AUTH","resourceId":"1","metadata":{"email":"test_1785864013967@example.com","username":"testuser_1785864013967"},"timestamp":"2026-08-04T17:20:14.020Z"}
{"level":30,"time":1785864014074,"pid":29708,"hostname":"MacBookPro","type":"AUDIT","action":"USER_REGISTER","userId":1,"resource":"AUTH","resourceId":"1","metadata":{"email":"test_1785864014049@example.com","username":"testuser_1785864014049"},"timestamp":"2026-08-04T17:20:14.074Z"}
{"level":30,"time":1785864014101,"pid":29708,"hostname":"MacBookPro","type":"AUDIT","action":"LOGIN_SUCCESS","userId":1,"resource":"AUTH","resourceId":"1","metadata":{"email":"test_1785864014049@example.com","username":"testuser_1785864014049"},"timestamp":"2026-08-04T17:20:14.101Z"}
{"level":30,"time":1785864014157,"pid":29708,"hostname":"MacBookPro","type":"AUDIT","action":"USER_REGISTER","userId":1,"resource":"AUTH","resourceId":"1","metadata":{"email":"test_1785864014133@example.com","username":"testuser_1785864014133"},"timestamp":"2026-08-04T17:20:14.157Z"}
{"level":30,"time":1785864014183,"pid":29708,"hostname":"MacBookPro","type":"AUDIT","action":"LOGIN_SUCCESS","userId":1,"resource":"AUTH","resourceId":"1","metadata":{"email":"test_1785864014133@example.com","username":"testuser_1785864014133"},"timestamp":"2026-08-04T17:20:14.183Z"}
{"level":30,"time":1785864014191,"pid":29708,"hostname":"MacBookPro","type":"AUDIT","action":"PROJECT_CREATED","userId":1,"resource":"Project","resourceId":"1","metadata":{"name":"Website Redesign 1785864014184","description":"Revamp the marketing site by Q4 2026."},"timestamp":"2026-08-04T17:20:14.191Z"}
{"level":30,"time":1785864014202,"pid":29708,"hostname":"MacBookPro","type":"AUDIT","action":"PROJECT_CREATED","userId":1,"resource":"Project","resourceId":"2","metadata":{"name":"Website Redesign 1785864014184","description":"Revamp the marketing site by Q4 2026."},"timestamp":"2026-08-04T17:20:14.202Z"}
{"level":30,"time":1785864014254,"pid":29708,"hostname":"MacBookPro","type":"AUDIT","action":"USER_REGISTER","userId":1,"resource":"AUTH","resourceId":"1","metadata":{"email":"test_1785864014229@example.com","username":"testuser_1785864014229"},"timestamp":"2026-08-04T17:20:14.254Z"}
{"level":30,"time":1785864014282,"pid":29708,"hostname":"MacBookPro","type":"AUDIT","action":"LOGIN_SUCCESS","userId":1,"resource":"AUTH","resourceId":"1","metadata":{"email":"test_1785864014229@example.com","username":"testuser_1785864014229"},"timestamp":"2026-08-04T17:20:14.282Z"}
{"level":30,"time":1785864014307,"pid":29708,"hostname":"MacBookPro","type":"AUDIT","action":"USER_REGISTER","userId":2,"resource":"AUTH","resourceId":"2","metadata":{"email":"test_1785864014283@example.com","username":"testuser_1785864014283"},"timestamp":"2026-08-04T17:20:14.307Z"}
{"level":30,"time":1785864014331,"pid":29708,"hostname":"MacBookPro","type":"AUDIT","action":"LOGIN_SUCCESS","userId":2,"resource":"AUTH","resourceId":"2","metadata":{"email":"test_1785864014283@example.com","username":"testuser_1785864014283"},"timestamp":"2026-08-04T17:20:14.331Z"}
{"level":30,"time":1785864014339,"pid":29708,"hostname":"MacBookPro","type":"AUDIT","action":"PROJECT_CREATED","userId":1,"resource":"Project","resourceId":"1","metadata":{"name":"Website Redesign 1785864014332","description":"Revamp the marketing site by Q4 2026."},"timestamp":"2026-08-04T17:20:14.339Z"}
{"level":30,"time":1785864014349,"pid":29708,"hostname":"MacBookPro","type":"AUDIT","action":"PROJECT_CREATED","userId":2,"resource":"Project","resourceId":"2","metadata":{"name":"Website Redesign 1785864014332","description":"Revamp the marketing site by Q4 2026."},"timestamp":"2026-08-04T17:20:14.349Z"}
{"level":30,"time":1785864014397,"pid":29708,"hostname":"MacBookPro","type":"AUDIT","action":"USER_REGISTER","userId":1,"resource":"AUTH","resourceId":"1","metadata":{"email":"test_1785864014372@example.com","username":"testuser_1785864014372"},"timestamp":"2026-08-04T17:20:14.397Z"}
{"level":30,"time":1785864014425,"pid":29708,"hostname":"MacBookPro","type":"AUDIT","action":"LOGIN_SUCCESS","userId":1,"resource":"AUTH","resourceId":"1","metadata":{"email":"test_1785864014372@example.com","username":"testuser_1785864014372"},"timestamp":"2026-08-04T17:20:14.425Z"}
{"level":30,"time":1785864014476,"pid":29708,"hostname":"MacBookPro","type":"AUDIT","action":"USER_REGISTER","userId":1,"resource":"AUTH","resourceId":"1","metadata":{"email":"test_1785864014452@example.com","username":"testuser_1785864014452"},"timestamp":"2026-08-04T17:20:14.476Z"}
{"level":30,"time":1785864014502,"pid":29708,"hostname":"MacBookPro","type":"AUDIT","action":"LOGIN_SUCCESS","userId":1,"resource":"AUTH","resourceId":"1","metadata":{"email":"test_1785864014452@example.com","username":"testuser_1785864014452"},"timestamp":"2026-08-04T17:20:14.502Z"}
{"level":30,"time":1785864014567,"pid":29708,"hostname":"MacBookPro","type":"AUDIT","action":"USER_REGISTER","userId":1,"resource":"AUTH","resourceId":"1","metadata":{"email":"test_1785864014538@example.com","username":"testuser_1785864014538"},"timestamp":"2026-08-04T17:20:14.567Z"}
{"level":30,"time":1785864014594,"pid":29708,"hostname":"MacBookPro","type":"AUDIT","action":"LOGIN_SUCCESS","userId":1,"resource":"AUTH","resourceId":"1","metadata":{"email":"test_1785864014538@example.com","username":"testuser_1785864014538"},"timestamp":"2026-08-04T17:20:14.594Z"}
{"level":30,"time":1785864014652,"pid":29708,"hostname":"MacBookPro","type":"AUDIT","action":"USER_REGISTER","userId":1,"resource":"AUTH","resourceId":"1","metadata":{"email":"test_1785864014625@example.com","username":"testuser_1785864014625"},"timestamp":"2026-08-04T17:20:14.652Z"}
{"level":30,"time":1785864014679,"pid":29708,"hostname":"MacBookPro","type":"AUDIT","action":"LOGIN_SUCCESS","userId":1,"resource":"AUTH","resourceId":"1","metadata":{"email":"test_1785864014625@example.com","username":"testuser_1785864014625"},"timestamp":"2026-08-04T17:20:14.678Z"}
{"level":30,"time":1785864014688,"pid":29708,"hostname":"MacBookPro","type":"AUDIT","action":"PROJECT_CREATED","userId":1,"resource":"Project","resourceId":"1","metadata":{"name":"admin'--","description":"Revamp the marketing site by Q4 2026."},"timestamp":"2026-08-04T17:20:14.688Z"}
{"level":30,"time":1785864014737,"pid":29708,"hostname":"MacBookPro","type":"AUDIT","action":"USER_REGISTER","userId":1,"resource":"AUTH","resourceId":"1","metadata":{"email":"test_1785864014711@example.com","username":"testuser_1785864014711"},"timestamp":"2026-08-04T17:20:14.737Z"}
{"level":30,"time":1785864014762,"pid":29708,"hostname":"MacBookPro","type":"AUDIT","action":"LOGIN_SUCCESS","userId":1,"resource":"AUTH","resourceId":"1","metadata":{"email":"test_1785864014711@example.com","username":"testuser_1785864014711"},"timestamp":"2026-08-04T17:20:14.762Z"}
{"level":30,"time":1785864014818,"pid":29708,"hostname":"MacBookPro","type":"AUDIT","action":"USER_REGISTER","userId":1,"resource":"AUTH","resourceId":"1","metadata":{"email":"test_1785864014793@example.com","username":"testuser_1785864014793"},"timestamp":"2026-08-04T17:20:14.818Z"}
{"level":30,"time":1785864014844,"pid":29708,"hostname":"MacBookPro","type":"AUDIT","action":"LOGIN_SUCCESS","userId":1,"resource":"AUTH","resourceId":"1","metadata":{"email":"test_1785864014793@example.com","username":"testuser_1785864014793"},"timestamp":"2026-08-04T17:20:14.844Z"}
{"level":30,"time":1785864014907,"pid":29708,"hostname":"MacBookPro","type":"AUDIT","action":"USER_REGISTER","userId":1,"resource":"AUTH","resourceId":"1","metadata":{"email":"test_1785864014874@example.com","username":"testuser_1785864014874"},"timestamp":"2026-08-04T17:20:14.907Z"}
{"level":30,"time":1785864014934,"pid":29708,"hostname":"MacBookPro","type":"AUDIT","action":"LOGIN_SUCCESS","userId":1,"resource":"AUTH","resourceId":"1","metadata":{"email":"test_1785864014874@example.com","username":"testuser_1785864014874"},"timestamp":"2026-08-04T17:20:14.934Z"}
{"level":30,"time":1785864014986,"pid":29708,"hostname":"MacBookPro","type":"AUDIT","action":"USER_REGISTER","userId":1,"resource":"AUTH","resourceId":"1","metadata":{"email":"test_1785864014961@example.com","username":"testuser_1785864014961"},"timestamp":"2026-08-04T17:20:14.986Z"}
{"level":30,"time":1785864015012,"pid":29708,"hostname":"MacBookPro","type":"AUDIT","action":"LOGIN_SUCCESS","userId":1,"resource":"AUTH","resourceId":"1","metadata":{"email":"test_1785864014961@example.com","username":"testuser_1785864014961"},"timestamp":"2026-08-04T17:20:15.012Z"}
{"level":30,"time":1785864355051,"pid":30045,"hostname":"MacBookPro","msg":"Audit system initialized"}
{"level":30,"time":1785864356206,"pid":30045,"hostname":"MacBookPro","type":"AUDIT","action":"USER_REGISTER","userId":1,"resource":"AUTH","resourceId":"1","metadata":{"email":"test_1785864356120@example.com","username":"testuser_1785864356120"},"timestamp":"2026-08-04T17:25:56.206Z"}
{"level":30,"time":1785864356245,"pid":30045,"hostname":"MacBookPro","type":"AUDIT","action":"LOGIN_SUCCESS","userId":1,"resource":"AUTH","resourceId":"1","metadata":{"email":"test_1785864356120@example.com","username":"testuser_1785864356120"},"timestamp":"2026-08-04T17:25:56.245Z"}
{"level":30,"time":1785864356262,"pid":30045,"hostname":"MacBookPro","type":"AUDIT","action":"PROJECT_CREATED","userId":1,"resource":"Project","resourceId":"1","metadata":{"name":"Website Redesign 1785864356247","description":"Revamp the marketing site by Q4 2026."},"timestamp":"2026-08-04T17:25:56.262Z"}
{"level":30,"time":1785864356338,"pid":30045,"hostname":"MacBookPro","type":"AUDIT","action":"USER_REGISTER","userId":1,"resource":"AUTH","resourceId":"1","metadata":{"email":"test_1785864356312@example.com","username":"testuser_1785864356312"},"timestamp":"2026-08-04T17:25:56.338Z"}
{"level":30,"time":1785864356366,"pid":30045,"hostname":"MacBookPro","type":"AUDIT","action":"LOGIN_SUCCESS","userId":1,"resource":"AUTH","resourceId":"1","metadata":{"email":"test_1785864356312@example.com","username":"testuser_1785864356312"},"timestamp":"2026-08-04T17:25:56.366Z"}
{"level":30,"time":1785864356377,"pid":30045,"hostname":"MacBookPro","type":"AUDIT","action":"PROJECT_CREATED","userId":1,"resource":"Project","resourceId":"1","metadata":{"name":"Website Redesign 1785864356367","description":"Revamp the marketing site by Q4 2026."},"timestamp":"2026-08-04T17:25:56.377Z"}
{"level":30,"time":1785864356483,"pid":30045,"hostname":"MacBookPro","type":"AUDIT","action":"USER_REGISTER","userId":1,"resource":"AUTH","resourceId":"1","metadata":{"email":"test_1785864356457@example.com","username":"testuser_1785864356457"},"timestamp":"2026-08-04T17:25:56.483Z"}
{"level":30,"time":1785864356512,"pid":30045,"hostname":"MacBookPro","type":"AUDIT","action":"LOGIN_SUCCESS","userId":1,"resource":"AUTH","resourceId":"1","metadata":{"email":"test_1785864356457@example.com","username":"testuser_1785864356457"},"timestamp":"2026-08-04T17:25:56.512Z"}
{"level":30,"time":1785864356583,"pid":30045,"hostname":"MacBookPro","type":"AUDIT","action":"USER_REGISTER","userId":1,"resource":"AUTH","resourceId":"1","metadata":{"email":"test_1785864356555@example.com","username":"testuser_1785864356555"},"timestamp":"2026-08-04T17:25:56.583Z"}
{"level":30,"time":1785864356611,"pid":30045,"hostname":"MacBookPro","type":"AUDIT","action":"LOGIN_SUCCESS","userId":1,"resource":"AUTH","resourceId":"1","metadata":{"email":"test_1785864356555@example.com","username":"testuser_1785864356555"},"timestamp":"2026-08-04T17:25:56.611Z"}
{"level":30,"time":1785864356673,"pid":30045,"hostname":"MacBookPro","type":"AUDIT","action":"USER_REGISTER","userId":1,"resource":"AUTH","resourceId":"1","metadata":{"email":"test_1785864356646@example.com","username":"testuser_1785864356646"},"timestamp":"2026-08-04T17:25:56.673Z"}
{"level":30,"time":1785864356699,"pid":30045,"hostname":"MacBookPro","type":"AUDIT","action":"LOGIN_SUCCESS","userId":1,"resource":"AUTH","resourceId":"1","metadata":{"email":"test_1785864356646@example.com","username":"testuser_1785864356646"},"timestamp":"2026-08-04T17:25:56.699Z"}
{"level":30,"time":1785864356759,"pid":30045,"hostname":"MacBookPro","type":"AUDIT","action":"USER_REGISTER","userId":1,"resource":"AUTH","resourceId":"1","metadata":{"email":"test_1785864356734@example.com","username":"testuser_1785864356734"},"timestamp":"2026-08-04T17:25:56.759Z"}
{"level":30,"time":1785864356784,"pid":30045,"hostname":"MacBookPro","type":"AUDIT","action":"LOGIN_SUCCESS","userId":1,"resource":"AUTH","resourceId":"1","metadata":{"email":"test_1785864356734@example.com","username":"testuser_1785864356734"},"timestamp":"2026-08-04T17:25:56.784Z"}
{"level":30,"time":1785864356795,"pid":30045,"hostname":"MacBookPro","type":"AUDIT","action":"PROJECT_CREATED","userId":1,"resource":"Project","resourceId":"1","metadata":{"name":"Padded Name 1785864356785","description":"Revamp the marketing site by Q4 2026."},"timestamp":"2026-08-04T17:25:56.795Z"}
{"level":30,"time":1785864356849,"pid":30045,"hostname":"MacBookPro","type":"AUDIT","action":"USER_REGISTER","userId":1,"resource":"AUTH","resourceId":"1","metadata":{"email":"test_1785864356825@example.com","username":"testuser_1785864356825"},"timestamp":"2026-08-04T17:25:56.849Z"}
{"level":30,"time":1785864356874,"pid":30045,"hostname":"MacBookPro","type":"AUDIT","action":"LOGIN_SUCCESS","userId":1,"resource":"AUTH","resourceId":"1","metadata":{"email":"test_1785864356825@example.com","username":"testuser_1785864356825"},"timestamp":"2026-08-04T17:25:56.874Z"}
{"level":30,"time":1785864356934,"pid":30045,"hostname":"MacBookPro","type":"AUDIT","action":"USER_REGISTER","userId":1,"resource":"AUTH","resourceId":"1","metadata":{"email":"test_1785864356910@example.com","username":"testuser_1785864356910"},"timestamp":"2026-08-04T17:25:56.934Z"}
{"level":30,"time":1785864356961,"pid":30045,"hostname":"MacBookPro","type":"AUDIT","action":"LOGIN_SUCCESS","userId":1,"resource":"AUTH","resourceId":"1","metadata":{"email":"test_1785864356910@example.com","username":"testuser_1785864356910"},"timestamp":"2026-08-04T17:25:56.961Z"}
{"level":30,"time":1785864357023,"pid":30045,"hostname":"MacBookPro","type":"AUDIT","action":"USER_REGISTER","userId":1,"resource":"AUTH","resourceId":"1","metadata":{"email":"test_1785864356997@example.com","username":"testuser_1785864356997"},"timestamp":"2026-08-04T17:25:57.023Z"}
{"level":30,"time":1785864357050,"pid":30045,"hostname":"MacBookPro","type":"AUDIT","action":"LOGIN_SUCCESS","userId":1,"resource":"AUTH","resourceId":"1","metadata":{"email":"test_1785864356997@example.com","username":"testuser_1785864356997"},"timestamp":"2026-08-04T17:25:57.050Z"}
{"level":30,"time":1785864357107,"pid":30045,"hostname":"MacBookPro","type":"AUDIT","action":"USER_REGISTER","userId":1,"resource":"AUTH","resourceId":"1","metadata":{"email":"test_1785864357082@example.com","username":"testuser_1785864357082"},"timestamp":"2026-08-04T17:25:57.107Z"}
{"level":30,"time":1785864357134,"pid":30045,"hostname":"MacBookPro","type":"AUDIT","action":"LOGIN_SUCCESS","userId":1,"resource":"AUTH","resourceId":"1","metadata":{"email":"test_1785864357082@example.com","username":"testuser_1785864357082"},"timestamp":"2026-08-04T17:25:57.134Z"}
{"level":30,"time":1785864357190,"pid":30045,"hostname":"MacBookPro","type":"AUDIT","action":"USER_REGISTER","userId":1,"resource":"AUTH","resourceId":"1","metadata":{"email":"test_1785864357166@example.com","username":"testuser_1785864357166"},"timestamp":"2026-08-04T17:25:57.190Z"}
{"level":30,"time":1785864357214,"pid":30045,"hostname":"MacBookPro","type":"AUDIT","action":"LOGIN_SUCCESS","userId":1,"resource":"AUTH","resourceId":"1","metadata":{"email":"test_1785864357166@example.com","username":"testuser_1785864357166"},"timestamp":"2026-08-04T17:25:57.214Z"}
{"level":30,"time":1785864357271,"pid":30045,"hostname":"MacBookPro","type":"AUDIT","action":"USER_REGISTER","userId":1,"resource":"AUTH","resourceId":"1","metadata":{"email":"test_1785864357247@example.com","username":"testuser_1785864357247"},"timestamp":"2026-08-04T17:25:57.271Z"}
{"level":30,"time":1785864357297,"pid":30045,"hostname":"MacBookPro","type":"AUDIT","action":"LOGIN_SUCCESS","userId":1,"resource":"AUTH","resourceId":"1","metadata":{"email":"test_1785864357247@example.com","username":"testuser_1785864357247"},"timestamp":"2026-08-04T17:25:57.297Z"}
{"level":30,"time":1785864357306,"pid":30045,"hostname":"MacBookPro","type":"AUDIT","action":"PROJECT_CREATED","userId":1,"resource":"Project","resourceId":"1","metadata":{"name":"Website Redesign 1785864357297","description":"Revamp the marketing site by Q4 2026."},"timestamp":"2026-08-04T17:25:57.306Z"}
{"level":30,"time":1785864357315,"pid":30045,"hostname":"MacBookPro","type":"AUDIT","action":"PROJECT_CREATED","userId":1,"resource":"Project","resourceId":"2","metadata":{"name":"Website Redesign 1785864357297","description":"Revamp the marketing site by Q4 2026."},"timestamp":"2026-08-04T17:25:57.315Z"}
{"level":30,"time":1785864357365,"pid":30045,"hostname":"MacBookPro","type":"AUDIT","action":"USER_REGISTER","userId":1,"resource":"AUTH","resourceId":"1","metadata":{"email":"test_1785864357341@example.com","username":"testuser_1785864357341"},"timestamp":"2026-08-04T17:25:57.365Z"}
{"level":30,"time":1785864357389,"pid":30045,"hostname":"MacBookPro","type":"AUDIT","action":"LOGIN_SUCCESS","userId":1,"resource":"AUTH","resourceId":"1","metadata":{"email":"test_1785864357341@example.com","username":"testuser_1785864357341"},"timestamp":"2026-08-04T17:25:57.389Z"}
{"level":30,"time":1785864357413,"pid":30045,"hostname":"MacBookPro","type":"AUDIT","action":"USER_REGISTER","userId":2,"resource":"AUTH","resourceId":"2","metadata":{"email":"test_1785864357390@example.com","username":"testuser_1785864357390"},"timestamp":"2026-08-04T17:25:57.413Z"}
{"level":30,"time":1785864357439,"pid":30045,"hostname":"MacBookPro","type":"AUDIT","action":"LOGIN_SUCCESS","userId":2,"resource":"AUTH","resourceId":"2","metadata":{"email":"test_1785864357390@example.com","username":"testuser_1785864357390"},"timestamp":"2026-08-04T17:25:57.439Z"}
{"level":30,"time":1785864357448,"pid":30045,"hostname":"MacBookPro","type":"AUDIT","action":"PROJECT_CREATED","userId":1,"resource":"Project","resourceId":"1","metadata":{"name":"Website Redesign 1785864357440","description":"Revamp the marketing site by Q4 2026."},"timestamp":"2026-08-04T17:25:57.448Z"}
{"level":30,"time":1785864357455,"pid":30045,"hostname":"MacBookPro","type":"AUDIT","action":"PROJECT_CREATED","userId":2,"resource":"Project","resourceId":"2","metadata":{"name":"Website Redesign 1785864357440","description":"Revamp the marketing site by Q4 2026."},"timestamp":"2026-08-04T17:25:57.455Z"}
{"level":30,"time":1785864357502,"pid":30045,"hostname":"MacBookPro","type":"AUDIT","action":"USER_REGISTER","userId":1,"resource":"AUTH","resourceId":"1","metadata":{"email":"test_1785864357479@example.com","username":"testuser_1785864357479"},"timestamp":"2026-08-04T17:25:57.502Z"}
{"level":30,"time":1785864357526,"pid":30045,"hostname":"MacBookPro","type":"AUDIT","action":"LOGIN_SUCCESS","userId":1,"resource":"AUTH","resourceId":"1","metadata":{"email":"test_1785864357479@example.com","username":"testuser_1785864357479"},"timestamp":"2026-08-04T17:25:57.526Z"}
{"level":30,"time":1785864357583,"pid":30045,"hostname":"MacBookPro","type":"AUDIT","action":"USER_REGISTER","userId":1,"resource":"AUTH","resourceId":"1","metadata":{"email":"test_1785864357557@example.com","username":"testuser_1785864357557"},"timestamp":"2026-08-04T17:25:57.583Z"}
{"level":30,"time":1785864357608,"pid":30045,"hostname":"MacBookPro","type":"AUDIT","action":"LOGIN_SUCCESS","userId":1,"resource":"AUTH","resourceId":"1","metadata":{"email":"test_1785864357557@example.com","username":"testuser_1785864357557"},"timestamp":"2026-08-04T17:25:57.608Z"}
{"level":30,"time":1785864357662,"pid":30045,"hostname":"MacBookPro","type":"AUDIT","action":"USER_REGISTER","userId":1,"resource":"AUTH","resourceId":"1","metadata":{"email":"test_1785864357636@example.com","username":"testuser_1785864357636"},"timestamp":"2026-08-04T17:25:57.662Z"}
{"level":30,"time":1785864357687,"pid":30045,"hostname":"MacBookPro","type":"AUDIT","action":"LOGIN_SUCCESS","userId":1,"resource":"AUTH","resourceId":"1","metadata":{"email":"test_1785864357636@example.com","username":"testuser_1785864357636"},"timestamp":"2026-08-04T17:25:57.687Z"}
{"level":30,"time":1785864357741,"pid":30045,"hostname":"MacBookPro","type":"AUDIT","action":"USER_REGISTER","userId":1,"resource":"AUTH","resourceId":"1","metadata":{"email":"test_1785864357715@example.com","username":"testuser_1785864357715"},"timestamp":"2026-08-04T17:25:57.741Z"}
{"level":30,"time":1785864357766,"pid":30045,"hostname":"MacBookPro","type":"AUDIT","action":"LOGIN_SUCCESS","userId":1,"resource":"AUTH","resourceId":"1","metadata":{"email":"test_1785864357715@example.com","username":"testuser_1785864357715"},"timestamp":"2026-08-04T17:25:57.766Z"}
{"level":30,"time":1785864357775,"pid":30045,"hostname":"MacBookPro","type":"AUDIT","action":"PROJECT_CREATED","userId":1,"resource":"Project","resourceId":"1","metadata":{"name":"admin'--","description":"Revamp the marketing site by Q4 2026."},"timestamp":"2026-08-04T17:25:57.775Z"}
{"level":30,"time":1785864357827,"pid":30045,"hostname":"MacBookPro","type":"AUDIT","action":"USER_REGISTER","userId":1,"resource":"AUTH","resourceId":"1","metadata":{"email":"test_1785864357802@example.com","username":"testuser_1785864357802"},"timestamp":"2026-08-04T17:25:57.827Z"}
{"level":30,"time":1785864357851,"pid":30045,"hostname":"MacBookPro","type":"AUDIT","action":"LOGIN_SUCCESS","userId":1,"resource":"AUTH","resourceId":"1","metadata":{"email":"test_1785864357802@example.com","username":"testuser_1785864357802"},"timestamp":"2026-08-04T17:25:57.851Z"}
{"level":30,"time":1785864357903,"pid":30045,"hostname":"MacBookPro","type":"AUDIT","action":"USER_REGISTER","userId":1,"resource":"AUTH","resourceId":"1","metadata":{"email":"test_1785864357879@example.com","username":"testuser_1785864357879"},"timestamp":"2026-08-04T17:25:57.903Z"}
{"level":30,"time":1785864357928,"pid":30045,"hostname":"MacBookPro","type":"AUDIT","action":"LOGIN_SUCCESS","userId":1,"resource":"AUTH","resourceId":"1","metadata":{"email":"test_1785864357879@example.com","username":"testuser_1785864357879"},"timestamp":"2026-08-04T17:25:57.928Z"}
{"level":30,"time":1785864357981,"pid":30045,"hostname":"MacBookPro","type":"AUDIT","action":"USER_REGISTER","userId":1,"resource":"AUTH","resourceId":"1","metadata":{"email":"test_1785864357956@example.com","username":"testuser_1785864357956"},"timestamp":"2026-08-04T17:25:57.981Z"}
{"level":30,"time":1785864358005,"pid":30045,"hostname":"MacBookPro","type":"AUDIT","action":"LOGIN_SUCCESS","userId":1,"resource":"AUTH","resourceId":"1","metadata":{"email":"test_1785864357956@example.com","username":"testuser_1785864357956"},"timestamp":"2026-08-04T17:25:58.005Z"}
{"level":30,"time":1785864358070,"pid":30045,"hostname":"MacBookPro","type":"AUDIT","action":"USER_REGISTER","userId":1,"resource":"AUTH","resourceId":"1","metadata":{"email":"test_1785864358046@example.com","username":"testuser_1785864358046"},"timestamp":"2026-08-04T17:25:58.070Z"}
{"level":30,"time":1785864358096,"pid":30045,"hostname":"MacBookPro","type":"AUDIT","action":"LOGIN_SUCCESS","userId":1,"resource":"AUTH","resourceId":"1","metadata":{"email":"test_1785864358046@example.com","username":"testuser_1785864358046"},"timestamp":"2026-08-04T17:25:58.096Z"}
{"level":30,"time":1785865587670,"pid":31541,"hostname":"MacBookPro","msg":"Audit system initialized"}
{"level":30,"time":1785865590310,"pid":31541,"hostname":"MacBookPro","type":"AUDIT","action":"USER_REGISTER","userId":1,"resource":"AUTH","resourceId":"1","metadata":{"email":"test_1785865590216@example.com","username":"testuser_1785865590216"},"timestamp":"2026-08-04T17:46:30.309Z"}
{"level":30,"time":1785865590357,"pid":31541,"hostname":"MacBookPro","type":"AUDIT","action":"LOGIN_SUCCESS","userId":1,"resource":"AUTH","resourceId":"1","metadata":{"email":"test_1785865590216@example.com","username":"testuser_1785865590216"},"timestamp":"2026-08-04T17:46:30.357Z"}
{"level":30,"time":1785865590376,"pid":31541,"hostname":"MacBookPro","type":"AUDIT","action":"PROJECT_CREATED","userId":1,"resource":"Project","resourceId":"1","metadata":{"name":"Website Redesign 1785865590358","description":"Revamp the marketing site by Q4 2026."},"timestamp":"2026-08-04T17:46:30.376Z"}
{"level":30,"time":1785865590390,"pid":31541,"hostname":"MacBookPro","type":"AUDIT","action":"PROJECT_CREATED","userId":1,"resource":"Project","resourceId":"2","metadata":{"name":"Website Redesign 1785865590358","description":"Revamp the marketing site by Q4 2026."},"timestamp":"2026-08-04T17:46:30.390Z"}
{"level":30,"time":1785865863332,"pid":31835,"hostname":"MacBookPro","msg":"Audit system initialized"}
{"level":30,"time":1785865864589,"pid":31835,"hostname":"MacBookPro","type":"AUDIT","action":"USER_REGISTER","userId":1,"resource":"AUTH","resourceId":"1","metadata":{"email":"test_1785865864499@example.com","username":"testuser_1785865864499"},"timestamp":"2026-08-04T17:51:04.589Z"}
{"level":30,"time":1785865864629,"pid":31835,"hostname":"MacBookPro","type":"AUDIT","action":"LOGIN_SUCCESS","userId":1,"resource":"AUTH","resourceId":"1","metadata":{"email":"test_1785865864499@example.com","username":"testuser_1785865864499"},"timestamp":"2026-08-04T17:51:04.629Z"}
{"level":30,"time":1785865864644,"pid":31835,"hostname":"MacBookPro","type":"AUDIT","action":"PROJECT_CREATED","userId":1,"resource":"Project","resourceId":"1","metadata":{"name":"Website Redesign 1785865864630","description":"Revamp the marketing site by Q4 2026."},"timestamp":"2026-08-04T17:51:04.644Z"}
{"level":30,"time":1785865864732,"pid":31835,"hostname":"MacBookPro","type":"AUDIT","action":"USER_REGISTER","userId":1,"resource":"AUTH","resourceId":"1","metadata":{"email":"test_1785865864704@example.com","username":"testuser_1785865864704"},"timestamp":"2026-08-04T17:51:04.732Z"}
{"level":30,"time":1785865864764,"pid":31835,"hostname":"MacBookPro","type":"AUDIT","action":"LOGIN_SUCCESS","userId":1,"resource":"AUTH","resourceId":"1","metadata":{"email":"test_1785865864704@example.com","username":"testuser_1785865864704"},"timestamp":"2026-08-04T17:51:04.764Z"}
{"level":30,"time":1785865864776,"pid":31835,"hostname":"MacBookPro","type":"AUDIT","action":"PROJECT_CREATED","userId":1,"resource":"Project","resourceId":"1","metadata":{"name":"Website Redesign 1785865864765","description":"Revamp the marketing site by Q4 2026."},"timestamp":"2026-08-04T17:51:04.776Z"}
{"level":30,"time":1785865864915,"pid":31835,"hostname":"MacBookPro","type":"AUDIT","action":"USER_REGISTER","userId":1,"resource":"AUTH","resourceId":"1","metadata":{"email":"test_1785865864888@example.com","username":"testuser_1785865864888"},"timestamp":"2026-08-04T17:51:04.915Z"}
{"level":30,"time":1785865864987,"pid":31835,"hostname":"MacBookPro","type":"AUDIT","action":"USER_REGISTER","userId":1,"resource":"AUTH","resourceId":"1","metadata":{"email":"test_1785865864959@example.com","username":"testuser_1785865864959"},"timestamp":"2026-08-04T17:51:04.987Z"}
{"level":30,"time":1785865865016,"pid":31835,"hostname":"MacBookPro","type":"AUDIT","action":"LOGIN_SUCCESS","userId":1,"resource":"AUTH","resourceId":"1","metadata":{"email":"test_1785865864959@example.com","username":"testuser_1785865864959"},"timestamp":"2026-08-04T17:51:05.016Z"}
{"level":30,"time":1785865865080,"pid":31835,"hostname":"MacBookPro","type":"AUDIT","action":"USER_REGISTER","userId":1,"resource":"AUTH","resourceId":"1","metadata":{"email":"test_1785865865052@example.com","username":"testuser_1785865865052"},"timestamp":"2026-08-04T17:51:05.080Z"}
{"level":30,"time":1785865865108,"pid":31835,"hostname":"MacBookPro","type":"AUDIT","action":"LOGIN_SUCCESS","userId":1,"resource":"AUTH","resourceId":"1","metadata":{"email":"test_1785865865052@example.com","username":"testuser_1785865865052"},"timestamp":"2026-08-04T17:51:05.108Z"}
{"level":30,"time":1785865865193,"pid":31835,"hostname":"MacBookPro","type":"AUDIT","action":"USER_REGISTER","userId":1,"resource":"AUTH","resourceId":"1","metadata":{"email":"test_1785865865154@example.com","username":"testuser_1785865865154"},"timestamp":"2026-08-04T17:51:05.193Z"}
{"level":30,"time":1785865865221,"pid":31835,"hostname":"MacBookPro","type":"AUDIT","action":"LOGIN_SUCCESS","userId":1,"resource":"AUTH","resourceId":"1","metadata":{"email":"test_1785865865154@example.com","username":"testuser_1785865865154"},"timestamp":"2026-08-04T17:51:05.221Z"}
{"level":30,"time":1785865865230,"pid":31835,"hostname":"MacBookPro","type":"AUDIT","action":"PROJECT_CREATED","userId":1,"resource":"Project","resourceId":"1","metadata":{"name":"Padded Name 1785865865221","description":"Revamp the marketing site by Q4 2026."},"timestamp":"2026-08-04T17:51:05.230Z"}
{"level":30,"time":1785865865287,"pid":31835,"hostname":"MacBookPro","type":"AUDIT","action":"USER_REGISTER","userId":1,"resource":"AUTH","resourceId":"1","metadata":{"email":"test_1785865865260@example.com","username":"testuser_1785865865260"},"timestamp":"2026-08-04T17:51:05.287Z"}
{"level":30,"time":1785865865312,"pid":31835,"hostname":"MacBookPro","type":"AUDIT","action":"LOGIN_SUCCESS","userId":1,"resource":"AUTH","resourceId":"1","metadata":{"email":"test_1785865865260@example.com","username":"testuser_1785865865260"},"timestamp":"2026-08-04T17:51:05.312Z"}
{"level":30,"time":1785865865376,"pid":31835,"hostname":"MacBookPro","type":"AUDIT","action":"USER_REGISTER","userId":1,"resource":"AUTH","resourceId":"1","metadata":{"email":"test_1785865865349@example.com","username":"testuser_1785865865349"},"timestamp":"2026-08-04T17:51:05.375Z"}
{"level":30,"time":1785865865402,"pid":31835,"hostname":"MacBookPro","type":"AUDIT","action":"LOGIN_SUCCESS","userId":1,"resource":"AUTH","resourceId":"1","metadata":{"email":"test_1785865865349@example.com","username":"testuser_1785865865349"},"timestamp":"2026-08-04T17:51:05.402Z"}
{"level":30,"time":1785865865489,"pid":31835,"hostname":"MacBookPro","type":"AUDIT","action":"USER_REGISTER","userId":1,"resource":"AUTH","resourceId":"1","metadata":{"email":"test_1785865865458@example.com","username":"testuser_1785865865458"},"timestamp":"2026-08-04T17:51:05.488Z"}
{"level":30,"time":1785865865516,"pid":31835,"hostname":"MacBookPro","type":"AUDIT","action":"LOGIN_SUCCESS","userId":1,"resource":"AUTH","resourceId":"1","metadata":{"email":"test_1785865865458@example.com","username":"testuser_1785865865458"},"timestamp":"2026-08-04T17:51:05.516Z"}
{"level":30,"time":1785865865740,"pid":31835,"hostname":"MacBookPro","type":"AUDIT","action":"USER_REGISTER","userId":1,"resource":"AUTH","resourceId":"1","metadata":{"email":"test_1785865865580@example.com","username":"testuser_1785865865580"},"timestamp":"2026-08-04T17:51:05.740Z"}
{"level":30,"time":1785865865879,"pid":31835,"hostname":"MacBookPro","type":"AUDIT","action":"LOGIN_SUCCESS","userId":1,"resource":"AUTH","resourceId":"1","metadata":{"email":"test_1785865865580@example.com","username":"testuser_1785865865580"},"timestamp":"2026-08-04T17:51:05.879Z"}
{"level":30,"time":1785865865978,"pid":31835,"hostname":"MacBookPro","type":"AUDIT","action":"USER_REGISTER","userId":1,"resource":"AUTH","resourceId":"1","metadata":{"email":"test_1785865865951@example.com","username":"testuser_1785865865951"},"timestamp":"2026-08-04T17:51:05.978Z"}
{"level":30,"time":1785865866004,"pid":31835,"hostname":"MacBookPro","type":"AUDIT","action":"LOGIN_SUCCESS","userId":1,"resource":"AUTH","resourceId":"1","metadata":{"email":"test_1785865865951@example.com","username":"testuser_1785865865951"},"timestamp":"2026-08-04T17:51:06.004Z"}
{"level":30,"time":1785865866065,"pid":31835,"hostname":"MacBookPro","type":"AUDIT","action":"USER_REGISTER","userId":1,"resource":"AUTH","resourceId":"1","metadata":{"email":"test_1785865866040@example.com","username":"testuser_1785865866040"},"timestamp":"2026-08-04T17:51:06.065Z"}
{"level":30,"time":1785865866092,"pid":31835,"hostname":"MacBookPro","type":"AUDIT","action":"LOGIN_SUCCESS","userId":1,"resource":"AUTH","resourceId":"1","metadata":{"email":"test_1785865866040@example.com","username":"testuser_1785865866040"},"timestamp":"2026-08-04T17:51:06.092Z"}
{"level":30,"time":1785865866105,"pid":31835,"hostname":"MacBookPro","type":"AUDIT","action":"PROJECT_CREATED","userId":1,"resource":"Project","resourceId":"1","metadata":{"name":"Website Redesign 1785865866093","description":"Revamp the marketing site by Q4 2026."},"timestamp":"2026-08-04T17:51:06.105Z"}
{"level":30,"time":1785865866175,"pid":31835,"hostname":"MacBookPro","type":"AUDIT","action":"USER_REGISTER","userId":1,"resource":"AUTH","resourceId":"1","metadata":{"email":"test_1785865866147@example.com","username":"testuser_1785865866147"},"timestamp":"2026-08-04T17:51:06.175Z"}
{"level":30,"time":1785865866203,"pid":31835,"hostname":"MacBookPro","type":"AUDIT","action":"LOGIN_SUCCESS","userId":1,"resource":"AUTH","resourceId":"1","metadata":{"email":"test_1785865866147@example.com","username":"testuser_1785865866147"},"timestamp":"2026-08-04T17:51:06.203Z"}
{"level":30,"time":1785865866229,"pid":31835,"hostname":"MacBookPro","type":"AUDIT","action":"USER_REGISTER","userId":2,"resource":"AUTH","resourceId":"2","metadata":{"email":"test_1785865866204@example.com","username":"testuser_1785865866204"},"timestamp":"2026-08-04T17:51:06.229Z"}
{"level":30,"time":1785865866255,"pid":31835,"hostname":"MacBookPro","type":"AUDIT","action":"LOGIN_SUCCESS","userId":2,"resource":"AUTH","resourceId":"2","metadata":{"email":"test_1785865866204@example.com","username":"testuser_1785865866204"},"timestamp":"2026-08-04T17:51:06.255Z"}
{"level":30,"time":1785865866264,"pid":31835,"hostname":"MacBookPro","type":"AUDIT","action":"PROJECT_CREATED","userId":1,"resource":"Project","resourceId":"1","metadata":{"name":"Website Redesign 1785865866256","description":"Revamp the marketing site by Q4 2026."},"timestamp":"2026-08-04T17:51:06.264Z"}
{"level":30,"time":1785865866273,"pid":31835,"hostname":"MacBookPro","type":"AUDIT","action":"PROJECT_CREATED","userId":2,"resource":"Project","resourceId":"2","metadata":{"name":"Website Redesign 1785865866256","description":"Revamp the marketing site by Q4 2026."},"timestamp":"2026-08-04T17:51:06.273Z"}
{"level":30,"time":1785865866329,"pid":31835,"hostname":"MacBookPro","type":"AUDIT","action":"USER_REGISTER","userId":1,"resource":"AUTH","resourceId":"1","metadata":{"email":"test_1785865866303@example.com","username":"testuser_1785865866303"},"timestamp":"2026-08-04T17:51:06.329Z"}
{"level":30,"time":1785865866357,"pid":31835,"hostname":"MacBookPro","type":"AUDIT","action":"LOGIN_SUCCESS","userId":1,"resource":"AUTH","resourceId":"1","metadata":{"email":"test_1785865866303@example.com","username":"testuser_1785865866303"},"timestamp":"2026-08-04T17:51:06.357Z"}
{"level":30,"time":1785865866415,"pid":31835,"hostname":"MacBookPro","type":"AUDIT","action":"USER_REGISTER","userId":1,"resource":"AUTH","resourceId":"1","metadata":{"email":"test_1785865866390@example.com","username":"testuser_1785865866390"},"timestamp":"2026-08-04T17:51:06.415Z"}
{"level":30,"time":1785865866442,"pid":31835,"hostname":"MacBookPro","type":"AUDIT","action":"LOGIN_SUCCESS","userId":1,"resource":"AUTH","resourceId":"1","metadata":{"email":"test_1785865866390@example.com","username":"testuser_1785865866390"},"timestamp":"2026-08-04T17:51:06.442Z"}
{"level":30,"time":1785865866509,"pid":31835,"hostname":"MacBookPro","type":"AUDIT","action":"USER_REGISTER","userId":1,"resource":"AUTH","resourceId":"1","metadata":{"email":"test_1785865866483@example.com","username":"testuser_1785865866483"},"timestamp":"2026-08-04T17:51:06.509Z"}
{"level":30,"time":1785865866535,"pid":31835,"hostname":"MacBookPro","type":"AUDIT","action":"LOGIN_SUCCESS","userId":1,"resource":"AUTH","resourceId":"1","metadata":{"email":"test_1785865866483@example.com","username":"testuser_1785865866483"},"timestamp":"2026-08-04T17:51:06.535Z"}
{"level":30,"time":1785865866588,"pid":31835,"hostname":"MacBookPro","type":"AUDIT","action":"USER_REGISTER","userId":1,"resource":"AUTH","resourceId":"1","metadata":{"email":"test_1785865866563@example.com","username":"testuser_1785865866563"},"timestamp":"2026-08-04T17:51:06.588Z"}
{"level":30,"time":1785865866613,"pid":31835,"hostname":"MacBookPro","type":"AUDIT","action":"LOGIN_SUCCESS","userId":1,"resource":"AUTH","resourceId":"1","metadata":{"email":"test_1785865866563@example.com","username":"testuser_1785865866563"},"timestamp":"2026-08-04T17:51:06.613Z"}
{"level":30,"time":1785865866624,"pid":31835,"hostname":"MacBookPro","type":"AUDIT","action":"PROJECT_CREATED","userId":1,"resource":"Project","resourceId":"1","metadata":{"name":"admin'--","description":"Revamp the marketing site by Q4 2026."},"timestamp":"2026-08-04T17:51:06.624Z"}
{"level":30,"time":1785865866679,"pid":31835,"hostname":"MacBookPro","type":"AUDIT","action":"USER_REGISTER","userId":1,"resource":"AUTH","resourceId":"1","metadata":{"email":"test_1785865866653@example.com","username":"testuser_1785865866653"},"timestamp":"2026-08-04T17:51:06.679Z"}
{"level":30,"time":1785865866706,"pid":31835,"hostname":"MacBookPro","type":"AUDIT","action":"LOGIN_SUCCESS","userId":1,"resource":"AUTH","resourceId":"1","metadata":{"email":"test_1785865866653@example.com","username":"testuser_1785865866653"},"timestamp":"2026-08-04T17:51:06.706Z"}
{"level":30,"time":1785865866770,"pid":31835,"hostname":"MacBookPro","type":"AUDIT","action":"USER_REGISTER","userId":1,"resource":"AUTH","resourceId":"1","metadata":{"email":"test_1785865866742@example.com","username":"testuser_1785865866742"},"timestamp":"2026-08-04T17:51:06.770Z"}
{"level":30,"time":1785865866795,"pid":31835,"hostname":"MacBookPro","type":"AUDIT","action":"LOGIN_SUCCESS","userId":1,"resource":"AUTH","resourceId":"1","metadata":{"email":"test_1785865866742@example.com","username":"testuser_1785865866742"},"timestamp":"2026-08-04T17:51:06.795Z"}
{"level":30,"time":1785865866857,"pid":31835,"hostname":"MacBookPro","type":"AUDIT","action":"USER_REGISTER","userId":1,"resource":"AUTH","resourceId":"1","metadata":{"email":"test_1785865866827@example.com","username":"testuser_1785865866827"},"timestamp":"2026-08-04T17:51:06.857Z"}
{"level":30,"time":1785865866905,"pid":31835,"hostname":"MacBookPro","type":"AUDIT","action":"LOGIN_SUCCESS","userId":1,"resource":"AUTH","resourceId":"1","metadata":{"email":"test_1785865866827@example.com","username":"testuser_1785865866827"},"timestamp":"2026-08-04T17:51:06.905Z"}
{"level":30,"time":1785865866989,"pid":31835,"hostname":"MacBookPro","type":"AUDIT","action":"USER_REGISTER","userId":1,"resource":"AUTH","resourceId":"1","metadata":{"email":"test_1785865866956@example.com","username":"testuser_1785865866956"},"timestamp":"2026-08-04T17:51:06.989Z"}
{"level":30,"time":1785865867017,"pid":31835,"hostname":"MacBookPro","type":"AUDIT","action":"LOGIN_SUCCESS","userId":1,"resource":"AUTH","resourceId":"1","metadata":{"email":"test_1785865866956@example.com","username":"testuser_1785865866956"},"timestamp":"2026-08-04T17:51:07.017Z"}
{"level":30,"time":1785873563754,"pid":34089,"hostname":"MacBookPro","msg":"Audit system initialized"}
{"level":30,"time":1785873566737,"pid":34089,"hostname":"MacBookPro","type":"AUDIT","action":"USER_REGISTER","userId":1,"resource":"AUTH","resourceId":"1","metadata":{"email":"test_1785873566551@example.com","username":"testuser_1785873566551"},"timestamp":"2026-08-04T19:59:26.737Z"}
{"level":30,"time":1785873566787,"pid":34089,"hostname":"MacBookPro","type":"AUDIT","action":"LOGIN_SUCCESS","userId":1,"resource":"AUTH","resourceId":"1","metadata":{"email":"test_1785873566551@example.com","username":"testuser_1785873566551"},"timestamp":"2026-08-04T19:59:26.787Z"}
{"level":30,"time":1785873566810,"pid":34089,"hostname":"MacBookPro","type":"AUDIT","action":"PROJECT_CREATED","userId":1,"resource":"Project","resourceId":"1","metadata":{"name":"Website Redesign 1785873566789","description":"Revamp the marketing site by Q4 2026."},"timestamp":"2026-08-04T19:59:26.810Z"}
{"level":30,"time":1785873566990,"pid":34089,"hostname":"MacBookPro","type":"AUDIT","action":"USER_REGISTER","userId":1,"resource":"AUTH","resourceId":"1","metadata":{"email":"test_1785873566955@example.com","username":"testuser_1785873566955"},"timestamp":"2026-08-04T19:59:26.990Z"}
{"level":30,"time":1785873567021,"pid":34089,"hostname":"MacBookPro","type":"AUDIT","action":"LOGIN_SUCCESS","userId":1,"resource":"AUTH","resourceId":"1","metadata":{"email":"test_1785873566955@example.com","username":"testuser_1785873566955"},"timestamp":"2026-08-04T19:59:27.021Z"}
{"level":30,"time":1785873567037,"pid":34089,"hostname":"MacBookPro","type":"AUDIT","action":"PROJECT_CREATED","userId":1,"resource":"Project","resourceId":"1","metadata":{"name":"Website Redesign 1785873567023","description":"Revamp the marketing site by Q4 2026."},"timestamp":"2026-08-04T19:59:27.037Z"}
{"level":30,"time":1785873567250,"pid":34089,"hostname":"MacBookPro","type":"AUDIT","action":"USER_REGISTER","userId":1,"resource":"AUTH","resourceId":"1","metadata":{"email":"test_1785873567221@example.com","username":"testuser_1785873567221"},"timestamp":"2026-08-04T19:59:27.250Z"}
{"level":30,"time":1785873567280,"pid":34089,"hostname":"MacBookPro","type":"AUDIT","action":"LOGIN_SUCCESS","userId":1,"resource":"AUTH","resourceId":"1","metadata":{"email":"test_1785873567221@example.com","username":"testuser_1785873567221"},"timestamp":"2026-08-04T19:59:27.280Z"}
{"level":30,"time":1785873567373,"pid":34089,"hostname":"MacBookPro","type":"AUDIT","action":"USER_REGISTER","userId":1,"resource":"AUTH","resourceId":"1","metadata":{"email":"test_1785873567346@example.com","username":"testuser_1785873567346"},"timestamp":"2026-08-04T19:59:27.373Z"}
{"level":30,"time":1785873567402,"pid":34089,"hostname":"MacBookPro","type":"AUDIT","action":"LOGIN_SUCCESS","userId":1,"resource":"AUTH","resourceId":"1","metadata":{"email":"test_1785873567346@example.com","username":"testuser_1785873567346"},"timestamp":"2026-08-04T19:59:27.402Z"}
{"level":30,"time":1785873567511,"pid":34089,"hostname":"MacBookPro","type":"AUDIT","action":"USER_REGISTER","userId":1,"resource":"AUTH","resourceId":"1","metadata":{"email":"test_1785873567485@example.com","username":"testuser_1785873567485"},"timestamp":"2026-08-04T19:59:27.511Z"}
{"level":30,"time":1785873567545,"pid":34089,"hostname":"MacBookPro","type":"AUDIT","action":"LOGIN_SUCCESS","userId":1,"resource":"AUTH","resourceId":"1","metadata":{"email":"test_1785873567485@example.com","username":"testuser_1785873567485"},"timestamp":"2026-08-04T19:59:27.545Z"}
{"level":30,"time":1785873567692,"pid":34089,"hostname":"MacBookPro","type":"AUDIT","action":"USER_REGISTER","userId":1,"resource":"AUTH","resourceId":"1","metadata":{"email":"test_1785873567664@example.com","username":"testuser_1785873567664"},"timestamp":"2026-08-04T19:59:27.692Z"}
{"level":30,"time":1785873567721,"pid":34089,"hostname":"MacBookPro","type":"AUDIT","action":"LOGIN_SUCCESS","userId":1,"resource":"AUTH","resourceId":"1","metadata":{"email":"test_1785873567664@example.com","username":"testuser_1785873567664"},"timestamp":"2026-08-04T19:59:27.721Z"}
{"level":30,"time":1785873567732,"pid":34089,"hostname":"MacBookPro","type":"AUDIT","action":"PROJECT_CREATED","userId":1,"resource":"Project","resourceId":"1","metadata":{"name":"Padded Name 1785873567722","description":"Revamp the marketing site by Q4 2026."},"timestamp":"2026-08-04T19:59:27.732Z"}
{"level":30,"time":1785873567812,"pid":34089,"hostname":"MacBookPro","type":"AUDIT","action":"USER_REGISTER","userId":1,"resource":"AUTH","resourceId":"1","metadata":{"email":"test_1785873567785@example.com","username":"testuser_1785873567785"},"timestamp":"2026-08-04T19:59:27.812Z"}
{"level":30,"time":1785873567839,"pid":34089,"hostname":"MacBookPro","type":"AUDIT","action":"LOGIN_SUCCESS","userId":1,"resource":"AUTH","resourceId":"1","metadata":{"email":"test_1785873567785@example.com","username":"testuser_1785873567785"},"timestamp":"2026-08-04T19:59:27.839Z"}
{"level":30,"time":1785873567916,"pid":34089,"hostname":"MacBookPro","type":"AUDIT","action":"USER_REGISTER","userId":1,"resource":"AUTH","resourceId":"1","metadata":{"email":"test_1785873567889@example.com","username":"testuser_1785873567889"},"timestamp":"2026-08-04T19:59:27.916Z"}
{"level":30,"time":1785873567943,"pid":34089,"hostname":"MacBookPro","type":"AUDIT","action":"LOGIN_SUCCESS","userId":1,"resource":"AUTH","resourceId":"1","metadata":{"email":"test_1785873567889@example.com","username":"testuser_1785873567889"},"timestamp":"2026-08-04T19:59:27.943Z"}
{"level":30,"time":1785873568192,"pid":34089,"hostname":"MacBookPro","type":"AUDIT","action":"USER_REGISTER","userId":1,"resource":"AUTH","resourceId":"1","metadata":{"email":"test_1785873568154@example.com","username":"testuser_1785873568154"},"timestamp":"2026-08-04T19:59:28.192Z"}
{"level":30,"time":1785873568232,"pid":34089,"hostname":"MacBookPro","type":"AUDIT","action":"LOGIN_SUCCESS","userId":1,"resource":"AUTH","resourceId":"1","metadata":{"email":"test_1785873568154@example.com","username":"testuser_1785873568154"},"timestamp":"2026-08-04T19:59:28.232Z"}
{"level":30,"time":1785873568344,"pid":34089,"hostname":"MacBookPro","type":"AUDIT","action":"USER_REGISTER","userId":1,"resource":"AUTH","resourceId":"1","metadata":{"email":"test_1785873568314@example.com","username":"testuser_1785873568314"},"timestamp":"2026-08-04T19:59:28.344Z"}
{"level":30,"time":1785873568374,"pid":34089,"hostname":"MacBookPro","type":"AUDIT","action":"LOGIN_SUCCESS","userId":1,"resource":"AUTH","resourceId":"1","metadata":{"email":"test_1785873568314@example.com","username":"testuser_1785873568314"},"timestamp":"2026-08-04T19:59:28.374Z"}
{"level":30,"time":1785873568486,"pid":34089,"hostname":"MacBookPro","type":"AUDIT","action":"USER_REGISTER","userId":1,"resource":"AUTH","resourceId":"1","metadata":{"email":"test_1785873568454@example.com","username":"testuser_1785873568454"},"timestamp":"2026-08-04T19:59:28.486Z"}
{"level":30,"time":1785873568515,"pid":34089,"hostname":"MacBookPro","type":"AUDIT","action":"LOGIN_SUCCESS","userId":1,"resource":"AUTH","resourceId":"1","metadata":{"email":"test_1785873568454@example.com","username":"testuser_1785873568454"},"timestamp":"2026-08-04T19:59:28.515Z"}
{"level":30,"time":1785873568591,"pid":34089,"hostname":"MacBookPro","type":"AUDIT","action":"USER_REGISTER","userId":1,"resource":"AUTH","resourceId":"1","metadata":{"email":"test_1785873568565@example.com","username":"testuser_1785873568565"},"timestamp":"2026-08-04T19:59:28.591Z"}
{"level":30,"time":1785873568623,"pid":34089,"hostname":"MacBookPro","type":"AUDIT","action":"LOGIN_SUCCESS","userId":1,"resource":"AUTH","resourceId":"1","metadata":{"email":"test_1785873568565@example.com","username":"testuser_1785873568565"},"timestamp":"2026-08-04T19:59:28.623Z"}
{"level":30,"time":1785873568635,"pid":34089,"hostname":"MacBookPro","type":"AUDIT","action":"PROJECT_CREATED","userId":1,"resource":"Project","resourceId":"1","metadata":{"name":"Website Redesign 1785873568624","description":"Revamp the marketing site by Q4 2026."},"timestamp":"2026-08-04T19:59:28.635Z"}
{"level":30,"time":1785873568713,"pid":34089,"hostname":"MacBookPro","type":"AUDIT","action":"USER_REGISTER","userId":1,"resource":"AUTH","resourceId":"1","metadata":{"email":"test_1785873568687@example.com","username":"testuser_1785873568687"},"timestamp":"2026-08-04T19:59:28.713Z"}
{"level":30,"time":1785873568739,"pid":34089,"hostname":"MacBookPro","type":"AUDIT","action":"LOGIN_SUCCESS","userId":1,"resource":"AUTH","resourceId":"1","metadata":{"email":"test_1785873568687@example.com","username":"testuser_1785873568687"},"timestamp":"2026-08-04T19:59:28.739Z"}
{"level":30,"time":1785873568763,"pid":34089,"hostname":"MacBookPro","type":"AUDIT","action":"USER_REGISTER","userId":2,"resource":"AUTH","resourceId":"2","metadata":{"email":"test_1785873568739@example.com","username":"testuser_1785873568739"},"timestamp":"2026-08-04T19:59:28.763Z"}
{"level":30,"time":1785873568788,"pid":34089,"hostname":"MacBookPro","type":"AUDIT","action":"LOGIN_SUCCESS","userId":2,"resource":"AUTH","resourceId":"2","metadata":{"email":"test_1785873568739@example.com","username":"testuser_1785873568739"},"timestamp":"2026-08-04T19:59:28.788Z"}
{"level":30,"time":1785873568797,"pid":34089,"hostname":"MacBookPro","type":"AUDIT","action":"PROJECT_CREATED","userId":1,"resource":"Project","resourceId":"1","metadata":{"name":"Website Redesign 1785873568789","description":"Revamp the marketing site by Q4 2026."},"timestamp":"2026-08-04T19:59:28.797Z"}
{"level":30,"time":1785873568805,"pid":34089,"hostname":"MacBookPro","type":"AUDIT","action":"PROJECT_CREATED","userId":2,"resource":"Project","resourceId":"2","metadata":{"name":"Website Redesign 1785873568789","description":"Revamp the marketing site by Q4 2026."},"timestamp":"2026-08-04T19:59:28.805Z"}
{"level":30,"time":1785873568872,"pid":34089,"hostname":"MacBookPro","type":"AUDIT","action":"USER_REGISTER","userId":1,"resource":"AUTH","resourceId":"1","metadata":{"email":"test_1785873568847@example.com","username":"testuser_1785873568847"},"timestamp":"2026-08-04T19:59:28.872Z"}
{"level":30,"time":1785873568898,"pid":34089,"hostname":"MacBookPro","type":"AUDIT","action":"LOGIN_SUCCESS","userId":1,"resource":"AUTH","resourceId":"1","metadata":{"email":"test_1785873568847@example.com","username":"testuser_1785873568847"},"timestamp":"2026-08-04T19:59:28.898Z"}
{"level":30,"time":1785873568976,"pid":34089,"hostname":"MacBookPro","type":"AUDIT","action":"USER_REGISTER","userId":1,"resource":"AUTH","resourceId":"1","metadata":{"email":"test_1785873568947@example.com","username":"testuser_1785873568947"},"timestamp":"2026-08-04T19:59:28.976Z"}
{"level":30,"time":1785873569003,"pid":34089,"hostname":"MacBookPro","type":"AUDIT","action":"LOGIN_SUCCESS","userId":1,"resource":"AUTH","resourceId":"1","metadata":{"email":"test_1785873568947@example.com","username":"testuser_1785873568947"},"timestamp":"2026-08-04T19:59:29.003Z"}
{"level":30,"time":1785873569086,"pid":34089,"hostname":"MacBookPro","type":"AUDIT","action":"USER_REGISTER","userId":1,"resource":"AUTH","resourceId":"1","metadata":{"email":"test_1785873569056@example.com","username":"testuser_1785873569056"},"timestamp":"2026-08-04T19:59:29.086Z"}
{"level":30,"time":1785873569115,"pid":34089,"hostname":"MacBookPro","type":"AUDIT","action":"LOGIN_SUCCESS","userId":1,"resource":"AUTH","resourceId":"1","metadata":{"email":"test_1785873569056@example.com","username":"testuser_1785873569056"},"timestamp":"2026-08-04T19:59:29.115Z"}
{"level":30,"time":1785873569178,"pid":34089,"hostname":"MacBookPro","type":"AUDIT","action":"USER_REGISTER","userId":1,"resource":"AUTH","resourceId":"1","metadata":{"email":"test_1785873569151@example.com","username":"testuser_1785873569151"},"timestamp":"2026-08-04T19:59:29.178Z"}
{"level":30,"time":1785873569203,"pid":34089,"hostname":"MacBookPro","type":"AUDIT","action":"LOGIN_SUCCESS","userId":1,"resource":"AUTH","resourceId":"1","metadata":{"email":"test_1785873569151@example.com","username":"testuser_1785873569151"},"timestamp":"2026-08-04T19:59:29.203Z"}
{"level":30,"time":1785873569214,"pid":34089,"hostname":"MacBookPro","type":"AUDIT","action":"PROJECT_CREATED","userId":1,"resource":"Project","resourceId":"1","metadata":{"name":"admin'--","description":"Revamp the marketing site by Q4 2026."},"timestamp":"2026-08-04T19:59:29.214Z"}
{"level":30,"time":1785873569275,"pid":34089,"hostname":"MacBookPro","type":"AUDIT","action":"USER_REGISTER","userId":1,"resource":"AUTH","resourceId":"1","metadata":{"email":"test_1785873569249@example.com","username":"testuser_1785873569249"},"timestamp":"2026-08-04T19:59:29.275Z"}
{"level":30,"time":1785873569300,"pid":34089,"hostname":"MacBookPro","type":"AUDIT","action":"LOGIN_SUCCESS","userId":1,"resource":"AUTH","resourceId":"1","metadata":{"email":"test_1785873569249@example.com","username":"testuser_1785873569249"},"timestamp":"2026-08-04T19:59:29.300Z"}
{"level":30,"time":1785873569367,"pid":34089,"hostname":"MacBookPro","type":"AUDIT","action":"USER_REGISTER","userId":1,"resource":"AUTH","resourceId":"1","metadata":{"email":"test_1785873569341@example.com","username":"testuser_1785873569341"},"timestamp":"2026-08-04T19:59:29.367Z"}
{"level":30,"time":1785873569394,"pid":34089,"hostname":"MacBookPro","type":"AUDIT","action":"LOGIN_SUCCESS","userId":1,"resource":"AUTH","resourceId":"1","metadata":{"email":"test_1785873569341@example.com","username":"testuser_1785873569341"},"timestamp":"2026-08-04T19:59:29.394Z"}
{"level":30,"time":1785873569474,"pid":34089,"hostname":"MacBookPro","type":"AUDIT","action":"USER_REGISTER","userId":1,"resource":"AUTH","resourceId":"1","metadata":{"email":"test_1785873569442@example.com","username":"testuser_1785873569442"},"timestamp":"2026-08-04T19:59:29.474Z"}
{"level":30,"time":1785873569503,"pid":34089,"hostname":"MacBookPro","type":"AUDIT","action":"LOGIN_SUCCESS","userId":1,"resource":"AUTH","resourceId":"1","metadata":{"email":"test_1785873569442@example.com","username":"testuser_1785873569442"},"timestamp":"2026-08-04T19:59:29.503Z"}
{"level":30,"time":1785873569580,"pid":34089,"hostname":"MacBookPro","type":"AUDIT","action":"USER_REGISTER","userId":1,"resource":"AUTH","resourceId":"1","metadata":{"email":"test_1785873569551@example.com","username":"testuser_1785873569551"},"timestamp":"2026-08-04T19:59:29.580Z"}
{"level":30,"time":1785873569608,"pid":34089,"hostname":"MacBookPro","type":"AUDIT","action":"LOGIN_SUCCESS","userId":1,"resource":"AUTH","resourceId":"1","metadata":{"email":"test_1785873569551@example.com","username":"testuser_1785873569551"},"timestamp":"2026-08-04T19:59:29.608Z"}
{"level":30,"time":1785877598056,"pid":34586,"hostname":"MacBookPro","msg":"Audit system initialized"}
{"level":30,"time":1785877599588,"pid":34586,"hostname":"MacBookPro","type":"AUDIT","action":"USER_REGISTER","userId":1,"resource":"AUTH","resourceId":"1","metadata":{"email":"test_1785877599457@example.com","username":"testuser_1785877599457"},"timestamp":"2026-08-04T21:06:39.588Z"}
{"level":30,"time":1785877599631,"pid":34586,"hostname":"MacBookPro","type":"AUDIT","action":"LOGIN_SUCCESS","userId":1,"resource":"AUTH","resourceId":"1","metadata":{"email":"test_1785877599457@example.com","username":"testuser_1785877599457"},"timestamp":"2026-08-04T21:06:39.631Z"}
{"level":30,"time":1785877599652,"pid":34586,"hostname":"MacBookPro","type":"AUDIT","action":"PROJECT_CREATED","userId":1,"resource":"Project","resourceId":"1","metadata":{"name":"Website Redesign 1785877599633","description":"Revamp the marketing site by Q4 2026."},"timestamp":"2026-08-04T21:06:39.652Z"}
{"level":30,"time":1785877599846,"pid":34586,"hostname":"MacBookPro","type":"AUDIT","action":"USER_REGISTER","userId":1,"resource":"AUTH","resourceId":"1","metadata":{"email":"test_1785877599802@example.com","username":"testuser_1785877599802"},"timestamp":"2026-08-04T21:06:39.846Z"}
{"level":30,"time":1785877599890,"pid":34586,"hostname":"MacBookPro","type":"AUDIT","action":"LOGIN_SUCCESS","userId":1,"resource":"AUTH","resourceId":"1","metadata":{"email":"test_1785877599802@example.com","username":"testuser_1785877599802"},"timestamp":"2026-08-04T21:06:39.890Z"}
{"level":30,"time":1785877599913,"pid":34586,"hostname":"MacBookPro","type":"AUDIT","action":"PROJECT_CREATED","userId":1,"resource":"Project","resourceId":"1","metadata":{"name":"Website Redesign 1785877599891","description":"Revamp the marketing site by Q4 2026."},"timestamp":"2026-08-04T21:06:39.913Z"}
{"level":30,"time":1785877600289,"pid":34586,"hostname":"MacBookPro","type":"AUDIT","action":"USER_REGISTER","userId":1,"resource":"AUTH","resourceId":"1","metadata":{"email":"test_1785877600255@example.com","username":"testuser_1785877600255"},"timestamp":"2026-08-04T21:06:40.289Z"}
{"level":30,"time":1785877600324,"pid":34586,"hostname":"MacBookPro","type":"AUDIT","action":"LOGIN_SUCCESS","userId":1,"resource":"AUTH","resourceId":"1","metadata":{"email":"test_1785877600255@example.com","username":"testuser_1785877600255"},"timestamp":"2026-08-04T21:06:40.324Z"}
{"level":30,"time":1785877600494,"pid":34586,"hostname":"MacBookPro","type":"AUDIT","action":"USER_REGISTER","userId":1,"resource":"AUTH","resourceId":"1","metadata":{"email":"test_1785877600451@example.com","username":"testuser_1785877600451"},"timestamp":"2026-08-04T21:06:40.494Z"}
{"level":30,"time":1785877600527,"pid":34586,"hostname":"MacBookPro","type":"AUDIT","action":"LOGIN_SUCCESS","userId":1,"resource":"AUTH","resourceId":"1","metadata":{"email":"test_1785877600451@example.com","username":"testuser_1785877600451"},"timestamp":"2026-08-04T21:06:40.527Z"}
{"level":30,"time":1785877600643,"pid":34586,"hostname":"MacBookPro","type":"AUDIT","action":"USER_REGISTER","userId":1,"resource":"AUTH","resourceId":"1","metadata":{"email":"test_1785877600610@example.com","username":"testuser_1785877600610"},"timestamp":"2026-08-04T21:06:40.643Z"}
{"level":30,"time":1785877600674,"pid":34586,"hostname":"MacBookPro","type":"AUDIT","action":"LOGIN_SUCCESS","userId":1,"resource":"AUTH","resourceId":"1","metadata":{"email":"test_1785877600610@example.com","username":"testuser_1785877600610"},"timestamp":"2026-08-04T21:06:40.674Z"}
{"level":30,"time":1785877600773,"pid":34586,"hostname":"MacBookPro","type":"AUDIT","action":"USER_REGISTER","userId":1,"resource":"AUTH","resourceId":"1","metadata":{"email":"test_1785877600743@example.com","username":"testuser_1785877600743"},"timestamp":"2026-08-04T21:06:40.773Z"}
{"level":30,"time":1785877600802,"pid":34586,"hostname":"MacBookPro","type":"AUDIT","action":"LOGIN_SUCCESS","userId":1,"resource":"AUTH","resourceId":"1","metadata":{"email":"test_1785877600743@example.com","username":"testuser_1785877600743"},"timestamp":"2026-08-04T21:06:40.802Z"}
{"level":30,"time":1785877600813,"pid":34586,"hostname":"MacBookPro","type":"AUDIT","action":"PROJECT_CREATED","userId":1,"resource":"Project","resourceId":"1","metadata":{"name":"Padded Name 1785877600803","description":"Revamp the marketing site by Q4 2026."},"timestamp":"2026-08-04T21:06:40.813Z"}
{"level":30,"time":1785877600890,"pid":34586,"hostname":"MacBookPro","type":"AUDIT","action":"USER_REGISTER","userId":1,"resource":"AUTH","resourceId":"1","metadata":{"email":"test_1785877600863@example.com","username":"testuser_1785877600863"},"timestamp":"2026-08-04T21:06:40.890Z"}
{"level":30,"time":1785877600918,"pid":34586,"hostname":"MacBookPro","type":"AUDIT","action":"LOGIN_SUCCESS","userId":1,"resource":"AUTH","resourceId":"1","metadata":{"email":"test_1785877600863@example.com","username":"testuser_1785877600863"},"timestamp":"2026-08-04T21:06:40.918Z"}
{"level":30,"time":1785877601012,"pid":34586,"hostname":"MacBookPro","type":"AUDIT","action":"USER_REGISTER","userId":1,"resource":"AUTH","resourceId":"1","metadata":{"email":"test_1785877600984@example.com","username":"testuser_1785877600984"},"timestamp":"2026-08-04T21:06:41.012Z"}
{"level":30,"time":1785877601041,"pid":34586,"hostname":"MacBookPro","type":"AUDIT","action":"LOGIN_SUCCESS","userId":1,"resource":"AUTH","resourceId":"1","metadata":{"email":"test_1785877600984@example.com","username":"testuser_1785877600984"},"timestamp":"2026-08-04T21:06:41.041Z"}
{"level":30,"time":1785877601053,"pid":34586,"hostname":"MacBookPro","type":"AUDIT","action":"PROJECT_CREATED","userId":1,"resource":"Project","resourceId":"1","metadata":{"name":"Website Redesign 1785877601042","description":"Launch by March 15, 2027 - budget is $10,000!"},"timestamp":"2026-08-04T21:06:41.053Z"}
{"level":30,"time":1785877601128,"pid":34586,"hostname":"MacBookPro","type":"AUDIT","action":"USER_REGISTER","userId":1,"resource":"AUTH","resourceId":"1","metadata":{"email":"test_1785877601100@example.com","username":"testuser_1785877601100"},"timestamp":"2026-08-04T21:06:41.128Z"}
{"level":30,"time":1785877601156,"pid":34586,"hostname":"MacBookPro","type":"AUDIT","action":"LOGIN_SUCCESS","userId":1,"resource":"AUTH","resourceId":"1","metadata":{"email":"test_1785877601100@example.com","username":"testuser_1785877601100"},"timestamp":"2026-08-04T21:06:41.156Z"}
{"level":30,"time":1785877601234,"pid":34586,"hostname":"MacBookPro","type":"AUDIT","action":"USER_REGISTER","userId":1,"resource":"AUTH","resourceId":"1","metadata":{"email":"test_1785877601206@example.com","username":"testuser_1785877601206"},"timestamp":"2026-08-04T21:06:41.234Z"}
{"level":30,"time":1785877601263,"pid":34586,"hostname":"MacBookPro","type":"AUDIT","action":"LOGIN_SUCCESS","userId":1,"resource":"AUTH","resourceId":"1","metadata":{"email":"test_1785877601206@example.com","username":"testuser_1785877601206"},"timestamp":"2026-08-04T21:06:41.263Z"}
{"level":30,"time":1785877601346,"pid":34586,"hostname":"MacBookPro","type":"AUDIT","action":"USER_REGISTER","userId":1,"resource":"AUTH","resourceId":"1","metadata":{"email":"test_1785877601316@example.com","username":"testuser_1785877601316"},"timestamp":"2026-08-04T21:06:41.346Z"}
{"level":30,"time":1785877601376,"pid":34586,"hostname":"MacBookPro","type":"AUDIT","action":"LOGIN_SUCCESS","userId":1,"resource":"AUTH","resourceId":"1","metadata":{"email":"test_1785877601316@example.com","username":"testuser_1785877601316"},"timestamp":"2026-08-04T21:06:41.376Z"}
{"level":30,"time":1785877601450,"pid":34586,"hostname":"MacBookPro","type":"AUDIT","action":"USER_REGISTER","userId":1,"resource":"AUTH","resourceId":"1","metadata":{"email":"test_1785877601423@example.com","username":"testuser_1785877601423"},"timestamp":"2026-08-04T21:06:41.450Z"}
{"level":30,"time":1785877601481,"pid":34586,"hostname":"MacBookPro","type":"AUDIT","action":"LOGIN_SUCCESS","userId":1,"resource":"AUTH","resourceId":"1","metadata":{"email":"test_1785877601423@example.com","username":"testuser_1785877601423"},"timestamp":"2026-08-04T21:06:41.481Z"}
{"level":30,"time":1785877601492,"pid":34586,"hostname":"MacBookPro","type":"AUDIT","action":"PROJECT_CREATED","userId":1,"resource":"Project","resourceId":"1","metadata":{"name":"Website Redesign 1785877601482","description":"Revamp the marketing site by Q4 2026."},"timestamp":"2026-08-04T21:06:41.492Z"}
{"level":30,"time":1785877601592,"pid":34586,"hostname":"MacBookPro","type":"AUDIT","action":"USER_REGISTER","userId":1,"resource":"AUTH","resourceId":"1","metadata":{"email":"test_1785877601563@example.com","username":"testuser_1785877601563"},"timestamp":"2026-08-04T21:06:41.592Z"}
{"level":30,"time":1785877601621,"pid":34586,"hostname":"MacBookPro","type":"AUDIT","action":"LOGIN_SUCCESS","userId":1,"resource":"AUTH","resourceId":"1","metadata":{"email":"test_1785877601563@example.com","username":"testuser_1785877601563"},"timestamp":"2026-08-04T21:06:41.621Z"}
{"level":30,"time":1785877601650,"pid":34586,"hostname":"MacBookPro","type":"AUDIT","action":"USER_REGISTER","userId":2,"resource":"AUTH","resourceId":"2","metadata":{"email":"test_1785877601622@example.com","username":"testuser_1785877601622"},"timestamp":"2026-08-04T21:06:41.650Z"}
{"level":30,"time":1785877601678,"pid":34586,"hostname":"MacBookPro","type":"AUDIT","action":"LOGIN_SUCCESS","userId":2,"resource":"AUTH","resourceId":"2","metadata":{"email":"test_1785877601622@example.com","username":"testuser_1785877601622"},"timestamp":"2026-08-04T21:06:41.678Z"}
{"level":30,"time":1785877601689,"pid":34586,"hostname":"MacBookPro","type":"AUDIT","action":"PROJECT_CREATED","userId":1,"resource":"Project","resourceId":"1","metadata":{"name":"Website Redesign 1785877601679","description":"Revamp the marketing site by Q4 2026."},"timestamp":"2026-08-04T21:06:41.689Z"}
{"level":30,"time":1785877601699,"pid":34586,"hostname":"MacBookPro","type":"AUDIT","action":"PROJECT_CREATED","userId":2,"resource":"Project","resourceId":"2","metadata":{"name":"Website Redesign 1785877601679","description":"Revamp the marketing site by Q4 2026."},"timestamp":"2026-08-04T21:06:41.699Z"}
{"level":30,"time":1785877601770,"pid":34586,"hostname":"MacBookPro","type":"AUDIT","action":"USER_REGISTER","userId":1,"resource":"AUTH","resourceId":"1","metadata":{"email":"test_1785877601743@example.com","username":"testuser_1785877601743"},"timestamp":"2026-08-04T21:06:41.770Z"}
{"level":30,"time":1785877601799,"pid":34586,"hostname":"MacBookPro","type":"AUDIT","action":"LOGIN_SUCCESS","userId":1,"resource":"AUTH","resourceId":"1","metadata":{"email":"test_1785877601743@example.com","username":"testuser_1785877601743"},"timestamp":"2026-08-04T21:06:41.799Z"}
{"level":30,"time":1785877601874,"pid":34586,"hostname":"MacBookPro","type":"AUDIT","action":"USER_REGISTER","userId":1,"resource":"AUTH","resourceId":"1","metadata":{"email":"test_1785877601848@example.com","username":"testuser_1785877601848"},"timestamp":"2026-08-04T21:06:41.874Z"}
{"level":30,"time":1785877601902,"pid":34586,"hostname":"MacBookPro","type":"AUDIT","action":"LOGIN_SUCCESS","userId":1,"resource":"AUTH","resourceId":"1","metadata":{"email":"test_1785877601848@example.com","username":"testuser_1785877601848"},"timestamp":"2026-08-04T21:06:41.902Z"}
{"level":30,"time":1785877601970,"pid":34586,"hostname":"MacBookPro","type":"AUDIT","action":"USER_REGISTER","userId":1,"resource":"AUTH","resourceId":"1","metadata":{"email":"test_1785877601940@example.com","username":"testuser_1785877601940"},"timestamp":"2026-08-04T21:06:41.970Z"}
{"level":30,"time":1785877601996,"pid":34586,"hostname":"MacBookPro","type":"AUDIT","action":"LOGIN_SUCCESS","userId":1,"resource":"AUTH","resourceId":"1","metadata":{"email":"test_1785877601940@example.com","username":"testuser_1785877601940"},"timestamp":"2026-08-04T21:06:41.996Z"}
{"level":30,"time":1785877602079,"pid":34586,"hostname":"MacBookPro","type":"AUDIT","action":"USER_REGISTER","userId":1,"resource":"AUTH","resourceId":"1","metadata":{"email":"test_1785877602048@example.com","username":"testuser_1785877602048"},"timestamp":"2026-08-04T21:06:42.079Z"}
{"level":30,"time":1785877602109,"pid":34586,"hostname":"MacBookPro","type":"AUDIT","action":"LOGIN_SUCCESS","userId":1,"resource":"AUTH","resourceId":"1","metadata":{"email":"test_1785877602048@example.com","username":"testuser_1785877602048"},"timestamp":"2026-08-04T21:06:42.109Z"}
{"level":30,"time":1785877602123,"pid":34586,"hostname":"MacBookPro","type":"AUDIT","action":"PROJECT_CREATED","userId":1,"resource":"Project","resourceId":"1","metadata":{"name":"admin'--","description":"Revamp the marketing site by Q4 2026."},"timestamp":"2026-08-04T21:06:42.123Z"}
{"level":30,"time":1785877602197,"pid":34586,"hostname":"MacBookPro","type":"AUDIT","action":"USER_REGISTER","userId":1,"resource":"AUTH","resourceId":"1","metadata":{"email":"test_1785877602164@example.com","username":"testuser_1785877602164"},"timestamp":"2026-08-04T21:06:42.197Z"}
{"level":30,"time":1785877602224,"pid":34586,"hostname":"MacBookPro","type":"AUDIT","action":"LOGIN_SUCCESS","userId":1,"resource":"AUTH","resourceId":"1","metadata":{"email":"test_1785877602164@example.com","username":"testuser_1785877602164"},"timestamp":"2026-08-04T21:06:42.224Z"}
{"level":30,"time":1785877602291,"pid":34586,"hostname":"MacBookPro","type":"AUDIT","action":"USER_REGISTER","userId":1,"resource":"AUTH","resourceId":"1","metadata":{"email":"test_1785877602264@example.com","username":"testuser_1785877602264"},"timestamp":"2026-08-04T21:06:42.291Z"}
{"level":30,"time":1785877602319,"pid":34586,"hostname":"MacBookPro","type":"AUDIT","action":"LOGIN_SUCCESS","userId":1,"resource":"AUTH","resourceId":"1","metadata":{"email":"test_1785877602264@example.com","username":"testuser_1785877602264"},"timestamp":"2026-08-04T21:06:42.319Z"}
{"level":30,"time":1785877602386,"pid":34586,"hostname":"MacBookPro","type":"AUDIT","action":"USER_REGISTER","userId":1,"resource":"AUTH","resourceId":"1","metadata":{"email":"test_1785877602357@example.com","username":"testuser_1785877602357"},"timestamp":"2026-08-04T21:06:42.386Z"}
{"level":30,"time":1785877602412,"pid":34586,"hostname":"MacBookPro","type":"AUDIT","action":"LOGIN_SUCCESS","userId":1,"resource":"AUTH","resourceId":"1","metadata":{"email":"test_1785877602357@example.com","username":"testuser_1785877602357"},"timestamp":"2026-08-04T21:06:42.412Z"}
{"level":30,"time":1785877602487,"pid":34586,"hostname":"MacBookPro","type":"AUDIT","action":"USER_REGISTER","userId":1,"resource":"AUTH","resourceId":"1","metadata":{"email":"test_1785877602460@example.com","username":"testuser_1785877602460"},"timestamp":"2026-08-04T21:06:42.487Z"}
{"level":30,"time":1785877602513,"pid":34586,"hostname":"MacBookPro","type":"AUDIT","action":"LOGIN_SUCCESS","userId":1,"resource":"AUTH","resourceId":"1","metadata":{"email":"test_1785877602460@example.com","username":"testuser_1785877602460"},"timestamp":"2026-08-04T21:06:42.513Z"}
{"level":30,"time":1785877724903,"pid":35013,"hostname":"MacBookPro","msg":"Audit system initialized"}
{"level":30,"time":1785877727206,"pid":35013,"hostname":"MacBookPro","type":"AUDIT","action":"USER_REGISTER","userId":1,"resource":"AUTH","resourceId":"1","metadata":{"email":"test_1785877727111@example.com","username":"testuser_1785877727111"},"timestamp":"2026-08-04T21:08:47.206Z"}
{"level":30,"time":1785877727251,"pid":35013,"hostname":"MacBookPro","type":"AUDIT","action":"LOGIN_SUCCESS","userId":1,"resource":"AUTH","resourceId":"1","metadata":{"email":"test_1785877727111@example.com","username":"testuser_1785877727111"},"timestamp":"2026-08-04T21:08:47.251Z"}
{"level":30,"time":1785877727268,"pid":35013,"hostname":"MacBookPro","type":"AUDIT","action":"PROJECT_CREATED","userId":1,"resource":"Project","resourceId":"1","metadata":{"name":"Website Redesign 1785877727252","description":"Revamp the marketing site by Q4 2026."},"timestamp":"2026-08-04T21:08:47.268Z"}
{"level":30,"time":1785877727409,"pid":35013,"hostname":"MacBookPro","type":"AUDIT","action":"USER_REGISTER","userId":1,"resource":"AUTH","resourceId":"1","metadata":{"email":"test_1785877727381@example.com","username":"testuser_1785877727381"},"timestamp":"2026-08-04T21:08:47.409Z"}
{"level":30,"time":1785877727441,"pid":35013,"hostname":"MacBookPro","type":"AUDIT","action":"LOGIN_SUCCESS","userId":1,"resource":"AUTH","resourceId":"1","metadata":{"email":"test_1785877727381@example.com","username":"testuser_1785877727381"},"timestamp":"2026-08-04T21:08:47.441Z"}
{"level":30,"time":1785877727458,"pid":35013,"hostname":"MacBookPro","type":"AUDIT","action":"PROJECT_CREATED","userId":1,"resource":"Project","resourceId":"1","metadata":{"name":"Website Redesign 1785877727443","description":"Revamp the marketing site by Q4 2026."},"timestamp":"2026-08-04T21:08:47.458Z"}
{"level":30,"time":1785877727692,"pid":35013,"hostname":"MacBookPro","type":"AUDIT","action":"USER_REGISTER","userId":1,"resource":"AUTH","resourceId":"1","metadata":{"email":"test_1785877727656@example.com","username":"testuser_1785877727656"},"timestamp":"2026-08-04T21:08:47.692Z"}
{"level":30,"time":1785877727724,"pid":35013,"hostname":"MacBookPro","type":"AUDIT","action":"LOGIN_SUCCESS","userId":1,"resource":"AUTH","resourceId":"1","metadata":{"email":"test_1785877727656@example.com","username":"testuser_1785877727656"},"timestamp":"2026-08-04T21:08:47.724Z"}
{"level":30,"time":1785877727921,"pid":35013,"hostname":"MacBookPro","type":"AUDIT","action":"USER_REGISTER","userId":1,"resource":"AUTH","resourceId":"1","metadata":{"email":"test_1785877727889@example.com","username":"testuser_1785877727889"},"timestamp":"2026-08-04T21:08:47.921Z"}
{"level":30,"time":1785877727949,"pid":35013,"hostname":"MacBookPro","type":"AUDIT","action":"LOGIN_SUCCESS","userId":1,"resource":"AUTH","resourceId":"1","metadata":{"email":"test_1785877727889@example.com","username":"testuser_1785877727889"},"timestamp":"2026-08-04T21:08:47.949Z"}
{"level":30,"time":1785877728037,"pid":35013,"hostname":"MacBookPro","type":"AUDIT","action":"USER_REGISTER","userId":1,"resource":"AUTH","resourceId":"1","metadata":{"email":"test_1785877728010@example.com","username":"testuser_1785877728010"},"timestamp":"2026-08-04T21:08:48.037Z"}
{"level":30,"time":1785877728065,"pid":35013,"hostname":"MacBookPro","type":"AUDIT","action":"LOGIN_SUCCESS","userId":1,"resource":"AUTH","resourceId":"1","metadata":{"email":"test_1785877728010@example.com","username":"testuser_1785877728010"},"timestamp":"2026-08-04T21:08:48.065Z"}
{"level":30,"time":1785877728142,"pid":35013,"hostname":"MacBookPro","type":"AUDIT","action":"USER_REGISTER","userId":1,"resource":"AUTH","resourceId":"1","metadata":{"email":"test_1785877728116@example.com","username":"testuser_1785877728116"},"timestamp":"2026-08-04T21:08:48.142Z"}
{"level":30,"time":1785877728171,"pid":35013,"hostname":"MacBookPro","type":"AUDIT","action":"LOGIN_SUCCESS","userId":1,"resource":"AUTH","resourceId":"1","metadata":{"email":"test_1785877728116@example.com","username":"testuser_1785877728116"},"timestamp":"2026-08-04T21:08:48.171Z"}
{"level":30,"time":1785877728183,"pid":35013,"hostname":"MacBookPro","type":"AUDIT","action":"PROJECT_CREATED","userId":1,"resource":"Project","resourceId":"1","metadata":{"name":"Padded Name 1785877728172","description":"Revamp the marketing site by Q4 2026."},"timestamp":"2026-08-04T21:08:48.183Z"}
{"level":30,"time":1785877728263,"pid":35013,"hostname":"MacBookPro","type":"AUDIT","action":"USER_REGISTER","userId":1,"resource":"AUTH","resourceId":"1","metadata":{"email":"test_1785877728235@example.com","username":"testuser_1785877728235"},"timestamp":"2026-08-04T21:08:48.263Z"}
{"level":30,"time":1785877728291,"pid":35013,"hostname":"MacBookPro","type":"AUDIT","action":"LOGIN_SUCCESS","userId":1,"resource":"AUTH","resourceId":"1","metadata":{"email":"test_1785877728235@example.com","username":"testuser_1785877728235"},"timestamp":"2026-08-04T21:08:48.291Z"}
{"level":30,"time":1785877728383,"pid":35013,"hostname":"MacBookPro","type":"AUDIT","action":"USER_REGISTER","userId":1,"resource":"AUTH","resourceId":"1","metadata":{"email":"test_1785877728354@example.com","username":"testuser_1785877728354"},"timestamp":"2026-08-04T21:08:48.383Z"}
{"level":30,"time":1785877728410,"pid":35013,"hostname":"MacBookPro","type":"AUDIT","action":"LOGIN_SUCCESS","userId":1,"resource":"AUTH","resourceId":"1","metadata":{"email":"test_1785877728354@example.com","username":"testuser_1785877728354"},"timestamp":"2026-08-04T21:08:48.410Z"}
{"level":30,"time":1785877728422,"pid":35013,"hostname":"MacBookPro","type":"AUDIT","action":"PROJECT_CREATED","userId":1,"resource":"Project","resourceId":"1","metadata":{"name":"Website Redesign 1785877728412","description":"Launch by March 15, 2027 - budget is $10,000!"},"timestamp":"2026-08-04T21:08:48.422Z"}
{"level":30,"time":1785877728498,"pid":35013,"hostname":"MacBookPro","type":"AUDIT","action":"USER_REGISTER","userId":1,"resource":"AUTH","resourceId":"1","metadata":{"email":"test_1785877728471@example.com","username":"testuser_1785877728471"},"timestamp":"2026-08-04T21:08:48.498Z"}
{"level":30,"time":1785877728524,"pid":35013,"hostname":"MacBookPro","type":"AUDIT","action":"LOGIN_SUCCESS","userId":1,"resource":"AUTH","resourceId":"1","metadata":{"email":"test_1785877728471@example.com","username":"testuser_1785877728471"},"timestamp":"2026-08-04T21:08:48.524Z"}
{"level":30,"time":1785877728607,"pid":35013,"hostname":"MacBookPro","type":"AUDIT","action":"USER_REGISTER","userId":1,"resource":"AUTH","resourceId":"1","metadata":{"email":"test_1785877728580@example.com","username":"testuser_1785877728579"},"timestamp":"2026-08-04T21:08:48.607Z"}
{"level":30,"time":1785877728786,"pid":35013,"hostname":"MacBookPro","type":"AUDIT","action":"LOGIN_SUCCESS","userId":1,"resource":"AUTH","resourceId":"1","metadata":{"email":"test_1785877728580@example.com","username":"testuser_1785877728579"},"timestamp":"2026-08-04T21:08:48.786Z"}
{"level":30,"time":1785877728859,"pid":35013,"hostname":"MacBookPro","type":"AUDIT","action":"USER_REGISTER","userId":1,"resource":"AUTH","resourceId":"1","metadata":{"email":"test_1785877728833@example.com","username":"testuser_1785877728833"},"timestamp":"2026-08-04T21:08:48.859Z"}
{"level":30,"time":1785877728887,"pid":35013,"hostname":"MacBookPro","type":"AUDIT","action":"LOGIN_SUCCESS","userId":1,"resource":"AUTH","resourceId":"1","metadata":{"email":"test_1785877728833@example.com","username":"testuser_1785877728833"},"timestamp":"2026-08-04T21:08:48.887Z"}
{"level":30,"time":1785877728974,"pid":35013,"hostname":"MacBookPro","type":"AUDIT","action":"USER_REGISTER","userId":1,"resource":"AUTH","resourceId":"1","metadata":{"email":"test_1785877728943@example.com","username":"testuser_1785877728943"},"timestamp":"2026-08-04T21:08:48.974Z"}
{"level":30,"time":1785877729004,"pid":35013,"hostname":"MacBookPro","type":"AUDIT","action":"LOGIN_SUCCESS","userId":1,"resource":"AUTH","resourceId":"1","metadata":{"email":"test_1785877728943@example.com","username":"testuser_1785877728943"},"timestamp":"2026-08-04T21:08:49.004Z"}
{"level":30,"time":1785877729014,"pid":35013,"hostname":"MacBookPro","type":"AUDIT","action":"PROJECT_CREATED","userId":1,"resource":"Project","resourceId":"1","metadata":{"name":"Website Redesign 1785877729005","description":"Revamp the marketing site by Q4 2026."},"timestamp":"2026-08-04T21:08:49.014Z"}
{"level":30,"time":1785877729198,"pid":35013,"hostname":"MacBookPro","type":"AUDIT","action":"USER_REGISTER","userId":1,"resource":"AUTH","resourceId":"1","metadata":{"email":"test_1785877729158@example.com","username":"testuser_1785877729158"},"timestamp":"2026-08-04T21:08:49.198Z"}
{"level":30,"time":1785877729230,"pid":35013,"hostname":"MacBookPro","type":"AUDIT","action":"LOGIN_SUCCESS","userId":1,"resource":"AUTH","resourceId":"1","metadata":{"email":"test_1785877729158@example.com","username":"testuser_1785877729158"},"timestamp":"2026-08-04T21:08:49.230Z"}
{"level":30,"time":1785877729260,"pid":35013,"hostname":"MacBookPro","type":"AUDIT","action":"USER_REGISTER","userId":2,"resource":"AUTH","resourceId":"2","metadata":{"email":"test_1785877729231@example.com","username":"testuser_1785877729231"},"timestamp":"2026-08-04T21:08:49.260Z"}
{"level":30,"time":1785877729292,"pid":35013,"hostname":"MacBookPro","type":"AUDIT","action":"LOGIN_SUCCESS","userId":2,"resource":"AUTH","resourceId":"2","metadata":{"email":"test_1785877729231@example.com","username":"testuser_1785877729231"},"timestamp":"2026-08-04T21:08:49.292Z"}
{"level":30,"time":1785877729303,"pid":35013,"hostname":"MacBookPro","type":"AUDIT","action":"PROJECT_CREATED","userId":1,"resource":"Project","resourceId":"1","metadata":{"name":"Website Redesign 1785877729293","description":"Revamp the marketing site by Q4 2026."},"timestamp":"2026-08-04T21:08:49.303Z"}
{"level":30,"time":1785877729318,"pid":35013,"hostname":"MacBookPro","type":"AUDIT","action":"PROJECT_CREATED","userId":2,"resource":"Project","resourceId":"2","metadata":{"name":"Website Redesign 1785877729293","description":"Revamp the marketing site by Q4 2026."},"timestamp":"2026-08-04T21:08:49.318Z"}
{"level":30,"time":1785877729423,"pid":35013,"hostname":"MacBookPro","type":"AUDIT","action":"USER_REGISTER","userId":1,"resource":"AUTH","resourceId":"1","metadata":{"email":"test_1785877729384@example.com","username":"testuser_1785877729384"},"timestamp":"2026-08-04T21:08:49.423Z"}
{"level":30,"time":1785877729462,"pid":35013,"hostname":"MacBookPro","type":"AUDIT","action":"LOGIN_SUCCESS","userId":1,"resource":"AUTH","resourceId":"1","metadata":{"email":"test_1785877729384@example.com","username":"testuser_1785877729384"},"timestamp":"2026-08-04T21:08:49.462Z"}
{"level":30,"time":1785877729625,"pid":35013,"hostname":"MacBookPro","type":"AUDIT","action":"USER_REGISTER","userId":1,"resource":"AUTH","resourceId":"1","metadata":{"email":"test_1785877729573@example.com","username":"testuser_1785877729573"},"timestamp":"2026-08-04T21:08:49.625Z"}
{"level":30,"time":1785877729656,"pid":35013,"hostname":"MacBookPro","type":"AUDIT","action":"LOGIN_SUCCESS","userId":1,"resource":"AUTH","resourceId":"1","metadata":{"email":"test_1785877729573@example.com","username":"testuser_1785877729573"},"timestamp":"2026-08-04T21:08:49.656Z"}
{"level":30,"time":1785877729781,"pid":35013,"hostname":"MacBookPro","type":"AUDIT","action":"USER_REGISTER","userId":1,"resource":"AUTH","resourceId":"1","metadata":{"email":"test_1785877729745@example.com","username":"testuser_1785877729745"},"timestamp":"2026-08-04T21:08:49.781Z"}
{"level":30,"time":1785877729814,"pid":35013,"hostname":"MacBookPro","type":"AUDIT","action":"LOGIN_SUCCESS","userId":1,"resource":"AUTH","resourceId":"1","metadata":{"email":"test_1785877729745@example.com","username":"testuser_1785877729745"},"timestamp":"2026-08-04T21:08:49.814Z"}
{"level":30,"time":1785877729962,"pid":35013,"hostname":"MacBookPro","type":"AUDIT","action":"USER_REGISTER","userId":1,"resource":"AUTH","resourceId":"1","metadata":{"email":"test_1785877729930@example.com","username":"testuser_1785877729930"},"timestamp":"2026-08-04T21:08:49.962Z"}
{"level":30,"time":1785877729991,"pid":35013,"hostname":"MacBookPro","type":"AUDIT","action":"LOGIN_SUCCESS","userId":1,"resource":"AUTH","resourceId":"1","metadata":{"email":"test_1785877729930@example.com","username":"testuser_1785877729930"},"timestamp":"2026-08-04T21:08:49.991Z"}
{"level":30,"time":1785877730072,"pid":35013,"hostname":"MacBookPro","type":"AUDIT","action":"USER_REGISTER","userId":1,"resource":"AUTH","resourceId":"1","metadata":{"email":"test_1785877730043@example.com","username":"testuser_1785877730043"},"timestamp":"2026-08-04T21:08:50.072Z"}
{"level":30,"time":1785877730102,"pid":35013,"hostname":"MacBookPro","type":"AUDIT","action":"LOGIN_SUCCESS","userId":1,"resource":"AUTH","resourceId":"1","metadata":{"email":"test_1785877730043@example.com","username":"testuser_1785877730043"},"timestamp":"2026-08-04T21:08:50.102Z"}
{"level":30,"time":1785877730179,"pid":35013,"hostname":"MacBookPro","type":"AUDIT","action":"USER_REGISTER","userId":1,"resource":"AUTH","resourceId":"1","metadata":{"email":"test_1785877730151@example.com","username":"testuser_1785877730151"},"timestamp":"2026-08-04T21:08:50.179Z"}
{"level":30,"time":1785877730207,"pid":35013,"hostname":"MacBookPro","type":"AUDIT","action":"LOGIN_SUCCESS","userId":1,"resource":"AUTH","resourceId":"1","metadata":{"email":"test_1785877730151@example.com","username":"testuser_1785877730151"},"timestamp":"2026-08-04T21:08:50.207Z"}
{"level":30,"time":1785877730287,"pid":35013,"hostname":"MacBookPro","type":"AUDIT","action":"USER_REGISTER","userId":1,"resource":"AUTH","resourceId":"1","metadata":{"email":"test_1785877730256@example.com","username":"testuser_1785877730256"},"timestamp":"2026-08-04T21:08:50.287Z"}
{"level":30,"time":1785877730317,"pid":35013,"hostname":"MacBookPro","type":"AUDIT","action":"LOGIN_SUCCESS","userId":1,"resource":"AUTH","resourceId":"1","metadata":{"email":"test_1785877730256@example.com","username":"testuser_1785877730256"},"timestamp":"2026-08-04T21:08:50.317Z"}
{"level":30,"time":1785877730396,"pid":35013,"hostname":"MacBookPro","type":"AUDIT","action":"USER_REGISTER","userId":1,"resource":"AUTH","resourceId":"1","metadata":{"email":"test_1785877730366@example.com","username":"testuser_1785877730366"},"timestamp":"2026-08-04T21:08:50.396Z"}
{"level":30,"time":1785877730424,"pid":35013,"hostname":"MacBookPro","type":"AUDIT","action":"LOGIN_SUCCESS","userId":1,"resource":"AUTH","resourceId":"1","metadata":{"email":"test_1785877730366@example.com","username":"testuser_1785877730366"},"timestamp":"2026-08-04T21:08:50.424Z"}
{"level":30,"time":1785877746057,"pid":35195,"hostname":"MacBookPro","msg":"Audit system initialized"}
{"level":30,"time":1785877748062,"pid":35195,"hostname":"MacBookPro","type":"AUDIT","action":"USER_REGISTER","userId":1,"resource":"AUTH","resourceId":"1","metadata":{"email":"test_1785877747899@example.com","username":"testuser_1785877747899"},"timestamp":"2026-08-04T21:09:08.062Z"}
{"level":30,"time":1785877748128,"pid":35195,"hostname":"MacBookPro","type":"AUDIT","action":"LOGIN_SUCCESS","userId":1,"resource":"AUTH","resourceId":"1","metadata":{"email":"test_1785877747899@example.com","username":"testuser_1785877747899"},"timestamp":"2026-08-04T21:09:08.128Z"}
{"level":30,"time":1785877748154,"pid":35195,"hostname":"MacBookPro","type":"AUDIT","action":"PROJECT_CREATED","userId":1,"resource":"Project","resourceId":"1","metadata":{"name":"Website Redesign 1785877748130","description":"Revamp the marketing site by Q4 2026."},"timestamp":"2026-08-04T21:09:08.154Z"}
{"level":30,"time":1785877748327,"pid":35195,"hostname":"MacBookPro","type":"AUDIT","action":"USER_REGISTER","userId":1,"resource":"AUTH","resourceId":"1","metadata":{"email":"test_1785877748284@example.com","username":"testuser_1785877748284"},"timestamp":"2026-08-04T21:09:08.327Z"}
{"level":30,"time":1785877748368,"pid":35195,"hostname":"MacBookPro","type":"AUDIT","action":"LOGIN_SUCCESS","userId":1,"resource":"AUTH","resourceId":"1","metadata":{"email":"test_1785877748284@example.com","username":"testuser_1785877748284"},"timestamp":"2026-08-04T21:09:08.368Z"}
{"level":30,"time":1785877748383,"pid":35195,"hostname":"MacBookPro","type":"AUDIT","action":"PROJECT_CREATED","userId":1,"resource":"Project","resourceId":"1","metadata":{"name":"Website Redesign 1785877748370","description":"Revamp the marketing site by Q4 2026."},"timestamp":"2026-08-04T21:09:08.383Z"}
{"level":30,"time":1785877748757,"pid":35195,"hostname":"MacBookPro","type":"AUDIT","action":"USER_REGISTER","userId":1,"resource":"AUTH","resourceId":"1","metadata":{"email":"test_1785877748668@example.com","username":"testuser_1785877748668"},"timestamp":"2026-08-04T21:09:08.757Z"}
{"level":30,"time":1785877748707,"pid":35194,"hostname":"MacBookPro","msg":"Audit system initialized"}
{"level":30,"time":1785877748858,"pid":35195,"hostname":"MacBookPro","type":"AUDIT","action":"LOGIN_SUCCESS","userId":1,"resource":"AUTH","resourceId":"1","metadata":{"email":"test_1785877748668@example.com","username":"testuser_1785877748668"},"timestamp":"2026-08-04T21:09:08.858Z"}
{"level":30,"time":1785877749147,"pid":35195,"hostname":"MacBookPro","type":"AUDIT","action":"USER_REGISTER","userId":2,"resource":"AUTH","resourceId":"2","metadata":{"email":"test_1785877749076@example.com","username":"testuser_1785877749076"},"timestamp":"2026-08-04T21:09:09.147Z"}
{"level":30,"time":1785877749188,"pid":35195,"hostname":"MacBookPro","type":"AUDIT","action":"LOGIN_SUCCESS","userId":2,"resource":"AUTH","resourceId":"2","metadata":{"email":"test_1785877749076@example.com","username":"testuser_1785877749076"},"timestamp":"2026-08-04T21:09:09.188Z"}
{"level":30,"time":1785877749402,"pid":35195,"hostname":"MacBookPro","type":"AUDIT","action":"USER_REGISTER","userId":1,"resource":"AUTH","resourceId":"1","metadata":{"email":"test_1785877749351@example.com","username":"testuser_1785877749351"},"timestamp":"2026-08-04T21:09:09.402Z"}
{"level":30,"time":1785877749437,"pid":35195,"hostname":"MacBookPro","type":"AUDIT","action":"LOGIN_SUCCESS","userId":1,"resource":"AUTH","resourceId":"1","metadata":{"email":"test_1785877749351@example.com","username":"testuser_1785877749351"},"timestamp":"2026-08-04T21:09:09.437Z"}
{"level":30,"time":1785877749616,"pid":35195,"hostname":"MacBookPro","type":"AUDIT","action":"USER_REGISTER","userId":2,"resource":"AUTH","resourceId":"2","metadata":{"email":"test_1785877749534@example.com","username":"testuser_1785877749534"},"timestamp":"2026-08-04T21:09:09.616Z"}
{"level":30,"time":1785877749651,"pid":35195,"hostname":"MacBookPro","type":"AUDIT","action":"LOGIN_SUCCESS","userId":2,"resource":"AUTH","resourceId":"2","metadata":{"email":"test_1785877749534@example.com","username":"testuser_1785877749534"},"timestamp":"2026-08-04T21:09:09.651Z"}
{"level":30,"time":1785877748971,"pid":35193,"hostname":"MacBookPro","msg":"Audit system initialized"}
{"level":30,"time":1785877749773,"pid":35195,"hostname":"MacBookPro","type":"AUDIT","action":"USER_REGISTER","userId":1,"resource":"AUTH","resourceId":"1","metadata":{"email":"test_1785877749739@example.com","username":"testuser_1785877749739"},"timestamp":"2026-08-04T21:09:09.773Z"}
{"level":30,"time":1785877749804,"pid":35195,"hostname":"MacBookPro","type":"AUDIT","action":"LOGIN_SUCCESS","userId":1,"resource":"AUTH","resourceId":"1","metadata":{"email":"test_1785877749739@example.com","username":"testuser_1785877749739"},"timestamp":"2026-08-04T21:09:09.803Z"}
{"level":30,"time":1785877749905,"pid":35195,"hostname":"MacBookPro","type":"AUDIT","action":"USER_REGISTER","userId":1,"resource":"AUTH","resourceId":"1","metadata":{"email":"test_1785877749876@example.com","username":"testuser_1785877749876"},"timestamp":"2026-08-04T21:09:09.905Z"}
{"level":30,"time":1785877749940,"pid":35195,"hostname":"MacBookPro","type":"AUDIT","action":"LOGIN_SUCCESS","userId":1,"resource":"AUTH","resourceId":"1","metadata":{"email":"test_1785877749876@example.com","username":"testuser_1785877749876"},"timestamp":"2026-08-04T21:09:09.940Z"}
{"level":30,"time":1785877749954,"pid":35195,"hostname":"MacBookPro","type":"AUDIT","action":"PROJECT_CREATED","userId":1,"resource":"Project","resourceId":"1","metadata":{"name":"Website Redesign 1785877749941","description":"Launch by March 15, 2027 - budget is $10,000!"},"timestamp":"2026-08-04T21:09:09.954Z"}
{"level":30,"time":1785877750018,"pid":35193,"hostname":"MacBookPro","type":"AUDIT","action":"USER_REGISTER","userId":1,"resource":"AUTH","resourceId":"1","metadata":{"email":"test_1785877749923@example.com","username":"testuser_1785877749923"},"timestamp":"2026-08-04T21:09:10.018Z"}
{"level":30,"time":1785877750050,"pid":35195,"hostname":"MacBookPro","type":"AUDIT","action":"USER_REGISTER","userId":2,"resource":"AUTH","resourceId":"2","metadata":{"email":"test_1785877750019@example.com","username":"testuser_1785877750019"},"timestamp":"2026-08-04T21:09:10.050Z"}
{"level":30,"time":1785877750079,"pid":35195,"hostname":"MacBookPro","type":"AUDIT","action":"LOGIN_SUCCESS","userId":2,"resource":"AUTH","resourceId":"2","metadata":{"email":"test_1785877750019@example.com","username":"testuser_1785877750019"},"timestamp":"2026-08-04T21:09:10.079Z"}
{"level":30,"time":1785877750182,"pid":35195,"hostname":"MacBookPro","type":"AUDIT","action":"USER_REGISTER","userId":1,"resource":"AUTH","resourceId":"1","metadata":{"email":"test_1785877750150@example.com","username":"testuser_1785877750150"},"timestamp":"2026-08-04T21:09:10.182Z"}
{"level":30,"time":1785877750193,"pid":35193,"hostname":"MacBookPro","type":"AUDIT","action":"USER_REGISTER","userId":2,"resource":"AUTH","resourceId":"2","metadata":{"email":"test_1785877750158@example.com","username":"testuser_1785877750158"},"timestamp":"2026-08-04T21:09:10.193Z"}
{"level":30,"time":1785877750213,"pid":35195,"hostname":"MacBookPro","type":"AUDIT","action":"LOGIN_SUCCESS","userId":1,"resource":"AUTH","resourceId":"1","metadata":{"email":"test_1785877750150@example.com","username":"testuser_1785877750150"},"timestamp":"2026-08-04T21:09:10.213Z"}
{"level":30,"time":1785877750337,"pid":35195,"hostname":"MacBookPro","type":"AUDIT","action":"USER_REGISTER","userId":1,"resource":"AUTH","resourceId":"1","metadata":{"email":"test_1785877750303@example.com","username":"testuser_1785877750303"},"timestamp":"2026-08-04T21:09:10.337Z"}
{"level":30,"time":1785877750374,"pid":35195,"hostname":"MacBookPro","type":"AUDIT","action":"LOGIN_SUCCESS","userId":1,"resource":"AUTH","resourceId":"1","metadata":{"email":"test_1785877750303@example.com","username":"testuser_1785877750303"},"timestamp":"2026-08-04T21:09:10.374Z"}
{"level":30,"time":1785877750474,"pid":35195,"hostname":"MacBookPro","type":"AUDIT","action":"USER_REGISTER","userId":1,"resource":"AUTH","resourceId":"1","metadata":{"email":"test_1785877750441@example.com","username":"testuser_1785877750441"},"timestamp":"2026-08-04T21:09:10.474Z"}
{"level":30,"time":1785877750507,"pid":35195,"hostname":"MacBookPro","type":"AUDIT","action":"LOGIN_SUCCESS","userId":1,"resource":"AUTH","resourceId":"1","metadata":{"email":"test_1785877750441@example.com","username":"testuser_1785877750441"},"timestamp":"2026-08-04T21:09:10.507Z"}
{"level":30,"time":1785877750797,"pid":35195,"hostname":"MacBookPro","type":"AUDIT","action":"USER_REGISTER","userId":1,"resource":"AUTH","resourceId":"1","metadata":{"email":"test_1785877750749@example.com","username":"testuser_1785877750749"},"timestamp":"2026-08-04T21:09:10.797Z"}
{"level":30,"time":1785877750838,"pid":35195,"hostname":"MacBookPro","type":"AUDIT","action":"LOGIN_SUCCESS","userId":1,"resource":"AUTH","resourceId":"1","metadata":{"email":"test_1785877750749@example.com","username":"testuser_1785877750749"},"timestamp":"2026-08-04T21:09:10.838Z"}
{"level":30,"time":1785877750868,"pid":35195,"hostname":"MacBookPro","type":"AUDIT","action":"USER_REGISTER","userId":2,"resource":"AUTH","resourceId":"2","metadata":{"email":"test_1785877750839@example.com","username":"testuser_1785877750839"},"timestamp":"2026-08-04T21:09:10.868Z"}
{"level":30,"time":1785877750898,"pid":35195,"hostname":"MacBookPro","type":"AUDIT","action":"LOGIN_SUCCESS","userId":2,"resource":"AUTH","resourceId":"2","metadata":{"email":"test_1785877750839@example.com","username":"testuser_1785877750839"},"timestamp":"2026-08-04T21:09:10.898Z"}
{"level":30,"time":1785877751034,"pid":35195,"hostname":"MacBookPro","type":"AUDIT","action":"USER_REGISTER","userId":1,"resource":"AUTH","resourceId":"1","metadata":{"email":"test_1785877751002@example.com","username":"testuser_1785877751002"},"timestamp":"2026-08-04T21:09:11.034Z"}
{"level":30,"time":1785877751048,"pid":35193,"hostname":"MacBookPro","type":"AUDIT","action":"USER_REGISTER","userId":2,"resource":"AUTH","resourceId":"2","metadata":{"email":"test_1785877751016@example.com","username":"testuser_1785877751016"},"timestamp":"2026-08-04T21:09:11.048Z"}
{"level":30,"time":1785877751066,"pid":35195,"hostname":"MacBookPro","type":"AUDIT","action":"LOGIN_SUCCESS","userId":1,"resource":"AUTH","resourceId":"1","metadata":{"email":"test_1785877751002@example.com","username":"testuser_1785877751002"},"timestamp":"2026-08-04T21:09:11.066Z"}
{"level":30,"time":1785877751087,"pid":35193,"hostname":"MacBookPro","type":"AUDIT","action":"LOGIN_SUCCESS","userId":2,"resource":"AUTH","resourceId":"2","metadata":{"email":"test_1785877751016@example.com","username":"testuser_1785877751016"},"timestamp":"2026-08-04T21:09:11.087Z"}
{"level":30,"time":1785877751169,"pid":35195,"hostname":"MacBookPro","type":"AUDIT","action":"USER_REGISTER","userId":1,"resource":"AUTH","resourceId":"1","metadata":{"email":"test_1785877751135@example.com","username":"testuser_1785877751135"},"timestamp":"2026-08-04T21:09:11.169Z"}
{"level":30,"time":1785877751183,"pid":35193,"hostname":"MacBookPro","type":"AUDIT","action":"USER_REGISTER","userId":2,"resource":"AUTH","resourceId":"2","metadata":{"email":"test_1785877751152@example.com","username":"testuser_1785877751152"},"timestamp":"2026-08-04T21:09:11.183Z"}
{"level":30,"time":1785877751200,"pid":35195,"hostname":"MacBookPro","type":"AUDIT","action":"LOGIN_SUCCESS","userId":1,"resource":"AUTH","resourceId":"1","metadata":{"email":"test_1785877751135@example.com","username":"testuser_1785877751135"},"timestamp":"2026-08-04T21:09:11.200Z"}
{"level":30,"time":1785877751206,"pid":35193,"hostname":"MacBookPro","type":"AUDIT","action":"LOGIN_FAILED_INVALID_PASSWORD","userId":2,"resource":"AUTH","resourceId":"2","metadata":{"email":"test_1785877751152@example.com","username":"testuser_1785877751152"},"timestamp":"2026-08-04T21:09:11.206Z"}
{"level":30,"time":1785877751283,"pid":35193,"hostname":"MacBookPro","type":"AUDIT","action":"LOGIN_FAILED_USER_NOT_FOUND","resource":"AUTH","resourceId":"unknown","metadata":{"email":"nonexistent@example.com"},"timestamp":"2026-08-04T21:09:11.283Z"}
{"level":30,"time":1785877751297,"pid":35195,"hostname":"MacBookPro","type":"AUDIT","action":"USER_REGISTER","userId":1,"resource":"AUTH","resourceId":"1","metadata":{"email":"test_1785877751259@example.com","username":"testuser_1785877751259"},"timestamp":"2026-08-04T21:09:11.297Z"}
{"level":30,"time":1785877751325,"pid":35195,"hostname":"MacBookPro","type":"AUDIT","action":"LOGIN_SUCCESS","userId":1,"resource":"AUTH","resourceId":"1","metadata":{"email":"test_1785877751259@example.com","username":"testuser_1785877751259"},"timestamp":"2026-08-04T21:09:11.325Z"}
{"level":30,"time":1785877751367,"pid":35193,"hostname":"MacBookPro","type":"AUDIT","action":"USER_REGISTER","userId":1,"resource":"AUTH","resourceId":"1","metadata":{"email":"test_1785877751330@example.com","username":"testuser_1785877751330"},"timestamp":"2026-08-04T21:09:11.367Z"}
{"level":30,"time":1785877751399,"pid":35193,"hostname":"MacBookPro","type":"AUDIT","action":"LOGIN_SUCCESS","userId":1,"resource":"AUTH","resourceId":"1","metadata":{"email":"test_1785877751330@example.com","username":"testuser_1785877751330"},"timestamp":"2026-08-04T21:09:11.399Z"}
{"level":30,"time":1785877751403,"pid":35195,"hostname":"MacBookPro","type":"AUDIT","action":"USER_REGISTER","userId":2,"resource":"AUTH","resourceId":"2","metadata":{"email":"test_1785877751373@example.com","username":"testuser_1785877751373"},"timestamp":"2026-08-04T21:09:11.403Z"}
{"level":30,"time":1785877751432,"pid":35195,"hostname":"MacBookPro","type":"AUDIT","action":"LOGIN_SUCCESS","userId":2,"resource":"AUTH","resourceId":"2","metadata":{"email":"test_1785877751373@example.com","username":"testuser_1785877751373"},"timestamp":"2026-08-04T21:09:11.432Z"}
{"level":30,"time":1785877751482,"pid":35193,"hostname":"MacBookPro","type":"AUDIT","action":"USER_REGISTER","userId":1,"resource":"AUTH","resourceId":"1","metadata":{"email":"test_1785877751439@example.com","username":"testuser_1785877751439"},"timestamp":"2026-08-04T21:09:11.482Z"}
{"level":30,"time":1785877751517,"pid":35195,"hostname":"MacBookPro","type":"AUDIT","action":"USER_REGISTER","userId":2,"resource":"AUTH","resourceId":"2","metadata":{"email":"test_1785877751486@example.com","username":"testuser_1785877751486"},"timestamp":"2026-08-04T21:09:11.517Z"}
{"level":30,"time":1785877751548,"pid":35195,"hostname":"MacBookPro","type":"AUDIT","action":"LOGIN_SUCCESS","userId":2,"resource":"AUTH","resourceId":"2","metadata":{"email":"test_1785877751486@example.com","username":"testuser_1785877751486"},"timestamp":"2026-08-04T21:09:11.548Z"}
{"level":30,"time":1785877751670,"pid":35195,"hostname":"MacBookPro","type":"AUDIT","action":"USER_REGISTER","userId":1,"resource":"AUTH","resourceId":"1","metadata":{"email":"test_1785877751640@example.com","username":"testuser_1785877751640"},"timestamp":"2026-08-04T21:09:11.670Z"}
{"level":30,"time":1785877751700,"pid":35193,"hostname":"MacBookPro","type":"AUDIT","action":"USER_REGISTER","userId":2,"resource":"AUTH","resourceId":"2","metadata":{"email":"test_1785877751671@example.com","username":"testuser_1785877751671"},"timestamp":"2026-08-04T21:09:11.700Z"}
{"level":30,"time":1785877751701,"pid":35195,"hostname":"MacBookPro","type":"AUDIT","action":"LOGIN_SUCCESS","userId":1,"resource":"AUTH","resourceId":"1","metadata":{"email":"test_1785877751640@example.com","username":"testuser_1785877751640"},"timestamp":"2026-08-04T21:09:11.701Z"}
{"level":30,"time":1785877751732,"pid":35193,"hostname":"MacBookPro","type":"AUDIT","action":"LOGIN_SUCCESS","userId":2,"resource":"AUTH","resourceId":"2","metadata":{"email":"test_1785877751671@example.com","username":"testuser_1785877751671"},"timestamp":"2026-08-04T21:09:11.732Z"}
{"level":30,"time":1785877751737,"pid":35193,"hostname":"MacBookPro","type":"AUDIT","action":"LOGIN_FAILED_USER_NOT_FOUND","resource":"AUTH","resourceId":"unknown","metadata":{"email":"test_1785877751671@example.com"},"timestamp":"2026-08-04T21:09:11.737Z"}
{"level":30,"time":1785877751770,"pid":35195,"hostname":"MacBookPro","type":"AUDIT","action":"USER_REGISTER","userId":1,"resource":"AUTH","resourceId":"1","metadata":{"email":"test_1785877751741@example.com","username":"testuser_1785877751741"},"timestamp":"2026-08-04T21:09:11.770Z"}
{"level":30,"time":1785877751802,"pid":35195,"hostname":"MacBookPro","type":"AUDIT","action":"LOGIN_SUCCESS","userId":1,"resource":"AUTH","resourceId":"1","metadata":{"email":"test_1785877751741@example.com","username":"testuser_1785877751741"},"timestamp":"2026-08-04T21:09:11.802Z"}
{"level":30,"time":1785877751885,"pid":35195,"hostname":"MacBookPro","type":"AUDIT","action":"USER_REGISTER","userId":1,"resource":"AUTH","resourceId":"1","metadata":{"email":"test_1785877751856@example.com","username":"testuser_1785877751856"},"timestamp":"2026-08-04T21:09:11.885Z"}
{"level":30,"time":1785877751914,"pid":35195,"hostname":"MacBookPro","type":"AUDIT","action":"LOGIN_SUCCESS","userId":1,"resource":"AUTH","resourceId":"1","metadata":{"email":"test_1785877751856@example.com","username":"testuser_1785877751856"},"timestamp":"2026-08-04T21:09:11.914Z"}
{"level":30,"time":1785879050697,"pid":36562,"hostname":"MacBookPro","msg":"Audit system initialized"}
{"level":30,"time":1785879052188,"pid":36562,"hostname":"MacBookPro","type":"AUDIT","action":"USER_REGISTER","userId":1,"resource":"AUTH","resourceId":"1","metadata":{"email":"test_1785879052096@example.com","username":"testuser_1785879052096"},"timestamp":"2026-08-04T21:30:52.188Z"}
{"level":30,"time":1785879052231,"pid":36562,"hostname":"MacBookPro","type":"AUDIT","action":"LOGIN_SUCCESS","userId":1,"resource":"AUTH","resourceId":"1","metadata":{"email":"test_1785879052096@example.com","username":"testuser_1785879052096"},"timestamp":"2026-08-04T21:30:52.231Z"}
{"level":30,"time":1785879052249,"pid":36562,"hostname":"MacBookPro","type":"AUDIT","action":"PROJECT_CREATED","userId":1,"resource":"Project","resourceId":"1","metadata":{"name":"Website Redesign 1785879052232","description":"Revamp the marketing site by Q4 2026."},"timestamp":"2026-08-04T21:30:52.249Z"}
{"level":30,"time":1785879052351,"pid":36562,"hostname":"MacBookPro","type":"AUDIT","action":"USER_REGISTER","userId":1,"resource":"AUTH","resourceId":"1","metadata":{"email":"test_1785879052319@example.com","username":"testuser_1785879052319"},"timestamp":"2026-08-04T21:30:52.351Z"}
{"level":30,"time":1785879052385,"pid":36562,"hostname":"MacBookPro","type":"AUDIT","action":"LOGIN_SUCCESS","userId":1,"resource":"AUTH","resourceId":"1","metadata":{"email":"test_1785879052319@example.com","username":"testuser_1785879052319"},"timestamp":"2026-08-04T21:30:52.385Z"}
{"level":30,"time":1785879052401,"pid":36562,"hostname":"MacBookPro","type":"AUDIT","action":"PROJECT_CREATED","userId":1,"resource":"Project","resourceId":"1","metadata":{"name":"Website Redesign 1785879052388","description":"Revamp the marketing site by Q4 2026."},"timestamp":"2026-08-04T21:30:52.401Z"}
{"level":30,"time":1785879052580,"pid":36562,"hostname":"MacBookPro","type":"AUDIT","action":"USER_REGISTER","userId":1,"resource":"AUTH","resourceId":"1","metadata":{"email":"test_1785879052548@example.com","username":"testuser_1785879052548"},"timestamp":"2026-08-04T21:30:52.580Z"}
{"level":30,"time":1785879052615,"pid":36562,"hostname":"MacBookPro","type":"AUDIT","action":"LOGIN_SUCCESS","userId":1,"resource":"AUTH","resourceId":"1","metadata":{"email":"test_1785879052548@example.com","username":"testuser_1785879052548"},"timestamp":"2026-08-04T21:30:52.615Z"}
{"level":30,"time":1785879052726,"pid":36562,"hostname":"MacBookPro","type":"AUDIT","action":"USER_REGISTER","userId":1,"resource":"AUTH","resourceId":"1","metadata":{"email":"test_1785879052694@example.com","username":"testuser_1785879052694"},"timestamp":"2026-08-04T21:30:52.726Z"}
{"level":30,"time":1785879052755,"pid":36562,"hostname":"MacBookPro","type":"AUDIT","action":"LOGIN_SUCCESS","userId":1,"resource":"AUTH","resourceId":"1","metadata":{"email":"test_1785879052694@example.com","username":"testuser_1785879052694"},"timestamp":"2026-08-04T21:30:52.755Z"}
{"level":30,"time":1785879052847,"pid":36562,"hostname":"MacBookPro","type":"AUDIT","action":"USER_REGISTER","userId":1,"resource":"AUTH","resourceId":"1","metadata":{"email":"test_1785879052814@example.com","username":"testuser_1785879052814"},"timestamp":"2026-08-04T21:30:52.847Z"}
{"level":30,"time":1785879052877,"pid":36562,"hostname":"MacBookPro","type":"AUDIT","action":"LOGIN_SUCCESS","userId":1,"resource":"AUTH","resourceId":"1","metadata":{"email":"test_1785879052814@example.com","username":"testuser_1785879052814"},"timestamp":"2026-08-04T21:30:52.877Z"}
{"level":30,"time":1785879052993,"pid":36562,"hostname":"MacBookPro","type":"AUDIT","action":"USER_REGISTER","userId":1,"resource":"AUTH","resourceId":"1","metadata":{"email":"test_1785879052947@example.com","username":"testuser_1785879052947"},"timestamp":"2026-08-04T21:30:52.993Z"}
{"level":30,"time":1785879053041,"pid":36562,"hostname":"MacBookPro","type":"AUDIT","action":"LOGIN_SUCCESS","userId":1,"resource":"AUTH","resourceId":"1","metadata":{"email":"test_1785879052947@example.com","username":"testuser_1785879052947"},"timestamp":"2026-08-04T21:30:53.041Z"}
{"level":30,"time":1785879053062,"pid":36562,"hostname":"MacBookPro","type":"AUDIT","action":"PROJECT_CREATED","userId":1,"resource":"Project","resourceId":"1","metadata":{"name":"Padded Name 1785879053042","description":"Revamp the marketing site by Q4 2026."},"timestamp":"2026-08-04T21:30:53.062Z"}
{"level":30,"time":1785879053193,"pid":36562,"hostname":"MacBookPro","type":"AUDIT","action":"USER_REGISTER","userId":1,"resource":"AUTH","resourceId":"1","metadata":{"email":"test_1785879053156@example.com","username":"testuser_1785879053156"},"timestamp":"2026-08-04T21:30:53.193Z"}
{"level":30,"time":1785879053227,"pid":36562,"hostname":"MacBookPro","type":"AUDIT","action":"LOGIN_SUCCESS","userId":1,"resource":"AUTH","resourceId":"1","metadata":{"email":"test_1785879053156@example.com","username":"testuser_1785879053156"},"timestamp":"2026-08-04T21:30:53.227Z"}
{"level":30,"time":1785879053325,"pid":36562,"hostname":"MacBookPro","type":"AUDIT","action":"USER_REGISTER","userId":1,"resource":"AUTH","resourceId":"1","metadata":{"email":"test_1785879053295@example.com","username":"testuser_1785879053295"},"timestamp":"2026-08-04T21:30:53.325Z"}
{"level":30,"time":1785879053353,"pid":36562,"hostname":"MacBookPro","type":"AUDIT","action":"LOGIN_SUCCESS","userId":1,"resource":"AUTH","resourceId":"1","metadata":{"email":"test_1785879053295@example.com","username":"testuser_1785879053295"},"timestamp":"2026-08-04T21:30:53.353Z"}
{"level":30,"time":1785879053363,"pid":36562,"hostname":"MacBookPro","type":"AUDIT","action":"PROJECT_CREATED","userId":1,"resource":"Project","resourceId":"1","metadata":{"name":"Website Redesign 1785879053354","description":"Launch by March 15, 2027 - budget is $10,000!"},"timestamp":"2026-08-04T21:30:53.363Z"}
{"level":30,"time":1785879053443,"pid":36562,"hostname":"MacBookPro","type":"AUDIT","action":"USER_REGISTER","userId":1,"resource":"AUTH","resourceId":"1","metadata":{"email":"test_1785879053417@example.com","username":"testuser_1785879053417"},"timestamp":"2026-08-04T21:30:53.443Z"}
{"level":30,"time":1785879053470,"pid":36562,"hostname":"MacBookPro","type":"AUDIT","action":"LOGIN_SUCCESS","userId":1,"resource":"AUTH","resourceId":"1","metadata":{"email":"test_1785879053417@example.com","username":"testuser_1785879053417"},"timestamp":"2026-08-04T21:30:53.470Z"}
{"level":30,"time":1785879053553,"pid":36562,"hostname":"MacBookPro","type":"AUDIT","action":"USER_REGISTER","userId":1,"resource":"AUTH","resourceId":"1","metadata":{"email":"test_1785879053523@example.com","username":"testuser_1785879053523"},"timestamp":"2026-08-04T21:30:53.553Z"}
{"level":30,"time":1785879053580,"pid":36562,"hostname":"MacBookPro","type":"AUDIT","action":"LOGIN_SUCCESS","userId":1,"resource":"AUTH","resourceId":"1","metadata":{"email":"test_1785879053523@example.com","username":"testuser_1785879053523"},"timestamp":"2026-08-04T21:30:53.580Z"}
{"level":30,"time":1785879053660,"pid":36562,"hostname":"MacBookPro","type":"AUDIT","action":"USER_REGISTER","userId":1,"resource":"AUTH","resourceId":"1","metadata":{"email":"test_1785879053631@example.com","username":"testuser_1785879053631"},"timestamp":"2026-08-04T21:30:53.660Z"}
{"level":30,"time":1785879053689,"pid":36562,"hostname":"MacBookPro","type":"AUDIT","action":"LOGIN_SUCCESS","userId":1,"resource":"AUTH","resourceId":"1","metadata":{"email":"test_1785879053631@example.com","username":"testuser_1785879053631"},"timestamp":"2026-08-04T21:30:53.689Z"}
{"level":30,"time":1785879053763,"pid":36562,"hostname":"MacBookPro","type":"AUDIT","action":"USER_REGISTER","userId":1,"resource":"AUTH","resourceId":"1","metadata":{"email":"test_1785879053734@example.com","username":"testuser_1785879053734"},"timestamp":"2026-08-04T21:30:53.763Z"}
{"level":30,"time":1785879053792,"pid":36562,"hostname":"MacBookPro","type":"AUDIT","action":"LOGIN_SUCCESS","userId":1,"resource":"AUTH","resourceId":"1","metadata":{"email":"test_1785879053734@example.com","username":"testuser_1785879053734"},"timestamp":"2026-08-04T21:30:53.792Z"}
{"level":30,"time":1785879053803,"pid":36562,"hostname":"MacBookPro","type":"AUDIT","action":"PROJECT_CREATED","userId":1,"resource":"Project","resourceId":"1","metadata":{"name":"Website Redesign 1785879053793","description":"Revamp the marketing site by Q4 2026."},"timestamp":"2026-08-04T21:30:53.802Z"}
{"level":30,"time":1785879053885,"pid":36562,"hostname":"MacBookPro","type":"AUDIT","action":"USER_REGISTER","userId":1,"resource":"AUTH","resourceId":"1","metadata":{"email":"test_1785879053857@example.com","username":"testuser_1785879053857"},"timestamp":"2026-08-04T21:30:53.885Z"}
{"level":30,"time":1785879053911,"pid":36562,"hostname":"MacBookPro","type":"AUDIT","action":"LOGIN_SUCCESS","userId":1,"resource":"AUTH","resourceId":"1","metadata":{"email":"test_1785879053857@example.com","username":"testuser_1785879053857"},"timestamp":"2026-08-04T21:30:53.911Z"}
{"level":30,"time":1785879053941,"pid":36562,"hostname":"MacBookPro","type":"AUDIT","action":"USER_REGISTER","userId":2,"resource":"AUTH","resourceId":"2","metadata":{"email":"test_1785879053912@example.com","username":"testuser_1785879053912"},"timestamp":"2026-08-04T21:30:53.941Z"}
{"level":30,"time":1785879054077,"pid":36562,"hostname":"MacBookPro","type":"AUDIT","action":"LOGIN_SUCCESS","userId":2,"resource":"AUTH","resourceId":"2","metadata":{"email":"test_1785879053912@example.com","username":"testuser_1785879053912"},"timestamp":"2026-08-04T21:30:54.077Z"}
{"level":30,"time":1785879054089,"pid":36562,"hostname":"MacBookPro","type":"AUDIT","action":"PROJECT_CREATED","userId":1,"resource":"Project","resourceId":"1","metadata":{"name":"Website Redesign 1785879054078","description":"Revamp the marketing site by Q4 2026."},"timestamp":"2026-08-04T21:30:54.089Z"}
{"level":30,"time":1785879054098,"pid":36562,"hostname":"MacBookPro","type":"AUDIT","action":"PROJECT_CREATED","userId":2,"resource":"Project","resourceId":"2","metadata":{"name":"Website Redesign 1785879054078","description":"Revamp the marketing site by Q4 2026."},"timestamp":"2026-08-04T21:30:54.098Z"}
{"level":30,"time":1785879054177,"pid":36562,"hostname":"MacBookPro","type":"AUDIT","action":"USER_REGISTER","userId":1,"resource":"AUTH","resourceId":"1","metadata":{"email":"test_1785879054149@example.com","username":"testuser_1785879054149"},"timestamp":"2026-08-04T21:30:54.177Z"}
{"level":30,"time":1785879054206,"pid":36562,"hostname":"MacBookPro","type":"AUDIT","action":"LOGIN_SUCCESS","userId":1,"resource":"AUTH","resourceId":"1","metadata":{"email":"test_1785879054149@example.com","username":"testuser_1785879054149"},"timestamp":"2026-08-04T21:30:54.206Z"}
{"level":30,"time":1785879054280,"pid":36562,"hostname":"MacBookPro","type":"AUDIT","action":"USER_REGISTER","userId":1,"resource":"AUTH","resourceId":"1","metadata":{"email":"test_1785879054253@example.com","username":"testuser_1785879054253"},"timestamp":"2026-08-04T21:30:54.280Z"}
{"level":30,"time":1785879054306,"pid":36562,"hostname":"MacBookPro","type":"AUDIT","action":"LOGIN_SUCCESS","userId":1,"resource":"AUTH","resourceId":"1","metadata":{"email":"test_1785879054253@example.com","username":"testuser_1785879054253"},"timestamp":"2026-08-04T21:30:54.306Z"}
{"level":30,"time":1785879054390,"pid":36562,"hostname":"MacBookPro","type":"AUDIT","action":"USER_REGISTER","userId":1,"resource":"AUTH","resourceId":"1","metadata":{"email":"test_1785879054359@example.com","username":"testuser_1785879054359"},"timestamp":"2026-08-04T21:30:54.390Z"}
{"level":30,"time":1785879054416,"pid":36562,"hostname":"MacBookPro","type":"AUDIT","action":"LOGIN_SUCCESS","userId":1,"resource":"AUTH","resourceId":"1","metadata":{"email":"test_1785879054359@example.com","username":"testuser_1785879054359"},"timestamp":"2026-08-04T21:30:54.416Z"}
{"level":30,"time":1785879054483,"pid":36562,"hostname":"MacBookPro","type":"AUDIT","action":"USER_REGISTER","userId":1,"resource":"AUTH","resourceId":"1","metadata":{"email":"test_1785879054456@example.com","username":"testuser_1785879054456"},"timestamp":"2026-08-04T21:30:54.483Z"}
{"level":30,"time":1785879054511,"pid":36562,"hostname":"MacBookPro","type":"AUDIT","action":"LOGIN_SUCCESS","userId":1,"resource":"AUTH","resourceId":"1","metadata":{"email":"test_1785879054456@example.com","username":"testuser_1785879054456"},"timestamp":"2026-08-04T21:30:54.511Z"}
{"level":30,"time":1785879054614,"pid":36562,"hostname":"MacBookPro","type":"AUDIT","action":"USER_REGISTER","userId":1,"resource":"AUTH","resourceId":"1","metadata":{"email":"test_1785879054571@example.com","username":"testuser_1785879054571"},"timestamp":"2026-08-04T21:30:54.614Z"}
{"level":30,"time":1785879054656,"pid":36562,"hostname":"MacBookPro","type":"AUDIT","action":"LOGIN_SUCCESS","userId":1,"resource":"AUTH","resourceId":"1","metadata":{"email":"test_1785879054571@example.com","username":"testuser_1785879054571"},"timestamp":"2026-08-04T21:30:54.656Z"}
{"level":30,"time":1785879054774,"pid":36562,"hostname":"MacBookPro","type":"AUDIT","action":"USER_REGISTER","userId":1,"resource":"AUTH","resourceId":"1","metadata":{"email":"test_1785879054740@example.com","username":"testuser_1785879054740"},"timestamp":"2026-08-04T21:30:54.774Z"}
{"level":30,"time":1785879054806,"pid":36562,"hostname":"MacBookPro","type":"AUDIT","action":"LOGIN_SUCCESS","userId":1,"resource":"AUTH","resourceId":"1","metadata":{"email":"test_1785879054740@example.com","username":"testuser_1785879054740"},"timestamp":"2026-08-04T21:30:54.806Z"}
{"level":30,"time":1785879054942,"pid":36562,"hostname":"MacBookPro","type":"AUDIT","action":"USER_REGISTER","userId":1,"resource":"AUTH","resourceId":"1","metadata":{"email":"test_1785879054910@example.com","username":"testuser_1785879054910"},"timestamp":"2026-08-04T21:30:54.942Z"}
{"level":30,"time":1785879054972,"pid":36562,"hostname":"MacBookPro","type":"AUDIT","action":"LOGIN_SUCCESS","userId":1,"resource":"AUTH","resourceId":"1","metadata":{"email":"test_1785879054910@example.com","username":"testuser_1785879054910"},"timestamp":"2026-08-04T21:30:54.972Z"}
{"level":30,"time":1785879055052,"pid":36562,"hostname":"MacBookPro","type":"AUDIT","action":"USER_REGISTER","userId":1,"resource":"AUTH","resourceId":"1","metadata":{"email":"test_1785879055024@example.com","username":"testuser_1785879055024"},"timestamp":"2026-08-04T21:30:55.052Z"}
{"level":30,"time":1785879055083,"pid":36562,"hostname":"MacBookPro","type":"AUDIT","action":"LOGIN_SUCCESS","userId":1,"resource":"AUTH","resourceId":"1","metadata":{"email":"test_1785879055024@example.com","username":"testuser_1785879055024"},"timestamp":"2026-08-04T21:30:55.083Z"}
{"level":30,"time":1785879055419,"pid":36562,"hostname":"MacBookPro","msg":"Audit system initialized"}
{"level":30,"time":1785879055724,"pid":36562,"hostname":"MacBookPro","type":"AUDIT","action":"USER_REGISTER","userId":1,"resource":"AUTH","resourceId":"1","metadata":{"email":"test_1785879055683@example.com","username":"testuser_1785879055683"},"timestamp":"2026-08-04T21:30:55.724Z"}
{"level":30,"time":1785879055840,"pid":36562,"hostname":"MacBookPro","type":"AUDIT","action":"USER_REGISTER","userId":1,"resource":"AUTH","resourceId":"1","metadata":{"email":"test_1785879055808@example.com","username":"testuser_1785879055808"},"timestamp":"2026-08-04T21:30:55.840Z"}
{"level":30,"time":1785879056403,"pid":36562,"hostname":"MacBookPro","type":"AUDIT","action":"USER_REGISTER","userId":1,"resource":"AUTH","resourceId":"1","metadata":{"email":"test_1785879056375@example.com","username":"testuser_1785879056375"},"timestamp":"2026-08-04T21:30:56.403Z"}
{"level":30,"time":1785879056430,"pid":36562,"hostname":"MacBookPro","type":"AUDIT","action":"LOGIN_SUCCESS","userId":1,"resource":"AUTH","resourceId":"1","metadata":{"email":"test_1785879056375@example.com","username":"testuser_1785879056375"},"timestamp":"2026-08-04T21:30:56.430Z"}
{"level":30,"time":1785879056496,"pid":36562,"hostname":"MacBookPro","type":"AUDIT","action":"USER_REGISTER","userId":1,"resource":"AUTH","resourceId":"1","metadata":{"email":"test_1785879056466@example.com","username":"testuser_1785879056466"},"timestamp":"2026-08-04T21:30:56.496Z"}
{"level":30,"time":1785879056517,"pid":36562,"hostname":"MacBookPro","type":"AUDIT","action":"LOGIN_FAILED_INVALID_PASSWORD","userId":1,"resource":"AUTH","resourceId":"1","metadata":{"email":"test_1785879056466@example.com","username":"testuser_1785879056466"},"timestamp":"2026-08-04T21:30:56.517Z"}
{"level":30,"time":1785879056555,"pid":36562,"hostname":"MacBookPro","type":"AUDIT","action":"LOGIN_FAILED_USER_NOT_FOUND","resource":"AUTH","resourceId":"unknown","metadata":{"email":"nonexistent@example.com"},"timestamp":"2026-08-04T21:30:56.555Z"}
{"level":30,"time":1785879056621,"pid":36562,"hostname":"MacBookPro","type":"AUDIT","action":"USER_REGISTER","userId":1,"resource":"AUTH","resourceId":"1","metadata":{"email":"test_1785879056593@example.com","username":"testuser_1785879056593"},"timestamp":"2026-08-04T21:30:56.621Z"}
{"level":30,"time":1785879056647,"pid":36562,"hostname":"MacBookPro","type":"AUDIT","action":"LOGIN_SUCCESS","userId":1,"resource":"AUTH","resourceId":"1","metadata":{"email":"test_1785879056593@example.com","username":"testuser_1785879056593"},"timestamp":"2026-08-04T21:30:56.647Z"}
{"level":30,"time":1785879056713,"pid":36562,"hostname":"MacBookPro","type":"AUDIT","action":"USER_REGISTER","userId":1,"resource":"AUTH","resourceId":"1","metadata":{"email":"test_1785879056686@example.com","username":"testuser_1785879056686"},"timestamp":"2026-08-04T21:30:56.713Z"}
{"level":30,"time":1785879056868,"pid":36562,"hostname":"MacBookPro","type":"AUDIT","action":"USER_REGISTER","userId":1,"resource":"AUTH","resourceId":"1","metadata":{"email":"test_1785879056839@example.com","username":"testuser_1785879056839"},"timestamp":"2026-08-04T21:30:56.868Z"}
{"level":30,"time":1785879056897,"pid":36562,"hostname":"MacBookPro","type":"AUDIT","action":"LOGIN_SUCCESS","userId":1,"resource":"AUTH","resourceId":"1","metadata":{"email":"test_1785879056839@example.com","username":"testuser_1785879056839"},"timestamp":"2026-08-04T21:30:56.897Z"}
{"level":30,"time":1785879056936,"pid":36562,"hostname":"MacBookPro","type":"AUDIT","action":"LOGIN_SUCCESS","userId":1,"resource":"AUTH","resourceId":"1","metadata":{"email":"test_1785879056839@example.com","username":"testuser_1785879056839"},"timestamp":"2026-08-04T21:30:56.936Z"}
{"level":30,"time":1785879057147,"pid":36562,"hostname":"MacBookPro","msg":"Audit system initialized"}
{"level":30,"time":1785880918676,"pid":37416,"hostname":"MacBookPro","msg":"Audit system initialized"}
{"level":30,"time":1785880919998,"pid":37416,"hostname":"MacBookPro","type":"AUDIT","action":"USER_REGISTER","userId":1,"resource":"AUTH","resourceId":"1","metadata":{"email":"test_1785880919906@example.com","username":"testuser_1785880919906"},"timestamp":"2026-08-04T22:01:59.998Z"}
{"level":30,"time":1785880920167,"pid":37416,"hostname":"MacBookPro","type":"AUDIT","action":"USER_REGISTER","userId":1,"resource":"AUTH","resourceId":"1","metadata":{"email":"test_1785880920136@example.com","username":"testuser_1785880920136"},"timestamp":"2026-08-04T22:02:00.167Z"}
{"level":30,"time":1785880920733,"pid":37416,"hostname":"MacBookPro","type":"AUDIT","action":"USER_REGISTER","userId":1,"resource":"AUTH","resourceId":"1","metadata":{"email":"test_1785880920700@example.com","username":"testuser_1785880920700"},"timestamp":"2026-08-04T22:02:00.733Z"}
{"level":30,"time":1785880920764,"pid":37416,"hostname":"MacBookPro","type":"AUDIT","action":"LOGIN_SUCCESS","userId":1,"resource":"AUTH","resourceId":"1","metadata":{"email":"test_1785880920700@example.com","username":"testuser_1785880920700"},"timestamp":"2026-08-04T22:02:00.764Z"}
{"level":30,"time":1785880920834,"pid":37416,"hostname":"MacBookPro","type":"AUDIT","action":"USER_REGISTER","userId":1,"resource":"AUTH","resourceId":"1","metadata":{"email":"test_1785880920806@example.com","username":"testuser_1785880920806"},"timestamp":"2026-08-04T22:02:00.834Z"}
{"level":30,"time":1785880920854,"pid":37416,"hostname":"MacBookPro","type":"AUDIT","action":"LOGIN_FAILED_INVALID_PASSWORD","userId":1,"resource":"AUTH","resourceId":"1","metadata":{"email":"test_1785880920806@example.com","username":"testuser_1785880920806"},"timestamp":"2026-08-04T22:02:00.854Z"}
{"level":30,"time":1785880920903,"pid":37416,"hostname":"MacBookPro","type":"AUDIT","action":"LOGIN_FAILED_USER_NOT_FOUND","resource":"AUTH","resourceId":"unknown","metadata":{"email":"nonexistent@example.com"},"timestamp":"2026-08-04T22:02:00.903Z"}
{"level":30,"time":1785880920979,"pid":37416,"hostname":"MacBookPro","type":"AUDIT","action":"USER_REGISTER","userId":1,"resource":"AUTH","resourceId":"1","metadata":{"email":"test_1785880920948@example.com","username":"testuser_1785880920948"},"timestamp":"2026-08-04T22:02:00.979Z"}
{"level":30,"time":1785880921006,"pid":37416,"hostname":"MacBookPro","type":"AUDIT","action":"LOGIN_SUCCESS","userId":1,"resource":"AUTH","resourceId":"1","metadata":{"email":"test_1785880920948@example.com","username":"testuser_1785880920948"},"timestamp":"2026-08-04T22:02:01.006Z"}
{"level":30,"time":1785880921068,"pid":37416,"hostname":"MacBookPro","type":"AUDIT","action":"USER_REGISTER","userId":1,"resource":"AUTH","resourceId":"1","metadata":{"email":"test_1785880921040@example.com","username":"testuser_1785880921040"},"timestamp":"2026-08-04T22:02:01.068Z"}
{"level":30,"time":1785880921228,"pid":37416,"hostname":"MacBookPro","type":"AUDIT","action":"USER_REGISTER","userId":1,"resource":"AUTH","resourceId":"1","metadata":{"email":"test_1785880921200@example.com","username":"testuser_1785880921200"},"timestamp":"2026-08-04T22:02:01.228Z"}
{"level":30,"time":1785880921255,"pid":37416,"hostname":"MacBookPro","type":"AUDIT","action":"LOGIN_SUCCESS","userId":1,"resource":"AUTH","resourceId":"1","metadata":{"email":"test_1785880921200@example.com","username":"testuser_1785880921200"},"timestamp":"2026-08-04T22:02:01.255Z"}
{"level":30,"time":1785880921285,"pid":37416,"hostname":"MacBookPro","type":"AUDIT","action":"LOGIN_SUCCESS","userId":1,"resource":"AUTH","resourceId":"1","metadata":{"email":"test_1785880921200@example.com","username":"testuser_1785880921200"},"timestamp":"2026-08-04T22:02:01.285Z"}
{"level":30,"time":1785880921487,"pid":37416,"hostname":"MacBookPro","msg":"Audit system initialized"}
{"level":30,"time":1785880948771,"pid":37577,"hostname":"MacBookPro","msg":"Audit system initialized"}
{"level":30,"time":1785880949862,"pid":37577,"hostname":"MacBookPro","type":"AUDIT","action":"USER_REGISTER","userId":1,"resource":"AUTH","resourceId":"1","metadata":{"email":"test_1785880949782@example.com","username":"testuser_1785880949782"},"timestamp":"2026-08-04T22:02:29.862Z"}
{"level":30,"time":1785880949977,"pid":37577,"hostname":"MacBookPro","type":"AUDIT","action":"USER_REGISTER","userId":1,"resource":"AUTH","resourceId":"1","metadata":{"email":"test_1785880949950@example.com","username":"testuser_1785880949950"},"timestamp":"2026-08-04T22:02:29.977Z"}
{"level":30,"time":1785880950375,"pid":37577,"hostname":"MacBookPro","type":"AUDIT","action":"USER_REGISTER","userId":1,"resource":"AUTH","resourceId":"1","metadata":{"email":"test_1785880950349@example.com","username":"testuser_1785880950349"},"timestamp":"2026-08-04T22:02:30.375Z"}
{"level":30,"time":1785880950405,"pid":37577,"hostname":"MacBookPro","type":"AUDIT","action":"LOGIN_SUCCESS","userId":1,"resource":"AUTH","resourceId":"1","metadata":{"email":"test_1785880950349@example.com","username":"testuser_1785880950349"},"timestamp":"2026-08-04T22:02:30.405Z"}
{"level":30,"time":1785880950459,"pid":37577,"hostname":"MacBookPro","type":"AUDIT","action":"USER_REGISTER","userId":1,"resource":"AUTH","resourceId":"1","metadata":{"email":"test_1785880950434@example.com","username":"testuser_1785880950434"},"timestamp":"2026-08-04T22:02:30.459Z"}
{"level":30,"time":1785880950481,"pid":37577,"hostname":"MacBookPro","type":"AUDIT","action":"LOGIN_FAILED_INVALID_PASSWORD","userId":1,"resource":"AUTH","resourceId":"1","metadata":{"email":"test_1785880950434@example.com","username":"testuser_1785880950434"},"timestamp":"2026-08-04T22:02:30.481Z"}
{"level":30,"time":1785880950514,"pid":37577,"hostname":"MacBookPro","type":"AUDIT","action":"LOGIN_FAILED_USER_NOT_FOUND","resource":"AUTH","resourceId":"unknown","metadata":{"email":"nonexistent@example.com"},"timestamp":"2026-08-04T22:02:30.514Z"}
{"level":30,"time":1785880950572,"pid":37577,"hostname":"MacBookPro","type":"AUDIT","action":"USER_REGISTER","userId":1,"resource":"AUTH","resourceId":"1","metadata":{"email":"test_1785880950546@example.com","username":"testuser_1785880950546"},"timestamp":"2026-08-04T22:02:30.572Z"}
{"level":30,"time":1785880950598,"pid":37577,"hostname":"MacBookPro","type":"AUDIT","action":"LOGIN_SUCCESS","userId":1,"resource":"AUTH","resourceId":"1","metadata":{"email":"test_1785880950546@example.com","username":"testuser_1785880950546"},"timestamp":"2026-08-04T22:02:30.598Z"}
{"level":30,"time":1785880950657,"pid":37577,"hostname":"MacBookPro","type":"AUDIT","action":"USER_REGISTER","userId":1,"resource":"AUTH","resourceId":"1","metadata":{"email":"test_1785880950631@example.com","username":"testuser_1785880950631"},"timestamp":"2026-08-04T22:02:30.657Z"}
{"level":30,"time":1785880950812,"pid":37577,"hostname":"MacBookPro","type":"AUDIT","action":"USER_REGISTER","userId":1,"resource":"AUTH","resourceId":"1","metadata":{"email":"test_1785880950785@example.com","username":"testuser_1785880950785"},"timestamp":"2026-08-04T22:02:30.812Z"}
{"level":30,"time":1785880950838,"pid":37577,"hostname":"MacBookPro","type":"AUDIT","action":"LOGIN_SUCCESS","userId":1,"resource":"AUTH","resourceId":"1","metadata":{"email":"test_1785880950785@example.com","username":"testuser_1785880950785"},"timestamp":"2026-08-04T22:02:30.838Z"}
{"level":30,"time":1785880950869,"pid":37577,"hostname":"MacBookPro","type":"AUDIT","action":"LOGIN_SUCCESS","userId":1,"resource":"AUTH","resourceId":"1","metadata":{"email":"test_1785880950785@example.com","username":"testuser_1785880950785"},"timestamp":"2026-08-04T22:02:30.869Z"}
{"level":30,"time":1785880951065,"pid":37577,"hostname":"MacBookPro","msg":"Audit system initialized"}
{"level":30,"time":1785880952929,"pid":37577,"hostname":"MacBookPro","msg":"Audit system initialized"}
{"level":30,"time":1785880953225,"pid":37577,"hostname":"MacBookPro","type":"AUDIT","action":"USER_REGISTER","userId":1,"resource":"AUTH","resourceId":"1","metadata":{"email":"test_1785880953184@example.com","username":"testuser_1785880953184"},"timestamp":"2026-08-04T22:02:33.225Z"}
{"level":30,"time":1785880953259,"pid":37577,"hostname":"MacBookPro","type":"AUDIT","action":"LOGIN_SUCCESS","userId":1,"resource":"AUTH","resourceId":"1","metadata":{"email":"test_1785880953184@example.com","username":"testuser_1785880953184"},"timestamp":"2026-08-04T22:02:33.259Z"}
{"level":30,"time":1785880953276,"pid":37577,"hostname":"MacBookPro","type":"AUDIT","action":"PROJECT_CREATED","userId":1,"resource":"Project","resourceId":"1","metadata":{"name":"Website Redesign 1785880953260","description":"Revamp the marketing site by Q4 2026."},"timestamp":"2026-08-04T22:02:33.276Z"}
{"level":30,"time":1785880953339,"pid":37577,"hostname":"MacBookPro","type":"AUDIT","action":"USER_REGISTER","userId":1,"resource":"AUTH","resourceId":"1","metadata":{"email":"test_1785880953314@example.com","username":"testuser_1785880953314"},"timestamp":"2026-08-04T22:02:33.339Z"}
{"level":30,"time":1785880953364,"pid":37577,"hostname":"MacBookPro","type":"AUDIT","action":"LOGIN_SUCCESS","userId":1,"resource":"AUTH","resourceId":"1","metadata":{"email":"test_1785880953314@example.com","username":"testuser_1785880953314"},"timestamp":"2026-08-04T22:02:33.364Z"}
{"level":30,"time":1785880953373,"pid":37577,"hostname":"MacBookPro","type":"AUDIT","action":"PROJECT_CREATED","userId":1,"resource":"Project","resourceId":"1","metadata":{"name":"Website Redesign 1785880953365","description":"Revamp the marketing site by Q4 2026."},"timestamp":"2026-08-04T22:02:33.373Z"}
{"level":30,"time":1785880953459,"pid":37577,"hostname":"MacBookPro","type":"AUDIT","action":"USER_REGISTER","userId":1,"resource":"AUTH","resourceId":"1","metadata":{"email":"test_1785880953435@example.com","username":"testuser_1785880953435"},"timestamp":"2026-08-04T22:02:33.459Z"}
{"level":30,"time":1785880953485,"pid":37577,"hostname":"MacBookPro","type":"AUDIT","action":"LOGIN_SUCCESS","userId":1,"resource":"AUTH","resourceId":"1","metadata":{"email":"test_1785880953435@example.com","username":"testuser_1785880953435"},"timestamp":"2026-08-04T22:02:33.485Z"}
{"level":30,"time":1785880953555,"pid":37577,"hostname":"MacBookPro","type":"AUDIT","action":"USER_REGISTER","userId":1,"resource":"AUTH","resourceId":"1","metadata":{"email":"test_1785880953524@example.com","username":"testuser_1785880953524"},"timestamp":"2026-08-04T22:02:33.555Z"}
{"level":30,"time":1785880953581,"pid":37577,"hostname":"MacBookPro","type":"AUDIT","action":"LOGIN_SUCCESS","userId":1,"resource":"AUTH","resourceId":"1","metadata":{"email":"test_1785880953524@example.com","username":"testuser_1785880953524"},"timestamp":"2026-08-04T22:02:33.581Z"}
{"level":30,"time":1785880953750,"pid":37577,"hostname":"MacBookPro","type":"AUDIT","action":"USER_REGISTER","userId":1,"resource":"AUTH","resourceId":"1","metadata":{"email":"test_1785880953724@example.com","username":"testuser_1785880953724"},"timestamp":"2026-08-04T22:02:33.750Z"}
{"level":30,"time":1785880953776,"pid":37577,"hostname":"MacBookPro","type":"AUDIT","action":"LOGIN_SUCCESS","userId":1,"resource":"AUTH","resourceId":"1","metadata":{"email":"test_1785880953724@example.com","username":"testuser_1785880953724"},"timestamp":"2026-08-04T22:02:33.776Z"}
{"level":30,"time":1785880953836,"pid":37577,"hostname":"MacBookPro","type":"AUDIT","action":"USER_REGISTER","userId":1,"resource":"AUTH","resourceId":"1","metadata":{"email":"test_1785880953809@example.com","username":"testuser_1785880953809"},"timestamp":"2026-08-04T22:02:33.835Z"}
{"level":30,"time":1785880953862,"pid":37577,"hostname":"MacBookPro","type":"AUDIT","action":"LOGIN_SUCCESS","userId":1,"resource":"AUTH","resourceId":"1","metadata":{"email":"test_1785880953809@example.com","username":"testuser_1785880953809"},"timestamp":"2026-08-04T22:02:33.862Z"}
{"level":30,"time":1785880953872,"pid":37577,"hostname":"MacBookPro","type":"AUDIT","action":"PROJECT_CREATED","userId":1,"resource":"Project","resourceId":"1","metadata":{"name":"Padded Name 1785880953863","description":"Revamp the marketing site by Q4 2026."},"timestamp":"2026-08-04T22:02:33.872Z"}
{"level":30,"time":1785880953936,"pid":37577,"hostname":"MacBookPro","type":"AUDIT","action":"USER_REGISTER","userId":1,"resource":"AUTH","resourceId":"1","metadata":{"email":"test_1785880953908@example.com","username":"testuser_1785880953908"},"timestamp":"2026-08-04T22:02:33.936Z"}
{"level":30,"time":1785880953962,"pid":37577,"hostname":"MacBookPro","type":"AUDIT","action":"LOGIN_SUCCESS","userId":1,"resource":"AUTH","resourceId":"1","metadata":{"email":"test_1785880953908@example.com","username":"testuser_1785880953908"},"timestamp":"2026-08-04T22:02:33.962Z"}
{"level":30,"time":1785880954022,"pid":37577,"hostname":"MacBookPro","type":"AUDIT","action":"USER_REGISTER","userId":1,"resource":"AUTH","resourceId":"1","metadata":{"email":"test_1785880953996@example.com","username":"testuser_1785880953996"},"timestamp":"2026-08-04T22:02:34.022Z"}
{"level":30,"time":1785880954048,"pid":37577,"hostname":"MacBookPro","type":"AUDIT","action":"LOGIN_SUCCESS","userId":1,"resource":"AUTH","resourceId":"1","metadata":{"email":"test_1785880953996@example.com","username":"testuser_1785880953996"},"timestamp":"2026-08-04T22:02:34.048Z"}
{"level":30,"time":1785880954056,"pid":37577,"hostname":"MacBookPro","type":"AUDIT","action":"PROJECT_CREATED","userId":1,"resource":"Project","resourceId":"1","metadata":{"name":"Website Redesign 1785880954049","description":"Launch by March 15, 2027 - budget is $10,000!"},"timestamp":"2026-08-04T22:02:34.056Z"}
{"level":30,"time":1785880954108,"pid":37577,"hostname":"MacBookPro","type":"AUDIT","action":"USER_REGISTER","userId":1,"resource":"AUTH","resourceId":"1","metadata":{"email":"test_1785880954084@example.com","username":"testuser_1785880954084"},"timestamp":"2026-08-04T22:02:34.108Z"}
{"level":30,"time":1785880954134,"pid":37577,"hostname":"MacBookPro","type":"AUDIT","action":"LOGIN_SUCCESS","userId":1,"resource":"AUTH","resourceId":"1","metadata":{"email":"test_1785880954084@example.com","username":"testuser_1785880954084"},"timestamp":"2026-08-04T22:02:34.134Z"}
{"level":30,"time":1785880954191,"pid":37577,"hostname":"MacBookPro","type":"AUDIT","action":"USER_REGISTER","userId":1,"resource":"AUTH","resourceId":"1","metadata":{"email":"test_1785880954166@example.com","username":"testuser_1785880954166"},"timestamp":"2026-08-04T22:02:34.191Z"}
{"level":30,"time":1785880954217,"pid":37577,"hostname":"MacBookPro","type":"AUDIT","action":"LOGIN_SUCCESS","userId":1,"resource":"AUTH","resourceId":"1","metadata":{"email":"test_1785880954166@example.com","username":"testuser_1785880954166"},"timestamp":"2026-08-04T22:02:34.217Z"}
{"level":30,"time":1785880954273,"pid":37577,"hostname":"MacBookPro","type":"AUDIT","action":"USER_REGISTER","userId":1,"resource":"AUTH","resourceId":"1","metadata":{"email":"test_1785880954249@example.com","username":"testuser_1785880954249"},"timestamp":"2026-08-04T22:02:34.273Z"}
{"level":30,"time":1785880954300,"pid":37577,"hostname":"MacBookPro","type":"AUDIT","action":"LOGIN_SUCCESS","userId":1,"resource":"AUTH","resourceId":"1","metadata":{"email":"test_1785880954249@example.com","username":"testuser_1785880954249"},"timestamp":"2026-08-04T22:02:34.300Z"}
{"level":30,"time":1785880954353,"pid":37577,"hostname":"MacBookPro","type":"AUDIT","action":"USER_REGISTER","userId":1,"resource":"AUTH","resourceId":"1","metadata":{"email":"test_1785880954329@example.com","username":"testuser_1785880954329"},"timestamp":"2026-08-04T22:02:34.353Z"}
{"level":30,"time":1785880954377,"pid":37577,"hostname":"MacBookPro","type":"AUDIT","action":"LOGIN_SUCCESS","userId":1,"resource":"AUTH","resourceId":"1","metadata":{"email":"test_1785880954329@example.com","username":"testuser_1785880954329"},"timestamp":"2026-08-04T22:02:34.377Z"}
{"level":30,"time":1785880954386,"pid":37577,"hostname":"MacBookPro","type":"AUDIT","action":"PROJECT_CREATED","userId":1,"resource":"Project","resourceId":"1","metadata":{"name":"Website Redesign 1785880954377","description":"Revamp the marketing site by Q4 2026."},"timestamp":"2026-08-04T22:02:34.386Z"}
{"level":30,"time":1785880954445,"pid":37577,"hostname":"MacBookPro","type":"AUDIT","action":"USER_REGISTER","userId":1,"resource":"AUTH","resourceId":"1","metadata":{"email":"test_1785880954420@example.com","username":"testuser_1785880954420"},"timestamp":"2026-08-04T22:02:34.445Z"}
{"level":30,"time":1785880954575,"pid":37577,"hostname":"MacBookPro","type":"AUDIT","action":"LOGIN_SUCCESS","userId":1,"resource":"AUTH","resourceId":"1","metadata":{"email":"test_1785880954420@example.com","username":"testuser_1785880954420"},"timestamp":"2026-08-04T22:02:34.575Z"}
{"level":30,"time":1785880954614,"pid":37577,"hostname":"MacBookPro","type":"AUDIT","action":"USER_REGISTER","userId":2,"resource":"AUTH","resourceId":"2","metadata":{"email":"test_1785880954576@example.com","username":"testuser_1785880954576"},"timestamp":"2026-08-04T22:02:34.614Z"}
{"level":30,"time":1785880954644,"pid":37577,"hostname":"MacBookPro","type":"AUDIT","action":"LOGIN_SUCCESS","userId":2,"resource":"AUTH","resourceId":"2","metadata":{"email":"test_1785880954576@example.com","username":"testuser_1785880954576"},"timestamp":"2026-08-04T22:02:34.644Z"}
{"level":30,"time":1785880954659,"pid":37577,"hostname":"MacBookPro","type":"AUDIT","action":"PROJECT_CREATED","userId":1,"resource":"Project","resourceId":"1","metadata":{"name":"Website Redesign 1785880954647","description":"Revamp the marketing site by Q4 2026."},"timestamp":"2026-08-04T22:02:34.659Z"}
{"level":30,"time":1785880954673,"pid":37577,"hostname":"MacBookPro","type":"AUDIT","action":"PROJECT_CREATED","userId":2,"resource":"Project","resourceId":"2","metadata":{"name":"Website Redesign 1785880954647","description":"Revamp the marketing site by Q4 2026."},"timestamp":"2026-08-04T22:02:34.673Z"}
{"level":30,"time":1785880954770,"pid":37577,"hostname":"MacBookPro","type":"AUDIT","action":"USER_REGISTER","userId":1,"resource":"AUTH","resourceId":"1","metadata":{"email":"test_1785880954738@example.com","username":"testuser_1785880954738"},"timestamp":"2026-08-04T22:02:34.770Z"}
{"level":30,"time":1785880954803,"pid":37577,"hostname":"MacBookPro","type":"AUDIT","action":"LOGIN_SUCCESS","userId":1,"resource":"AUTH","resourceId":"1","metadata":{"email":"test_1785880954738@example.com","username":"testuser_1785880954738"},"timestamp":"2026-08-04T22:02:34.803Z"}
{"level":30,"time":1785880954883,"pid":37577,"hostname":"MacBookPro","type":"AUDIT","action":"USER_REGISTER","userId":1,"resource":"AUTH","resourceId":"1","metadata":{"email":"test_1785880954855@example.com","username":"testuser_1785880954855"},"timestamp":"2026-08-04T22:02:34.883Z"}
{"level":30,"time":1785880954908,"pid":37577,"hostname":"MacBookPro","type":"AUDIT","action":"LOGIN_SUCCESS","userId":1,"resource":"AUTH","resourceId":"1","metadata":{"email":"test_1785880954855@example.com","username":"testuser_1785880954855"},"timestamp":"2026-08-04T22:02:34.908Z"}
{"level":30,"time":1785880954976,"pid":37577,"hostname":"MacBookPro","type":"AUDIT","action":"USER_REGISTER","userId":1,"resource":"AUTH","resourceId":"1","metadata":{"email":"test_1785880954950@example.com","username":"testuser_1785880954950"},"timestamp":"2026-08-04T22:02:34.975Z"}
{"level":30,"time":1785880955002,"pid":37577,"hostname":"MacBookPro","type":"AUDIT","action":"LOGIN_SUCCESS","userId":1,"resource":"AUTH","resourceId":"1","metadata":{"email":"test_1785880954950@example.com","username":"testuser_1785880954950"},"timestamp":"2026-08-04T22:02:35.002Z"}
{"level":30,"time":1785880955058,"pid":37577,"hostname":"MacBookPro","type":"AUDIT","action":"USER_REGISTER","userId":1,"resource":"AUTH","resourceId":"1","metadata":{"email":"test_1785880955033@example.com","username":"testuser_1785880955033"},"timestamp":"2026-08-04T22:02:35.058Z"}
{"level":30,"time":1785880955083,"pid":37577,"hostname":"MacBookPro","type":"AUDIT","action":"LOGIN_SUCCESS","userId":1,"resource":"AUTH","resourceId":"1","metadata":{"email":"test_1785880955033@example.com","username":"testuser_1785880955033"},"timestamp":"2026-08-04T22:02:35.083Z"}
{"level":30,"time":1785880955143,"pid":37577,"hostname":"MacBookPro","type":"AUDIT","action":"USER_REGISTER","userId":1,"resource":"AUTH","resourceId":"1","metadata":{"email":"test_1785880955119@example.com","username":"testuser_1785880955119"},"timestamp":"2026-08-04T22:02:35.143Z"}
{"level":30,"time":1785880955169,"pid":37577,"hostname":"MacBookPro","type":"AUDIT","action":"LOGIN_SUCCESS","userId":1,"resource":"AUTH","resourceId":"1","metadata":{"email":"test_1785880955119@example.com","username":"testuser_1785880955119"},"timestamp":"2026-08-04T22:02:35.169Z"}
{"level":30,"time":1785880955232,"pid":37577,"hostname":"MacBookPro","type":"AUDIT","action":"USER_REGISTER","userId":1,"resource":"AUTH","resourceId":"1","metadata":{"email":"test_1785880955206@example.com","username":"testuser_1785880955206"},"timestamp":"2026-08-04T22:02:35.232Z"}
{"level":30,"time":1785880955256,"pid":37577,"hostname":"MacBookPro","type":"AUDIT","action":"LOGIN_SUCCESS","userId":1,"resource":"AUTH","resourceId":"1","metadata":{"email":"test_1785880955206@example.com","username":"testuser_1785880955206"},"timestamp":"2026-08-04T22:02:35.256Z"}
{"level":30,"time":1785880955310,"pid":37577,"hostname":"MacBookPro","type":"AUDIT","action":"USER_REGISTER","userId":1,"resource":"AUTH","resourceId":"1","metadata":{"email":"test_1785880955284@example.com","username":"testuser_1785880955284"},"timestamp":"2026-08-04T22:02:35.310Z"}
{"level":30,"time":1785880955335,"pid":37577,"hostname":"MacBookPro","type":"AUDIT","action":"LOGIN_SUCCESS","userId":1,"resource":"AUTH","resourceId":"1","metadata":{"email":"test_1785880955284@example.com","username":"testuser_1785880955284"},"timestamp":"2026-08-04T22:02:35.335Z"}
{"level":30,"time":1785880955388,"pid":37577,"hostname":"MacBookPro","type":"AUDIT","action":"USER_REGISTER","userId":1,"resource":"AUTH","resourceId":"1","metadata":{"email":"test_1785880955364@example.com","username":"testuser_1785880955364"},"timestamp":"2026-08-04T22:02:35.388Z"}
{"level":30,"time":1785880955412,"pid":37577,"hostname":"MacBookPro","type":"AUDIT","action":"LOGIN_SUCCESS","userId":1,"resource":"AUTH","resourceId":"1","metadata":{"email":"test_1785880955364@example.com","username":"testuser_1785880955364"},"timestamp":"2026-08-04T22:02:35.412Z"}
